Orthogroup	A_arenosa	A_thaliana
OG0000004	jg33138, jg30060, jg20837	AT2G17905.1
OG0000008	jg1275, jg1269, jg1270, jg1272, jg1279, jg1271, jg1274, jg1277, jg1280, jg1273, jg1276, jg1278	AT3G44115.1, AT1G57775.1, AT1G57777.1, AT1G45215.1, AT1G45221.1, AT1G45223.1, AT1G57760.1, AT4G07515.1, AT4G08025.1, AT5G34908.1
OG0000008	jg20984, jg20981, jg20985, jg20982, jg20983, jg20980, jg20976, jg20975, jg20978, jg20979, jg20977, jg20974, jg20973	AT5G42955.1, AT5G42957.1, AT3G30385.1, AT3G30387.1, AT3G30383.1, AT5G34882.1, AT5G42567.1, AT5G34883.1, AT5G34885.1, AT5G34887.1, AT5G34881.1, AT5G34905.1
OG0000011	jg32393, jg11989, jg32560, jg4400, jg26774	AT1G52950.1
OG0000012	jg32334	AT3G27495.1
OG0000014	jg33383	AT1G18050.1, AT3G30370.1
OG0000018	jg17939	AT5G11565.1
OG0000021	jg7377	AT2G07190.1, AT2G07200.1
OG0000022	jg13955, jg7030, jg13870, jg13956	AT5G27606.1
OG0000030	jg18920, jg15311	AT2G37620.1, AT3G53750.1
OG0000030	jg14433	AT5G59370.1, AT3G46520.1
OG0000030	jg26012, jg33022	AT3G18780.2, AT1G49240.1
OG0000030	jg4799	AT5G09810.1
OG0000030	jg19509	AT2G42100.1
OG0000030	jg25167	AT3G12110.1
OG0000032	jg2233	AT1G67130.1
OG0000032	jg32093	AT1G31080.1
OG0000032	jg31714	AT1G31090.1
OG0000032	jg31669	AT1G30920.1
OG0000032	jg31705, jg31715	AT5G42430.1
OG0000032	jg31674, jg31676, jg31678, jg31679, jg31677	AT1G30930.1
OG0000033	jg642	AT1G62680.1
OG0000033	jg645, jg586, jg583, jg572	AT1G63130.1
OG0000033	jg663	AT1G62590.1, AT1G63400.1
OG0000033	jg538, jg481	AT1G63150.1, AT1G62910.1
OG0000033	jg580, jg611, jg588, jg582	AT1G63070.1
OG0000033	jg612	AT1G62930.1
OG0000033	jg610, jg644	AT1G63080.1
OG0000033	jg643, jg617, jg616	AT1G62914.1
OG0000033	jg618, jg613	AT1G62670.1
OG0000033	jg638	AT1G62720.1
OG0000033	jg584	AT1G06580.1, AT1G64580.1
OG0000034	jg27080	AT5G52547.1, AT4G08270.1
OG0000034	jg6738, jg8938, jg16352, jg14895, jg31555	AT3G47680.1
OG0000035	jg17972	AT2G29550.1
OG0000035	jg5068	AT5G12250.1
OG0000035	jg20749	AT5G44340.1
OG0000035	jg10485	AT4G20890.1
OG0000035	jg3235	AT1G75780.1
OG0000035	jg30528	AT1G20010.1
OG0000035	jg6235	AT5G23860.1
OG0000035	jg23223	AT5G62700.1, AT5G62690.1
OG0000036	jg2038, jg2030, jg2028, jg2031	AT1G65990.1
OG0000036	jg7426	AT4G10740.1
OG0000036	jg26470	AT3G22421.1
OG0000036	jg26523	AT3G22870.1
OG0000036	jg19043	AT2G38590.1
OG0000036	jg12773	AT5G41490.1
OG0000036	jg26631, jg26630, jg26627	AT3G25090.1, AT3G23685.1
OG0000036	jg26628	AT3G23680.1
OG0000036	jg24305	AT3G04250.1
OG0000038	jg4927	AT5G10980.1, AT4G40040.1, AT4G40030.2
OG0000038	jg27126	AT1G75600.1
OG0000038	jg3220, jg3219, jg7203	AT1G13370.1
OG0000038	jg4870	AT5G10400.1, AT1G09200.1
OG0000038	jg29279	AT3G27360.1
OG0000039	jg22259	AT5G54550.1, AT5G54560.1
OG0000039	jg22006	AT5G52930.1
OG0000039	jg22007	AT5G52940.1
OG0000039	jg22250, jg22247	AT5G54450.1
OG0000039	jg22446, jg22952	AT5G53230.1, AT5G53240.1
OG0000039	jg22427, jg22428	AT5G55890.1, AT5G55880.1
OG0000039	jg22237	AT5G54320.1
OG0000039	jg22236	AT5G54330.1
OG0000045	jg21260	AT1G07820.1, AT3G53730.1, AT5G59690.1
OG0000045	jg14371	AT2G28740.1
OG0000049	jg24236	AT3G03830.1
OG0000049	jg5639	AT5G18010.1
OG0000049	jg5643	AT5G18050.1
OG0000049	jg5640	AT5G18030.1
OG0000050	jg743	AT1G61990.1
OG0000050	jg745	AT1G61980.1
OG0000050	jg746	AT1G61970.1
OG0000050	jg726	AT1G62110.1, AT1G62085.1
OG0000050	jg721	AT1G62150.1
OG0000050	jg748	AT1G61960.1
OG0000050	jg749	AT1G62120.1
OG0000051	jg11869, jg27710	AT1G35375.1
OG0000052	jg32317, jg27114, jg11622, jg11472	AT5G34581.1
OG0000052	jg13887, jg17188, jg6904, jg8263, jg11759, jg32361	AT4G04265.1, AT2G06425.1
OG0000055	jg31202	AT1G24800.1, AT1G25150.1, AT1G25211.1, AT1G24881.1, AT1G25055.1
OG0000055	jg10900	AT3G14030.1
OG0000055	jg11085, jg11084, jg11086	AT4G17200.1
OG0000055	jg738	AT3G13680.1
OG0000056	jg27127	AT1G34440.1, AT3G27590.1, AT4G05095.1
OG0000057	jg18115	AT2G30670.1
OG0000057	jg17935, jg17934	AT2G29330.1
OG0000057	jg17933	AT2G29300.2, AT2G29320.1
OG0000057	jg17932	AT2G29310.1
OG0000059	jg12066	AT5G36910.1
OG0000061	jg492	AT1G63740.2
OG0000061	jg11338	AT4G14370.2
OG0000061	jg27782	AT2G16870.1
OG0000061	jg777	AT1G64070.1
OG0000061	jg476	AT1G63870.1
OG0000061	jg1373	AT5G35510.2
OG0000061	jg475	AT1G63880.1
OG0000062	jg17518	AT3G29763.1
OG0000062	jg7132, jg7106, jg7127	AT3G29765.1
OG0000062	jg14356	AT1G42710.1
OG0000062	jg26653, jg14013	AT4G09660.1, AT1G19260.1
OG0000063	jg12337	AT5G38260.1
OG0000063	jg2195	AT1G66930.2
OG0000063	jg2209, jg2212	AT1G67000.1
OG0000063	jg2189	AT1G66910.1
OG0000066	jg33436, jg33435	AT1G52450.1, AT1G52430.1
OG0000066	jg23140	AT5G61940.2
OG0000066	jg23141	AT5G61950.1
OG0000066	jg17687	AT2G27650.1
OG0000066	jg17685, jg17683	AT2G27630.1
OG0000066	jg21823	AT5G51530.1
OG0000066	jg1847	AT1G65200.1
OG0000066	jg1820	AT1G65120.2
OG0000066	jg1819	AT1G65110.2
OG0000066	jg1822, jg1715, jg1705	AT1G65130.1
OG0000067	jg16900, jg16897, jg16899	AT2G24250.1
OG0000067	jg16997, jg17390, jg1743	AT1G64840.1
OG0000069	jg7079, jg6091, jg1752	AT5G22690.2
OG0000069	jg20418	AT5G46500.1
OG0000069	jg20443	AT5G46260.1
OG0000069	jg20442	AT5G46270.4
OG0000069	jg20423, jg13687	AT5G46450.1
OG0000069	jg20420	AT5G46470.1
OG0000069	jg12610	AT5G40060.1
OG0000071	jg19552	AT2G42455.1
OG0000071	jg19555	AT2G42460.1
OG0000071	jg497, jg24823, jg19558	AT2G42470.1
OG0000073	jg5289	AT5G14670.1
OG0000073	jg20125	AT3G62290.1
OG0000075	jg12354	AT5G38350.1
OG0000075	jg12353	AT5G38340.1
OG0000075	jg2013	AT1G65850.2
OG0000075	jg4953	AT5G11250.2
OG0000076	jg17603	AT5G40595.1
OG0000078	jg12109	AT3G31430.1
OG0000078	jg25787, jg20957, jg13720, jg16912, jg12160, jg21612, jg6475, jg20956	AT3G42140.1
OG0000080	jg12792	AT5G41690.1
OG0000080	jg12682	AT3G10845.1
OG0000080	jg14696, jg15293	AT3G48835.1
OG0000080	jg12743	AT3G48840.1
OG0000081	jg26163	AT3G20090.2
OG0000081	jg26159	AT3G20080.1
OG0000081	jg26263	AT3G20950.1, AT3G20940.1
OG0000081	jg17559	AT2G27010.1, AT2G27000.1
OG0000081	jg26161	AT3G20140.1
OG0000081	jg26157	AT4G15330.1
OG0000082	jg17305, jg27206	AT3G29638.1
OG0000082	jg27209, jg1403	AT2G19960.3
OG0000082	jg17368	AT2G06500.1
OG0000082	jg17369	AT4G10200.1
OG0000083	jg14562	AT5G39390.1
OG0000083	jg14507	AT3G47580.1
OG0000083	jg14558	AT3G47570.1
OG0000084	jg19387, jg15648, jg15712	AT3G56800.1
OG0000084	jg2098, jg12245	AT2G41090.1
OG0000084	jg17567	AT2G27030.3
OG0000084	jg5984	AT5G21274.1
OG0000087	jg16741	AT2G23000.1
OG0000087	jg16740	AT2G22990.3
OG0000087	jg16743	AT2G23010.1
OG0000087	jg16738	AT2G22920.2
OG0000087	jg24982	AT3G10450.1
OG0000087	jg2970	AT1G73270.1
OG0000087	jg2971	AT5G36180.1, AT1G73300.1, AT1G73310.1, AT1G73280.1, AT1G73290.1
OG0000088	jg13946, jg1955	AT1G43722.1
OG0000088	jg1518, jg14119	AT5G28730.1
OG0000088	jg27203, jg32263, jg31869, jg32810	AT3G30525.1
OG0000089	jg6813, jg6561	AT1G14800.1
OG0000090	jg5696, jg5697	AT5G18510.1
OG0000090	jg33214	AT1G48145.1, AT1G50745.1, AT1G50770.1
OG0000090	jg33216	AT1G50820.2, AT1G50790.1
OG0000090	jg33213	AT1G50750.1
OG0000090	jg11063	AT4G16050.1
OG0000090	jg33312	AT1G51538.1
OG0000090	jg33217, jg33218	AT1G50830.1
OG0000093	jg25048	AT3G10990.1
OG0000093	jg23606	AT5G65850.1
OG0000094	jg13696, jg13695, jg13697	AT4G01380.1
OG0000094	jg7196, jg7197, jg7195, jg7198	AT1G45063.1
OG0000095	jg26924, jg26840, jg26930, jg26928, jg26931, jg26836, jg26839, jg26834	AT3G24900.2, AT3G25010.2, AT3G24982.1, AT3G25020.1
OG0000095	jg17113	AT2G25440.1
OG0000095	jg18428, jg18393	AT2G33020.1
OG0000095	jg26837, jg27121	AT2G33080.1
OG0000095	jg18343, jg18344	AT2G32680.1
OG0000096	jg28078	AT2G18960.1
OG0000096	jg22635	AT5G57350.1
OG0000096	jg16942	AT2G24520.2
OG0000096	jg13954	AT3G42640.1
OG0000096	jg27288	AT2G07560.1
OG0000096	jg9392	AT4G30190.2
OG0000097	jg1353	AT1G58400.2
OG0000097	jg1150, jg1143	AT1G58410.1
OG0000097	jg1148	AT1G58390.1
OG0000098	jg25056, jg25050	AT3G28890.1
OG0000098	jg24479	AT3G05650.1
OG0000098	jg24480	AT3G05660.1
OG0000098	jg27540	AT2G15042.1
OG0000099	jg18001	AT2G29780.1
OG0000099	jg17999, jg17979	AT2G29770.1
OG0000099	jg17980	AT2G29600.1
OG0000099	jg18002, jg17981	AT2G29800.1
OG0000099	jg17978	AT2G29860.1
OG0000100	jg29678, jg29676, jg29722, jg29734	AT1G12300.1, AT1G12775.1
OG0000100	jg29708, jg29704, jg29712	AT1G12620.1
OG0000100	jg29724	AT1G12700.2
OG0000100	jg29675	AT1G12615.1
OG0000100	jg372	AT1G64583.1
OG0000100	jg26478	AT3G22470.1
OG0000101	jg26776, jg302, jg5265, jg31440, jg25892, jg12998, jg6463, jg14036	AT3G30165.1
OG0000101	jg24928	AT1G48285.1, AT2G37125.1
OG0000102	jg21234, jg27375, jg17530, jg27321, jg11832, jg32723, jg6743, jg13256, jg13775, jg6831, jg6828, jg20743, jg13481, jg27966, jg1171, jg23909, jg28024, jg28203, jg15708, jg2814, jg21590, jg1595, jg11115, jg27097, jg17343, jg13286, jg32016, jg15510, jg485, jg17019, jg1369, jg11681, jg13718, jg20940, jg32688, jg11952, jg22168, jg27260, jg801, jg19403, jg8022, jg32461, jg3826, jg6152, jg10244, jg7890, jg4561, jg11631, jg8151, jg27875, jg13765, jg33786, jg31751, jg10348, jg21222, jg1681, jg27060, jg1888, jg27329, jg1969, jg27324, jg27316, jg32467, jg20740, jg1609, jg11985, jg12892, jg21318, jg32440, jg12088, jg13917, jg13921, jg11887, jg32289, jg1603, jg7146, jg32254, jg17776, jg32247, jg32368, jg7043, jg27386, jg12080, jg27333, jg32384, jg11751, jg6898, jg14072, jg21073, jg1619, jg1444, jg27232, jg11637	AT3G32160.1
OG0000104	jg21770	AT5G51105.1
OG0000104	jg23041, jg27950	AT5G42895.1, AT4G09545.1
OG0000104	jg23040	AT5G36739.1, AT5G36662.1
OG0000105	jg2771	AT1G71390.2
OG0000105	jg24440	AT3G05370.1
OG0000107	jg30929	AT1G23580.1
OG0000107	jg30930	AT1G23600.1, AT1G23590.1
OG0000107	jg30924, jg30923	AT1G23520.1
OG0000107	jg30936	AT1G23670.2
OG0000107	jg30938	AT1G23690.1
OG0000107	jg30935	AT1G23645.1
OG0000109	jg22050	AT5G53300.1
OG0000109	jg12793	AT5G41700.4
OG0000109	jg22463	AT5G56150.1
OG0000109	jg24782	AT3G08690.1
OG0000110	jg27019, jg27031, jg27014, jg27015, jg27013	AT2G04920.1
OG0000110	jg7315	AT3G17500.1
OG0000110	jg26463	AT3G22350.1
OG0000110	jg26501	AT3G22720.1, AT3G22710.1
OG0000110	jg26509	AT3G22730.1
OG0000112	jg1779	AT2G16676.1, AT4G02000.1, AT2G13450.1, AT3G47920.1
OG0000112	jg1784	AT2G41590.1, AT2G02103.1, AT5G18636.1, AT5G25200.1, AT3G57587.1, AT2G13510.1, AT2G13500.1, AT2G17920.1
OG0000112	jg2765, jg17722	AT5G51195.1
OG0000112	jg11839	AT4G04730.1, AT2G31590.1
OG0000112	jg27527	AT1G43680.1, AT5G36228.1
OG0000115	jg902	AT1G60320.1
OG0000115	jg1249	AT1G57830.1
OG0000115	jg29337	AT1G09665.1
OG0000115	jg1247	AT1G57850.1
OG0000115	jg13128	AT2G03300.1, AT2G03030.1
OG0000116	jg27041, jg26722	AT3G23955.2
OG0000116	jg22109, jg22108, jg22093	AT5G53635.1
OG0000116	jg1528	AT5G53637.1
OG0000116	jg22099, jg22100, jg22098, jg22085, jg22087, jg22094, jg22123, jg22124	AT5G53640.1
OG0000118	jg4758	AT5G42965.1, AT5G38920.1
OG0000118	jg28282, jg27759, jg13668	AT4G29090.1
OG0000118	jg11859	AT2G34320.1
OG0000119	jg12711	AT5G40910.1
OG0000119	jg12800, jg12812, jg12806, jg12809, jg12803, jg12817, jg17734, jg12816, jg12804, jg12810	AT5G41740.2, AT5G41750.1
OG0000120	jg14330, jg13977, jg14002, jg14327, jg14326	AT3G45555.1
OG0000120	jg14325	AT3G45540.1
OG0000120	jg17260	AT2G26135.1
OG0000120	jg17259, jg17257	AT2G26130.1
OG0000120	jg14055	AT3G43750.1
OG0000122	jg11540	AT4G13290.1
OG0000122	jg11537	AT4G13310.1
OG0000122	jg10545	AT4G20235.1
OG0000122	jg6369, jg6371	AT5G24950.1
OG0000122	jg18123	AT1G11610.2, AT2G30750.1
OG0000122	jg18125	AT2G30770.1
OG0000123	jg11136	AT4G15700.1
OG0000123	jg11135	AT4G15680.1
OG0000126	jg31478, jg31472	AT1G29450.1
OG0000126	jg31469	AT1G29420.2
OG0000126	jg31473	AT1G29460.2
OG0000126	jg31470	AT1G29440.1, AT5G27780.1, AT1G29430.1
OG0000127	jg17558	AT2G07760.1
OG0000128	jg30666	AT1G21240.1
OG0000128	jg30665	AT1G21230.1
OG0000128	jg30668	AT1G21250.1
OG0000128	jg30663	AT1G21270.1
OG0000128	jg30833	AT1G21210.1
OG0000129	jg647	AT3G51210.1
OG0000129	jg9826	AT4G26280.1
OG0000131	jg29706	AT2G01050.1
OG0000132	jg32770	AT1G47390.1
OG0000132	jg25725	AT3G16580.1
OG0000132	jg27499	AT2G14710.1
OG0000132	jg31896	AT1G32430.1
OG0000133	jg33280, jg22121	AT1G51370.1
OG0000136	jg6883, jg11614, jg1479, jg21044, jg11780, jg32221, jg1901, jg32222, jg14690	AT2G06420.1
OG0000137	jg26289, jg14328, jg14329	AT3G21120.1
OG0000137	jg7365	AT4G10190.1
OG0000138	jg10186	AT4G23230.1
OG0000138	jg10206	AT4G23150.1
OG0000138	jg10207	AT4G23140.2
OG0000138	jg10193, jg10203, jg10197	AT4G23180.1
OG0000139	jg814	AT1G61500.3
OG0000139	jg820	AT1G61430.1
OG0000139	jg826	AT1G61400.2, AT1G61440.2
OG0000139	jg816	AT1G61480.1
OG0000139	jg806	AT1G61550.1
OG0000139	jg818	AT1G61460.1
OG0000139	jg821	AT1G61420.2
OG0000141	jg13147	AT2G03460.1
OG0000141	jg24918, jg24919, jg25139	AT3G08810.1
OG0000141	jg22013	AT5G51250.1
OG0000141	jg12409	AT5G38680.1
OG0000141	jg12408	AT5G38670.1
OG0000142	jg31643	AT1G30790.1
OG0000143	jg14104, jg9592, jg33081	AT1G77815.1, AT1G27870.1
OG0000143	jg11327	AT1G50160.1
OG0000143	jg12111, jg32651, jg20179, jg17565	AT1G47497.1, AT2G46460.1
OG0000143	jg20993, jg25905	AT2G11205.1
OG0000143	jg27275	AT5G43755.1
OG0000143	jg33171, jg25904, jg11471	AT5G44470.1, AT3G23320.1, AT1G52990.1, AT5G65005.1, AT5G52115.1
OG0000146	jg7999	AT4G01910.1, AT4G01740.1, AT4G01930.1, AT4G01920.1, AT4G11390.2
OG0000146	jg8001	AT4G02180.1
OG0000146	jg8000	AT4G02190.1
OG0000146	jg7536, jg7534	AT4G11550.1
OG0000146	jg7249	AT4G11540.1, AT4G01925.1
OG0000148	jg21089	AT4G03740.1
OG0000152	jg3222	AT1G75630.2
OG0000152	jg30517	AT1G19910.1
OG0000152	jg27707, jg8360, jg8879	AT4G38920.1
OG0000153	jg4036	AT5G03020.1, AT5G03010.1
OG0000153	jg19739	AT2G45406.1, AT2G44030.1
OG0000153	jg7053	AT5G02990.1
OG0000153	jg4031	AT5G02980.1
OG0000153	jg4035	AT3G46050.1
OG0000153	jg4033	AT5G03000.1
OG0000154	jg967, jg812	AT1G75830.1
OG0000154	jg20723	AT2G26010.1, AT5G44430.1, AT2G26020.1, AT5G44420.1
OG0000156	jg21685	AT5G50270.1
OG0000156	jg22488	AT5G56325.1
OG0000156	jg31888	AT1G32375.1
OG0000158	jg28796	AT1G04750.1
OG0000158	jg18397	AT2G33110.1
OG0000158	jg28797	AT1G04760.1
OG0000158	jg18340	AT2G32670.1
OG0000159	jg4069	AT3G26240.1, AT3G26250.1
OG0000159	jg2102	AT1G66450.2
OG0000159	jg2101	AT1G66440.1
OG0000159	jg31434	AT1G29180.1
OG0000159	jg732	AT1G62030.1
OG0000159	jg14255	AT5G03355.1
OG0000159	jg17810	AT2G28460.1
OG0000159	jg21365	AT4G15070.1, AT5G48320.1
OG0000159	jg4073, jg4068	AT5G37210.1
OG0000159	jg4071	AT5G03360.1, AT4G26380.1
OG0000159	jg7405	AT4G10560.1
OG0000160	jg1971	AT3G42870.1
OG0000160	jg1972	AT5G36080.1
OG0000161	jg17561	AT5G18880.1
OG0000162	jg6123	AT5G22880.1
OG0000162	jg21256, jg29136	AT2G28720.1
OG0000162	jg14378	AT3G45980.1
OG0000162	jg22931	AT5G59910.1
OG0000162	jg14383	AT3G46030.1
OG0000163	jg18545	AT2G34430.1
OG0000163	jg31533, jg31532	AT1G29920.1, AT1G29910.1, AT1G29930.1
OG0000163	jg18544	AT2G34420.1
OG0000165	jg26396	AT3G21910.1
OG0000165	jg26395	AT3G21900.2
OG0000165	jg13712	AT3G29050.2
OG0000165	jg26398, jg26399	AT3G21930.1, AT3G21920.2
OG0000166	jg5787	AT5G19270.1
OG0000169	jg32948	AT1G48660.2
OG0000169	jg32947, jg32949	AT1G48670.1
OG0000171	jg21432, jg11645	AT5G48670.1
OG0000171	jg6565	AT5G26630.1
OG0000172	jg27200, jg6559	AT5G31412.1
OG0000172	jg11991	AT1G43260.1
OG0000173	jg13305	AT3G26200.1
OG0000173	jg13304	AT3G26190.1
OG0000173	jg15261	AT3G53290.1
OG0000173	jg15262	AT3G53305.1
OG0000173	jg15260	AT3G53280.1
OG0000173	jg14140	AT3G44250.1
OG0000174	jg10624	AT4G19570.1
OG0000174	jg10621, jg10622	AT4G19580.1
OG0000174	jg23232	AT5G62780.1
OG0000174	jg12242	AT5G37750.1, AT5G37440.1
OG0000174	jg12243	AT5G37760.1
OG0000177	jg5838	AT5G19770.1
OG0000177	jg5839	AT5G19780.1
OG0000177	jg1712	AT1G64740.1
OG0000177	jg33127, jg33133	AT1G04820.1, AT1G50010.1
OG0000178	jg14453	AT3G46680.1
OG0000178	jg14457	AT3G46720.1
OG0000180	jg18827	AT2G36880.1
OG0000180	jg25844	AT3G17390.1
OG0000180	jg8055, jg28558	AT1G02500.1
OG0000181	jg31117	AT1G26420.1
OG0000181	jg31119	AT1G26400.1
OG0000181	jg31122	AT1G26380.1
OG0000181	jg31118	AT1G26410.1
OG0000181	jg10496, jg10495	AT4G20800.1
OG0000181	jg31120	AT1G26390.1
OG0000182	jg25213	AT3G12580.1
OG0000182	jg24871	AT3G09440.1
OG0000182	jg3984	AT5G02490.1
OG0000182	jg1415	AT1G56410.1
OG0000182	jg3985	AT5G02500.1
OG0000183	jg27435	AT1G25141.1
OG0000183	jg26888	AT3G25460.1
OG0000183	jg6740, jg25958	AT4G09870.1
OG0000183	jg14860	AT3G49980.2
OG0000188	jg1676	AT3G43150.1, AT4G07740.1, AT4G06583.2, AT3G30220.1
OG0000191	jg26019	AT3G17620.1
OG0000191	jg28057, jg28058	AT2G18780.1
OG0000191	jg25759, jg25744	AT3G16740.1
OG0000192	jg26420	AT3G22050.1
OG0000192	jg26418, jg26416, jg26419	AT3G22053.1, AT3G22030.1
OG0000193	jg13315	AT3G26290.2
OG0000193	jg13318	AT3G26300.1
OG0000193	jg13319	AT3G26310.1
OG0000193	jg13320	AT3G26330.1
OG0000193	jg13321	AT2G02580.1
OG0000194	jg7787	AT4G05230.1
OG0000194	jg7788	AT4G05240.1
OG0000194	jg7885, jg7884	AT4G03370.1, AT4G02950.1, AT4G03360.1
OG0000194	jg7892, jg7931, jg7886	AT4G02970.1, AT4G03350.1
OG0000196	jg10163	AT4G23400.1
OG0000196	jg28458	AT1G01620.1
OG0000196	jg8201	AT4G00430.1
OG0000196	jg28483, jg16199	AT3G61430.1
OG0000197	jg20849	AT1G33850.1
OG0000197	jg4766	AT5G09500.1
OG0000197	jg4765	AT5G09490.1
OG0000197	jg4767	AT5G09510.1
OG0000197	jg28744	AT1G04270.1
OG0000198	jg1233, jg1313, jg1242	AT1G57860.1, AT1G57660.1
OG0000198	jg29325, jg29339	AT1G09590.1, AT1G09690.1
OG0000199	jg581	AT1G63320.1
OG0000200	jg15169	AT3G52510.1
OG0000200	jg15141	AT3G52320.1
OG0000200	jg15143	AT3G52330.1
OG0000201	jg26720	AT3G23950.1, AT3G23970.1
OG0000202	jg11406	AT4G13960.1
OG0000202	jg12366, jg12367	AT1G52650.1
OG0000202	jg12362, jg12370, jg12363, jg12361	AT5G38386.1, AT5G38390.1
OG0000202	jg15934	AT3G59000.1
OG0000202	jg15928, jg15911	AT3G58820.1
OG0000203	jg10192	AT4G23190.1
OG0000203	jg10205	AT4G23220.1
OG0000204	jg23546	AT4G11250.1, AT5G65330.1
OG0000204	jg12611, jg12549	AT5G40070.1
OG0000204	jg12556	AT5G37415.1, AT5G39810.1, AT5G39750.1, AT5G38740.1, AT5G41200.1, AT5G40220.1, AT5G40120.1
OG0000205	jg20890, jg20895, jg20894, jg20892, jg20896, jg20889, jg20897	AT5G43360.1
OG0000209	jg22696, jg14729, jg14731, jg14730	AT3G49020.1
OG0000209	jg14762	AT2G04230.1
OG0000209	jg14732	AT3G49030.1
OG0000209	jg14739, jg14734	AT3G49040.1
OG0000210	jg7810	AT4G05460.1
OG0000210	jg7817	AT4G05497.1
OG0000210	jg11552	AT5G52480.1
OG0000211	jg1426	AT1G56330.1
OG0000211	jg28568	AT1G02620.1
OG0000211	jg8018	AT4G02080.1
OG0000211	jg16322	AT3G62560.1
OG0000211	jg29276	AT1G09180.1
OG0000212	jg10319	AT4G22170.1
OG0000212	jg10273, jg10266	AT4G22660.1
OG0000212	jg10321, jg10322, jg10320	AT4G22165.1
OG0000212	jg10315	AT4G22180.1
OG0000215	jg29153	AT1G07940.1, AT1G07920.1
OG0000215	jg29154	AT1G07930.1
OG0000216	jg2076, jg12504	AT1G66290.1
OG0000216	jg2082, jg17554, jg2084	AT1G66320.1, AT1G66640.1
OG0000216	jg1979, jg2083	AT1G66310.1
OG0000216	jg2081	AT1G66300.1
OG0000216	jg3554	AT1G78730.1
OG0000216	jg3556	AT1G78760.1
OG0000216	jg3555	AT1G78750.1
OG0000216	jg2551	AT1G69630.1
OG0000223	jg28872	AT3G03360.1
OG0000223	jg33080	AT1G49610.1
OG0000224	jg21423	AT5G35450.1
OG0000224	jg21418, jg21420, jg21413	AT5G43470.1, AT5G48620.1
OG0000224	jg26956, jg26959	AT4G16095.1
OG0000224	jg33545	AT1G53350.1
OG0000224	jg29502	AT1G10920.1
OG0000226	jg2752	AT1G70960.1, AT1G70380.1
OG0000227	jg26323	AT3G21340.1
OG0000227	jg33349	AT1G51810.1
OG0000227	jg33347	AT1G51805.1
OG0000227	jg33355	AT1G51850.2
OG0000227	jg33352	AT1G51820.1
OG0000230	jg30802	AT1G22400.1
OG0000230	jg30800	AT1G22370.2
OG0000230	jg30796	AT1G22340.1
OG0000230	jg30801	AT1G22380.1
OG0000231	jg31780	AT1G31550.2
OG0000231	jg31388	AT1G28600.1
OG0000231	jg17641	AT2G27360.1
OG0000231	jg31386	AT1G28580.1
OG0000231	jg31387	AT1G28590.1
OG0000232	jg2555	AT1G69650.1
OG0000232	jg2556	AT1G69660.1
OG0000233	jg18747	AT2G36160.1
OG0000233	jg25103	AT3G11510.1
OG0000234	jg6403	AT5G25300.1
OG0000234	jg6402, jg6418	AT5G25290.1
OG0000234	jg7433	AT4G10820.1
OG0000234	jg27460, jg27464, jg27452, jg27471	AT2G14500.1
OG0000235	jg16931	AT2G24285.2
OG0000235	jg17291, jg16987, jg17003, jg17292	AT3G42940.1
OG0000235	jg20923	AT5G43200.1, AT3G28620.1
OG0000235	jg16935	AT2G24480.1
OG0000235	jg16934	AT2G24460.1
OG0000236	jg19560	AT2G42480.1
OG0000237	jg8854	AT4G35020.1
OG0000237	jg15013	AT3G51300.1
OG0000237	jg8738	AT4G35950.1
OG0000238	jg10285	AT4G22505.1
OG0000239	jg13203, jg13205, jg13204, jg13202	AT2G04037.1, AT2G04041.1, AT2G04031.1
OG0000239	jg11554	AT4G13263.1, AT4G13261.1, AT5G35405.1
OG0000239	jg25151	AT1G47470.1, AT1G47450.1, AT3G11990.1, AT1G45190.1
OG0000240	jg10471, jg26914	AT4G21030.1
OG0000240	jg10468	AT4G21050.1
OG0000240	jg10462	AT4G21040.1, AT4G21080.1
OG0000241	jg19181	AT2G39590.1
OG0000241	jg14384, jg22923, jg29135	AT3G46040.1
OG0000242	jg4088	AT5G03495.1
OG0000242	jg22052, jg22033, jg22034	AT5G53700.1
OG0000242	jg4089	AT5G03480.1
OG0000243	jg2698	AT1G70840.1
OG0000243	jg2708	AT1G70890.1
OG0000244	jg24346, jg24347	AT3G04660.1
OG0000246	jg21485	AT5G48980.1
OG0000246	jg21498, jg21491	AT5G48990.1
OG0000246	jg28254	AT2G20380.1
OG0000247	jg18819	AT2G36790.1, AT2G36800.1
OG0000247	jg18817	AT2G36770.1
OG0000247	jg18818	AT2G36780.1
OG0000248	jg12528, jg12526, jg12522, jg12521, jg12524, jg12523, jg12525, jg12529	AT5G39560.1
OG0000253	jg18360, jg30609, jg31422	AT1G20680.1
OG0000253	jg30617	AT1G20730.1
OG0000255	jg23298	AT2G29880.1
OG0000256	jg2227	AT1G67090.1
OG0000256	jg12372, jg12374, jg12373	AT5G38410.3, AT5G38420.1, AT5G38430.1
OG0000257	jg30082	AT1G15890.1
OG0000257	jg11999	AT1G51480.1
OG0000257	jg20839	AT5G43730.1, AT5G43740.1
OG0000258	jg303, jg1835	AT4G07325.1
OG0000259	jg32915, jg32919	AT1G48390.1
OG0000259	jg32548, jg32861, jg32845, jg32993	AT1G47920.1
OG0000259	jg32859, jg32550, jg32843, jg32855, jg32866, jg1961	AT1G48400.1
OG0000260	jg33249	AT1G51060.1
OG0000260	jg26230	AT3G20670.1
OG0000260	jg9732	AT4G27230.1
OG0000260	jg22288	AT5G54640.1
OG0000261	jg25856	AT3G17540.1
OG0000261	jg16938	AT2G24510.1
OG0000262	jg13088, jg13092, jg13087, jg13090	AT2G02890.1, AT2G02660.1
OG0000262	jg27660, jg27597	AT2G16220.1
OG0000262	jg27598	AT2G15640.1, AT2G16450.1
OG0000263	jg22554	AT5G56710.1, AT4G26230.1
OG0000263	jg28169	AT2G19740.1
OG0000264	jg7235, jg7239	AT4G09153.1
OG0000264	jg16638	AT2G22121.1
OG0000264	jg9506	AT4G29283.1, AT4G29280.1
OG0000264	jg17301	AT4G29273.1
OG0000265	jg17910	AT2G29150.1
OG0000265	jg17942	AT2G29360.1
OG0000265	jg17943	AT2G29370.1
OG0000265	jg17941	AT2G29350.1
OG0000265	jg17929	AT2G29290.2
OG0000266	jg15897, jg19591, jg10715	AT2G42740.1
OG0000267	jg6424	AT5G25415.1
OG0000267	jg6422	AT5G25410.1
OG0000268	jg21967	AT5G52640.1
OG0000268	jg22448	AT5G56010.1
OG0000268	jg22447	AT5G56000.1
OG0000271	jg22859, jg22857	AT5G59280.1, AT1G35850.1
OG0000271	jg30710	AT1G21620.1
OG0000271	jg22951, jg22963	AT5G60180.1, AT5G60110.1
OG0000272	jg7401	AT4G10510.3
OG0000272	jg7403	AT4G10540.1
OG0000272	jg7404	AT4G10550.3
OG0000272	jg31949	AT1G32960.1
OG0000272	jg31947	AT1G32950.1
OG0000272	jg31946	AT1G32940.1
OG0000274	jg7016, jg18104, jg17517, jg33105, jg25810, jg32960, jg20959	AT5G15685.1
OG0000275	jg1884	AT5G20620.1
OG0000275	jg7876	AT4G05320.2
OG0000276	jg6081	AT5G22600.1
OG0000276	jg6082	AT5G22610.2
OG0000276	jg6075	AT5G22590.1
OG0000276	jg1402, jg6090	AT5G22720.1
OG0000276	jg7081, jg6094	AT5G22730.1
OG0000277	jg22533	AT5G56540.1
OG0000277	jg25335	AT3G13520.1
OG0000278	jg17131	AT2G25520.1
OG0000278	jg6415	AT5G25400.1
OG0000278	jg9154	AT4G32390.1
OG0000279	jg19826	AT2G44700.1, AT2G44630.1
OG0000280	jg14644	AT3G48300.2
OG0000280	jg14642	AT3G48280.1
OG0000280	jg14645	AT3G48320.1, AT3G48310.1
OG0000280	jg14641	AT3G48270.1
OG0000281	jg8653	AT4G36840.1
OG0000282	jg12477, jg12476, jg12332	AT5G39110.1
OG0000282	jg12479	AT5G39190.1, AT5G39160.1, AT5G39130.1
OG0000283	jg22801	AT5G58840.1
OG0000283	jg21885	AT5G58820.1
OG0000283	jg22800	AT5G58830.1
OG0000286	jg29880	AT1G14080.1
OG0000286	jg27567	AT2G15390.2, AT2G15360.1
OG0000286	jg27565	AT2G15370.1, AT2G15350.1
OG0000287	jg7546, jg7544	AT4G11580.1
OG0000288	jg33662, jg33664	AT1G55070.1
OG0000288	jg33567, jg33566	AT1G53815.1
OG0000288	jg870	AT1G61060.1
OG0000288	jg33562, jg33565, jg33564, jg33563	AT1G53550.1
OG0000289	jg26196, jg26181	AT3G23420.1
OG0000289	jg26785, jg32786	AT3G24580.1
OG0000289	jg25886	AT3G19470.1
OG0000289	jg26868	AT3G22770.1
OG0000291	jg10613	AT4G19630.1
OG0000292	jg26824	AT3G24830.1
OG0000292	jg11579	AT4G13170.1
OG0000292	jg24663	AT3G07110.2
OG0000292	jg21453, jg21449	AT5G48760.1
OG0000293	jg24877	AT3G09500.1
OG0000293	jg3998	AT5G02610.2
OG0000293	jg19114	AT2G39390.1
OG0000294	jg25486	AT3G14690.2
OG0000294	jg25482, jg25485, jg25483	AT3G14660.1, AT3G14650.1
OG0000294	jg25481	AT3G14640.2
OG0000296	jg22553	AT5G56700.2
OG0000296	jg22552, jg22550, jg12732, jg22551	AT5G56690.1
OG0000296	jg22999	AT5G60610.1
OG0000296	jg17521	AT2G26860.1
OG0000298	jg22932	AT5G59920.1, AT4G01350.1
OG0000298	jg6046	AT5G22355.1
OG0000299	jg6598, jg6710, jg6600, jg6712	AT5G26865.1, AT5G27050.1, AT5G27090.1, AT5G27944.1, AT5G27580.1, AT5G26950.1, AT5G27070.1
OG0000300	jg12175	AT5G37420.1
OG0000300	jg12174	AT4G16530.1, AT2G03010.1, AT5G37410.2
OG0000300	jg12186	AT5G37460.1
OG0000300	jg12188	AT5G37470.2
OG0000301	jg22900	AT5G59650.2
OG0000305	jg29981	AT1G14950.1
OG0000305	jg29979	AT1G14930.1
OG0000305	jg11388	AT4G14060.1
OG0000305	jg12942	AT2G01520.1
OG0000306	jg33104, jg20960, jg32961, jg25811	AT4G04775.1
OG0000307	jg7774	AT4G05110.2
OG0000307	jg7775	AT4G05120.1
OG0000307	jg7777	AT4G05140.1
OG0000307	jg7776	AT4G05130.1
OG0000308	jg2908	AT1G72730.1
OG0000308	jg25396	AT3G13920.5
OG0000309	jg5374	AT5G15490.1
OG0000309	jg13777	AT3G29360.1
OG0000309	jg12491	AT5G39320.1
OG0000310	jg6224	AT5G23740.1
OG0000310	jg14718	AT3G48930.1
OG0000310	jg9330	AT4G30800.1
OG0000311	jg19951	AT2G45570.1
OG0000312	jg6185	AT5G23370.1
OG0000312	jg6183	AT5G23350.1
OG0000312	jg6184	AT5G23360.1
OG0000314	jg32479	AT1G36675.1, AT3G29637.2
OG0000314	jg21135, jg11876	AT3G29645.1
OG0000315	jg16158	AT3G61100.1
OG0000315	jg16157	AT3G61090.1
OG0000317	jg7828	AT4G03570.1
OG0000317	jg7826	AT4G03590.1
OG0000317	jg24485	AT3G05685.1
OG0000318	jg16160	AT3G61111.1
OG0000318	jg16159	AT3G61110.1
OG0000318	jg19966	AT2G45710.1
OG0000318	jg21281	AT5G47930.1
OG0000319	jg13595	AT3G28330.1
OG0000319	jg13594	AT3G28280.1
OG0000321	jg14581	AT3G47780.1
OG0000321	jg14578	AT3G47740.1
OG0000321	jg14580	AT3G47770.2
OG0000321	jg14579	AT3G47760.3, AT3G47750.1
OG0000322	jg21371	AT5G48375.1
OG0000322	jg6491, jg6492	AT5G25980.2
OG0000322	jg6493	AT5G26000.1
OG0000323	jg11332	AT4G14400.1
OG0000323	jg11334	AT4G14390.1
OG0000323	jg7766	AT4G05040.1
OG0000323	jg7841	AT4G03470.1
OG0000323	jg7844	AT4G03440.1
OG0000325	jg28766	AT2G33370.1
OG0000325	jg24317	AT3G04400.1
OG0000326	jg6054	AT5G22440.1
OG0000326	jg29198	AT1G08360.1
OG0000326	jg17669	AT2G27530.1
OG0000327	jg29550	AT1G11270.1
OG0000328	jg32837	AT1G47890.1
OG0000328	jg1160	AT1G45616.1
OG0000329	jg25354	AT3G13662.1
OG0000329	jg21510	AT5G49040.1
OG0000329	jg33681	AT1G55210.1
OG0000330	jg27046	AT2G05330.1
OG0000330	jg21390, jg21204, jg21205	AT5G48510.1
OG0000331	jg22754	AT5G58420.1
OG0000331	jg27864, jg4536	AT2G17360.1, AT5G07090.1
OG0000332	jg6891	AT4G03728.1
OG0000333	jg22010	AT5G52965.1
OG0000333	jg22012	AT5G52975.1
OG0000333	jg17636	AT2G27315.1
OG0000334	jg23007	AT5G60670.1
OG0000334	jg18864	AT3G53430.1, AT2G37190.1
OG0000335	jg16044	AT1G34047.2, AT3G59930.1, AT5G33355.1
OG0000336	jg9737	AT4G27140.1
OG0000336	jg9736, jg9735	AT4G27160.1, AT4G27150.1
OG0000338	jg31423, jg31424	AT1G29110.1
OG0000338	jg31419	AT1G29090.1
OG0000338	jg31418	AT1G29080.1
OG0000339	jg31508, jg31511	AT1G29720.1
OG0000340	jg32095	AT1G34170.3
OG0000340	jg32120, jg32131, jg32126, jg32328, jg27885	AT1G35540.1, AT1G43950.1, AT1G35520.1, AT1G34410.1, AT1G35240.1, AT1G34310.1, AT1G34390.1
OG0000341	jg18062	AT2G30220.1
OG0000341	jg18072	AT2G30310.1
OG0000341	jg16950	AT2G24560.1
OG0000341	jg1138	AT1G58430.1
OG0000341	jg18217	AT2G31550.1, AT2G31540.1
OG0000342	jg9382	AT4G30290.1
OG0000342	jg1872	AT1G65310.2
OG0000342	jg9383	AT4G30280.1
OG0000342	jg21310	AT5G48070.1
OG0000343	jg15953	AT3G59120.1
OG0000343	jg25086	AT3G11385.1
OG0000343	jg25087	AT3G11402.1
OG0000343	jg27892	AT2G17600.1
OG0000345	jg18157, jg17982	AT2G31050.1
OG0000345	jg18166	AT2G26720.1
OG0000346	jg18472	AT2G33720.1
OG0000348	jg16351	AT3G62850.1
OG0000349	jg5048	AT5G12090.1
OG0000349	jg6651	AT5G27510.1
OG0000350	jg11888	AT3G30230.1
OG0000354	jg29431	AT1G10430.1
OG0000354	jg1019	AT1G59830.1
OG0000354	jg2597	AT1G69960.1
OG0000355	jg30401, jg30400	AT1G18760.1
OG0000355	jg25301	AT3G13228.1
OG0000356	jg16551, jg24432, jg32702	AT2G11035.1
OG0000357	jg31322	AT1G28030.1
OG0000357	jg33476	AT1G52810.1
OG0000358	jg32196	AT1G34560.1
OG0000358	jg32208, jg32224	AT1G35400.1, AT1G35410.1
OG0000358	jg32195, jg32207, jg32206	AT1G35365.1
OG0000358	jg32199, jg32198	AT1G35353.1, AT3G27900.2
OG0000360	jg7742	AT1G49920.1
OG0000360	jg12794, jg12796	AT1G64253.1
OG0000360	jg414	AT1G64260.1
OG0000361	jg23059	AT5G61170.1
OG0000361	jg24012	AT3G02080.1
OG0000361	jg5377	AT5G15520.1
OG0000362	jg24137	AT3G03080.1
OG0000362	jg5529	AT5G17000.1
OG0000362	jg5527	AT5G16970.1
OG0000363	jg26791	AT3G24610.1
OG0000364	jg26999	AT2G04810.1
OG0000364	jg27001	AT2G04840.1
OG0000364	jg12338, jg12339	AT5G38270.1
OG0000365	jg11521, jg11408	AT4G13390.1
OG0000365	jg27650, jg4447	AT2G24980.3, AT5G06630.1
OG0000365	jg4448	AT4G08400.1
OG0000366	jg15405	AT3G54700.1
OG0000366	jg18363	AT2G32830.1
OG0000366	jg19076	AT2G38940.1
OG0000367	jg18391	AT2G33060.1
OG0000367	jg18389	AT2G33050.1
OG0000368	jg15742	AT3G57310.1
OG0000368	jg12315	AT5G38160.1, AT5G38170.1
OG0000371	jg7517	AT4G11470.2
OG0000371	jg7518, jg7519	AT4G11480.1
OG0000372	jg23366, jg23367	AT5G63820.1
OG0000375	jg28225, jg28226	AT2G20160.1
OG0000375	jg13116	AT2G03190.1
OG0000375	jg13115	AT2G03170.1
OG0000375	jg13114	AT3G25650.1, AT2G03160.1
OG0000375	jg29403	AT1G10230.1
OG0000376	jg20120	AT2G47110.1
OG0000376	jg32005, jg30914	AT1G23410.1
OG0000377	jg15696	AT3G56890.1
OG0000377	jg15770	AT3G57580.1
OG0000377	jg15771	AT3G57590.1
OG0000378	jg15760	AT3G57490.1
OG0000378	jg1151, jg1116	AT1G58684.1, AT1G59359.1, AT1G58983.1, AT1G58380.1
OG0000378	jg19478	AT2G41840.1
OG0000379	jg1863, jg27360	AT2G35280.1, AT3G30430.1, AT1G36030.1
OG0000380	jg13746	AT3G29255.1
OG0000380	jg13710	AT5G36150.1
OG0000380	jg11615, jg11187	AT4G15340.1, AT4G15370.1
OG0000380	jg3529	AT1G78500.1
OG0000381	jg27822	AT2G17043.1
OG0000381	jg27825	AT2G17080.1
OG0000381	jg27824	AT2G17070.1
OG0000382	jg27944, jg11773	AT2G18020.1
OG0000382	jg15003	AT3G51190.1
OG0000382	jg8720	AT4G36130.1
OG0000383	jg5865	AT5G20010.1
OG0000383	jg22346	AT5G55190.1
OG0000383	jg5866	AT5G20020.1
OG0000384	jg8980	AT4G33865.1, AT3G43980.1, AT3G44010.1
OG0000388	jg32943	AT1G48630.1
OG0000388	jg30331	AT1G18080.1
OG0000389	jg30568	AT1G20360.1
OG0000389	jg30571, jg30566	AT1G20735.1
OG0000389	jg30613	AT1G20690.1
OG0000389	jg30551, jg30552	AT1G20240.1
OG0000390	jg9105	AT3G43710.1
OG0000390	jg8978	AT4G33900.1, AT4G23580.1
OG0000391	jg32175	AT1G35190.1
OG0000391	jg14431	AT3G46500.5
OG0000392	jg32966, jg32963	AT1G48800.1
OG0000392	jg11324	AT4G20210.1
OG0000392	jg10548	AT4G20230.2
OG0000393	jg33246, jg33297, jg33304, jg33300, jg33301, jg33302, jg33299, jg33306, jg33298, jg33305, jg33303	AT1G47600.1, AT1G51470.1
OG0000393	jg33307	AT1G51490.1
OG0000394	jg33806	AT1G56130.2
OG0000394	jg33807	AT1G56140.1
OG0000394	jg33803	AT1G56120.1
OG0000395	jg21757	AT5G51000.1
OG0000395	jg26098	AT3G19560.1
OG0000396	jg7626, jg7624, jg1372, jg1387, jg1382, jg1386, jg1384, jg1385, jg1383	AT4G12150.1, AT4G12140.1
OG0000396	jg7625	AT4G05350.1, AT4G12220.1, AT4G12210.1
OG0000397	jg23514, jg23512	AT5G65050.3, AT5G65060.1
OG0000397	jg3374	AT1G77080.8
OG0000397	jg23516	AT5G65080.2
OG0000397	jg23515	AT5G65070.3
OG0000398	jg12215	AT5G37620.1
OG0000398	jg28161	AT2G19660.2
OG0000399	jg14011	AT1G36095.1
OG0000399	jg7131, jg7126, jg7107	AT5G33406.1
OG0000401	jg8715	AT4G36140.1
OG0000402	jg11799	AT5G28950.1
OG0000405	jg18279	AT2G32060.1
OG0000405	jg30084	AT1G15930.1
OG0000406	jg3057, jg3055	AT1G74050.1, AT1G74060.1
OG0000406	jg30377	AT1G18540.1
OG0000407	jg30941	AT1G23720.2
OG0000407	jg13629, jg13626	AT3G28550.1
OG0000407	jg15393	AT3G54580.1
OG0000408	jg11145	AT4G16200.1
OG0000408	jg4496	AT5G06890.1
OG0000408	jg28303, jg13515	AT3G27600.1
OG0000409	jg32967	AT1G48830.1
OG0000409	jg2232, jg24075	AT3G02560.1
OG0000410	jg33546	AT1G53370.2
OG0000413	jg2622, jg2621	AT1G70120.1
OG0000413	jg2608	AT1G70040.1
OG0000414	jg11188, jg11189	AT5G48000.1
OG0000414	jg3526, jg3528, jg28018	AT1G78490.1
OG0000415	jg17851	AT1G07790.1
OG0000415	jg3993	AT5G02570.1
OG0000415	jg15301	AT3G53650.1
OG0000416	jg26277, jg26278, jg26279, jg26276, jg26274, jg26275, jg26273, jg26272	AT3G21000.1
OG0000417	jg16575	AT2G21580.1
OG0000417	jg8897	AT4G34555.1
OG0000417	jg8390	AT4G39200.1
OG0000418	jg6713	AT5G27080.1, AT5G26900.1, AT5G27570.1
OG0000418	jg6597	AT5G26955.1
OG0000418	jg9057	AT4G33260.1
OG0000418	jg9056	AT4G33270.1
OG0000420	jg7115, jg7165	AT3G25510.1
OG0000420	jg7114	AT2G14080.1
OG0000420	jg14195, jg14188	AT3G44630.3, AT3G44670.1, AT3G44480.3, AT3G44400.1
OG0000421	jg5732	AT5G18780.1
OG0000421	jg5731	AT5G18770.1
OG0000422	jg21106, jg22830	AT1G35890.1, AT3G46565.1
OG0000423	jg21623	AT5G49760.1
OG0000423	jg21625	AT5G49770.1
OG0000423	jg21627	AT5G49780.2
OG0000424	jg21979	AT5G52760.1
OG0000424	jg21978	AT5G52750.1
OG0000427	jg28529	AT3G04420.1, AT1G02220.1
OG0000427	jg28530	AT1G02230.1
OG0000428	jg29693	AT1G12490.1
OG0000428	jg29335	AT1G09650.1
OG0000429	jg29915	AT1G14400.1
OG0000430	jg31539	AT1G29962.1, AT1G28450.1, AT1G28460.1, AT1G54760.1
OG0000431	jg21677	AT5G50220.1
OG0000431	jg31895, jg31893	AT1G32420.1
OG0000432	jg26863	AT5G20390.1
OG0000432	jg31971	AT1G33220.1
OG0000432	jg5898	AT5G20330.1
OG0000432	jg5899	AT5G20340.1
OG0000433	jg33267	AT1G51250.1
OG0000434	jg33557	AT1G53500.1
OG0000434	jg25495	AT3G14790.2
OG0000435	jg673	AT1G62500.1
OG0000435	jg11210	AT4G15160.1
OG0000435	jg26431	AT3G22120.2
OG0000436	jg13841, jg13833, jg13836	AT3G29830.1
OG0000436	jg22306, jg1417	AT1G56400.1
OG0000436	jg22307	AT5G54820.1
OG0000437	jg13596	AT3G44580.1
OG0000437	jg11275, jg6469, jg10830, jg1990, jg17875, jg13583, jg20910, jg6355, jg25710, jg10525, jg10532	AT2G14000.1, AT3G30820.1
OG0000439	jg9501	AT4G29350.1
OG0000439	jg22542	AT5G56600.1
OG0000439	jg28170	AT2G19760.1
OG0000440	jg16816	AT2G23550.4
OG0000440	jg16819	AT2G23580.1
OG0000441	jg15323	AT3G53870.1
OG0000441	jg11941	AT5G35530.1
OG0000441	jg18223	AT2G31610.1
OG0000442	jg18863	AT2G37180.1
OG0000442	jg18862	AT2G37170.2
OG0000442	jg15274	AT3G53420.1
OG0000443	jg20854, jg22914	AT5G43550.1
OG0000443	jg6107	AT5G22791.2
OG0000443	jg6103, jg6105	AT2G32470.1
OG0000444	jg12954	AT5G33393.1
OG0000444	jg20878	AT1G52603.1
OG0000445	jg13608	AT3G28380.1
OG0000445	jg13605	AT3G28360.1
OG0000445	jg13609	AT3G28390.1
OG0000445	jg13602	AT3G28345.1
OG0000446	jg15295	AT3G53610.1
OG0000446	jg22921	AT5G59840.1
OG0000446	jg14385	AT3G46060.1
OG0000447	jg6386, jg6385	AT5G25120.1, AT5G25130.1
OG0000447	jg6390	AT5G25180.1
OG0000448	jg8424, jg8422	AT4G39550.1
OG0000448	jg8426	AT4G39560.1
OG0000449	jg9891	AT4G25740.1
OG0000449	jg12774	AT5G41520.1
OG0000456	jg28587	AT1G02780.1
OG0000456	jg25749	AT3G16780.1
OG0000456	jg7994	AT4G02230.1
OG0000457	jg29717	AT1G12663.1
OG0000457	jg29720	AT1G12672.2
OG0000458	jg30885, jg30887, jg30883	AT1G23201.2
OG0000458	jg29877	AT1G14048.1
OG0000458	jg3951	AT5G02210.1
OG0000459	jg2566	AT1G66580.1
OG0000459	jg29905	AT1G14320.1
OG0000459	jg31050	AT1G26910.1
OG0000460	jg30012	AT1G15250.1
OG0000461	jg30655	AT1G21130.1
OG0000461	jg30654	AT1G21120.2, AT1G21110.1
OG0000461	jg30653	AT1G21100.1
OG0000462	jg12775	AT5G41530.1
OG0000462	jg18768	AT2G36340.1
OG0000463	jg4724, jg4726	AT5G08670.1, AT5G08690.1
OG0000463	jg4725	AT5G08680.1
OG0000464	jg32496	AT1G43090.1, AT1G43100.1, AT1G43080.1
OG0000464	jg7268, jg19279, jg19283	AT2G26620.1, AT2G15450.1, AT2G15460.1, AT2G15470.1, AT4G13760.1, AT2G40310.1
OG0000465	jg32699	AT1G45191.1
OG0000465	jg990	AT1G60090.1
OG0000465	jg976	AT1G60270.1
OG0000465	jg5486	AT5G16580.1
OG0000465	jg10331	AT4G22100.1
OG0000466	jg1246, jg1203	AT1G58090.1
OG0000466	jg33540	AT1G53325.1, AT1G59630.1
OG0000467	jg2107, jg13084, jg12203, jg8476, jg7941, jg7460, jg17404, jg13739, jg17397, jg17741, jg2108, jg17742, jg17720, jg16229, jg33715, jg16745	AT5G32613.1
OG0000468	jg650, jg658, jg654, jg651, jg653	AT1G63360.1, AT1G62630.1
OG0000469	jg713	AT1G62220.1
OG0000469	jg742, jg712	AT1G62000.1, AT1G62080.1, AT1G62060.1
OG0000470	jg3072, jg21554	AT1G74180.1
OG0000470	jg17119	AT2G25470.3
OG0000470	jg1552	AT1G54470.1
OG0000471	jg15776	AT3G57640.1
OG0000471	jg1861, jg1862, jg22753, jg1843	AT1G65250.1, AT1G65190.1
OG0000473	jg3658	AT1G79680.1
OG0000473	jg27680, jg2564, jg2563	AT1G69730.1
OG0000474	jg3073	AT1G74190.1
OG0000475	jg11893	AT1G35617.1, AT3G43837.1
OG0000476	jg19597	AT2G42790.1
OG0000476	jg15901	AT3G58740.1
OG0000476	jg15902	AT3G58750.1
OG0000477	jg19773	AT2G44220.1
OG0000478	jg20150	AT2G47380.1
OG0000479	jg20176	AT2G47610.1
OG0000479	jg16354	AT3G62870.1
OG0000481	jg13303	AT3G26170.1, AT3G26180.1
OG0000481	jg13301	AT3G26160.1
OG0000481	jg13300	AT3G26150.1
OG0000482	jg22929	AT5G59890.1
OG0000482	jg14381	AT3G46010.2
OG0000482	jg22927, jg22928	AT5G59880.1
OG0000483	jg15428	AT3G54910.1
OG0000484	jg9443	AT4G29760.1
OG0000484	jg9442	AT4G29770.2
OG0000484	jg5645	AT5G18065.1
OG0000484	jg5642	AT5G18040.1
OG0000485	jg12626	AT5G40230.1
OG0000485	jg12627	AT5G40240.2
OG0000489	jg25329	AT3G13470.1
OG0000489	jg31134	AT1G26230.1
OG0000490	jg7707	AT4G04570.1
OG0000490	jg7705	AT4G04540.1
OG0000491	jg719, jg720	AT1G62170.2
OG0000491	jg454	AT2G14540.1
OG0000492	jg2988	AT1G73490.2
OG0000494	jg23967	AT3G01329.1, AT3G01324.1
OG0000494	jg23968	AT3G01323.1
OG0000495	jg12915	AT2G01250.1
OG0000495	jg25341	AT3G13580.1
OG0000495	jg19759	AT2G44120.2
OG0000496	jg27674	AT2G16290.1, AT2G16300.1
OG0000497	jg17961	AT2G29460.1
OG0000497	jg17962	AT2G29470.1
OG0000497	jg17964	AT2G29490.1
OG0000498	jg18797	AT2G36590.1
OG0000498	jg15530	AT3G55740.1
OG0000498	jg19220	AT2G39890.1
OG0000499	jg13040	AT2G02250.1
OG0000499	jg13039	AT2G02240.1
OG0000500	jg14105, jg14108, jg14099, jg14098	AT3G44060.1
OG0000500	jg14103	AT3G44090.1
OG0000500	jg14100	AT3G44080.1
OG0000500	jg14101, jg14126	AT3G44180.1
OG0000501	jg8236	AT4G00100.1
OG0000501	jg16134	AT3G60770.1
OG0000503	jg7650	AT4G12470.1
OG0000503	jg7651	AT4G12480.1
OG0000503	jg7652, jg7653	AT4G12490.1, AT4G12500.1
OG0000504	jg12260	AT5G37890.1
OG0000505	jg23182, jg23183	AT5G62300.1, AT3G45030.1
OG0000511	jg8090	AT4G01480.1
OG0000511	jg20091	AT2G46860.1
OG0000511	jg28523	AT1G01050.1
OG0000512	jg28859, jg28860	AT1G05240.1, AT1G05250.1
OG0000513	jg3081	AT1G74270.1
OG0000513	jg29059	AT1G07070.1
OG0000514	jg32280	AT4G10780.1
OG0000514	jg12025, jg32282	AT1G12210.1
OG0000514	jg29671	AT1G12280.1
OG0000514	jg29664	AT1G12220.1
OG0000515	jg8314	AT4G38510.5
OG0000515	jg30553	AT1G20260.1
OG0000515	jg3257	AT1G76030.1
OG0000516	jg32202	AT1G27030.1
OG0000517	jg31059	AT1G26880.1
OG0000517	jg2550	AT1G69620.1
OG0000517	jg13678	AT3G28900.1
OG0000518	jg3467	AT1G77940.1
OG0000518	jg11908, jg32279	AT3G18740.1
OG0000519	jg21238	AT1G36100.1
OG0000519	jg1606, jg32382	AT5G32590.1, AT3G43148.1, AT4G06688.1, AT5G33806.1, AT4G08097.1, AT3G33293.1
OG0000520	jg32499	AT1G43170.1
OG0000520	jg1218	AT1G61580.1
OG0000521	jg33221	AT1G50870.1
OG0000521	jg32883, jg32882	AT1G47730.1
OG0000522	jg27921	AT2G17845.1
OG0000522	jg657, jg661	AT1G62610.4, AT1G63380.2
OG0000522	jg15467	AT3G55310.1, AT3G55290.1
OG0000522	jg15468	AT3G46170.1
OG0000523	jg24894, jg1141	AT3G09680.1
OG0000523	jg4029	AT5G02960.1
OG0000524	jg13391, jg13389	AT3G26922.1
OG0000524	jg13393	AT4G13965.1
OG0000524	jg1457, jg1458, jg1459	AT1G55030.2
OG0000525	jg24911	AT3G09840.1
OG0000525	jg4065	AT5G03340.1
OG0000526	jg25476	AT3G14600.1
OG0000527	jg28250	AT2G20350.1
OG0000527	jg23687	AT5G67000.1
OG0000527	jg23686	AT5G67010.1
OG0000528	jg17745, jg17749	AT2G28040.1
OG0000528	jg17744	AT2G28010.1
OG0000528	jg17782	AT2G28220.1, AT2G28225.1
OG0000529	jg13311	AT3G26230.1
OG0000529	jg13310	AT3G26220.1
OG0000529	jg13313	AT3G26280.2
OG0000530	jg13621	AT3G28510.1
OG0000530	jg13623, jg13622	AT3G28520.1
OG0000530	jg13624	AT3G28540.1
OG0000531	jg13862	AT2G09388.1
OG0000532	jg14743	AT3G49120.1
OG0000532	jg13905	AT3G32980.1
OG0000533	jg14882	AT3G50150.1
OG0000533	jg14883	AT3G50170.1, AT3G50200.1
OG0000533	jg14884	AT3G50180.1
OG0000533	jg14879	AT3G50120.1
OG0000534	jg6136	AT5G23010.2
OG0000534	jg6137	AT5G23020.1
OG0000535	jg7256	AT4G09500.2
OG0000535	jg22170	AT5G53990.1
OG0000536	jg11386, jg11583	AT4G08990.1, AT4G14140.2
OG0000536	jg11459	AT4G13610.1
OG0000536	jg21536	AT5G49160.1
OG0000537	jg12468	AT5G39080.1
OG0000537	jg12467	AT5G39050.1
OG0000541	jg27023	AT2G04930.1
OG0000541	jg26105	AT3G19595.1
OG0000541	jg25857	AT3G17550.1
OG0000541	jg22210	AT5G54210.1
OG0000541	jg30557	AT1G20320.1
OG0000543	jg3506	AT1G78300.1
OG0000543	jg7215	AT4G09000.2
OG0000543	jg32168	AT1G35160.2
OG0000545	jg33661	AT1G54290.1
OG0000546	jg849, jg850	AT1G61300.1, AT1G61180.2, AT1G61310.1, AT1G61190.1
OG0000547	jg918	AT1G60690.1
OG0000547	jg915	AT1G60730.3
OG0000547	jg921	AT1G60680.1
OG0000547	jg916	AT1G60710.1
OG0000548	jg949	AT1G60500.1
OG0000549	jg1070, jg1395, jg1064, jg1066, jg1068, jg1069	AT1G59690.1
OG0000550	jg12455, jg1175	AT1G58270.1
OG0000550	jg14399	AT3G46190.2
OG0000553	jg12214	AT5G37600.1
OG0000553	jg2061	AT1G66200.3
OG0000553	jg5485	AT5G16570.1
OG0000554	jg2077, jg2075, jg2071	AT1G66280.1
OG0000554	jg2074, jg2078	AT1G66270.1
OG0000554	jg24849	AT3G09260.1
OG0000555	jg25714	AT3G16555.1
OG0000555	jg25718	AT3G51171.1
OG0000555	jg25878	AT3G17710.1
OG0000556	jg13784	AT3G29375.1
OG0000556	jg3684	AT2G16490.1
OG0000557	jg5409	AT5G15840.1
OG0000557	jg5411	AT5G15850.1
OG0000557	jg24052	AT3G02380.1
OG0000558	jg24333	AT3G04545.1
OG0000559	jg26240	AT3G20690.1
OG0000559	jg26238	AT3G20710.1
OG0000559	jg26232	AT3G20700.1
OG0000560	jg9833	AT4G26210.1
OG0000560	jg28163	AT2G19680.1
OG0000561	jg16653	AT2G22240.1
OG0000561	jg8480	AT4G39800.1
OG0000561	jg4847	AT5G10170.1
OG0000562	jg15218	AT3G52930.1
OG0000562	jg18782	AT2G36460.1
OG0000562	jg4113	AT5G03690.1
OG0000563	jg18918	AT2G37600.1
OG0000563	jg15310	AT3G53740.2
OG0000564	jg19678	AT2G43440.1, AT2G43445.1
OG0000564	jg19656	AT2G43260.2
OG0000564	jg10836	AT4G17780.1
OG0000565	jg7666	AT4G12600.2
OG0000565	jg5880, jg10293	AT4G22380.1, AT5G20160.2
OG0000567	jg23203	AT5G62510.1
OG0000567	jg23220	AT5G62660.1
OG0000573	jg8160	AT4G00810.1
OG0000573	jg28517, jg20266	AT5G47700.1, AT1G01100.1
OG0000574	jg30314	AT1G17910.1
OG0000574	jg30467	AT1G19390.1
OG0000574	jg32154, jg27679, jg30466	AT4G31100.1, AT4G31110.1
OG0000575	jg7297	AT4G09800.1, AT1G22780.1
OG0000575	jg32073	AT1G34030.1
OG0000576	jg14771	AT3G49310.1
OG0000576	jg365	AT1G64650.1
OG0000576	jg9671	AT4G27720.1
OG0000577	jg991	AT1G60380.1
OG0000577	jg972	AT1G60300.1, AT1G60340.1
OG0000577	jg971, jg973	AT1G60350.1
OG0000577	jg974	AT1G60280.1
OG0000579	jg24838	AT3G09160.1
OG0000580	jg18410	AT1G49790.2
OG0000580	jg17563, jg18103	AT2G30385.1
OG0000581	jg14836	AT3G62740.1
OG0000581	jg9658	AT4G27820.1, AT4G27830.1
OG0000582	jg18334	AT2G32620.1, AT2G32610.1
OG0000582	jg11191	AT4G15320.1
OG0000582	jg11192	AT4G15290.1
OG0000582	jg18323	AT2G32530.1
OG0000582	jg18324, jg18325	AT2G32540.1
OG0000583	jg10949, jg18704	AT4G17390.1
OG0000583	jg10881	AT4G16720.1
OG0000585	jg21716, jg14675	AT3G48570.1, AT5G50460.1
OG0000586	jg3986	AT5G02502.1
OG0000587	jg5726	AT5G18730.1
OG0000587	jg5727	AT5G18740.1
OG0000588	jg6629	AT5G27700.1
OG0000589	jg8986	AT4G33840.1
OG0000589	jg8987	AT4G33830.1
OG0000589	jg8985	AT4G33860.1
OG0000590	jg20328	AT5G47210.1
OG0000590	jg10866	AT4G17520.1
OG0000591	jg11429	AT4G13820.1
OG0000591	jg11432	AT4G13810.2
OG0000591	jg11417	AT4G13920.1
OG0000591	jg11415	AT4G13880.1
OG0000592	jg12445, jg12437	AT5G38940.2, AT5G38930.1
OG0000593	jg22183, jg22177	AT5G54062.1
OG0000593	jg22206, jg22132	AT5G53742.1
OG0000596	jg2676	AT1G70600.1
OG0000596	jg29754	AT1G12960.1
OG0000596	jg30900	AT1G23290.1
OG0000597	jg31785	AT1G33070.1
OG0000597	jg31787	AT1G31630.1
OG0000597	jg6562, jg6814, jg6809	AT5G27960.1, AT5G26650.1, AT5G26580.1
OG0000600	jg22173	AT5G54000.2
OG0000600	jg5919	AT5G20550.1
OG0000600	jg5905	AT5G20400.1
OG0000600	jg33053, jg6886, jg33043	AT1G49390.1
OG0000601	jg846	AT1G57570.1
OG0000601	jg844	AT1G61230.1
OG0000601	jg21636, jg21633	AT5G49850.1, AT5G49870.1
OG0000602	jg2931	AT1G72900.1, AT1G72910.1
OG0000602	jg2932	AT1G72920.1, AT1G72930.1, AT1G72940.1
OG0000603	jg25455	AT3G14415.2
OG0000604	jg24300	AT3G04230.1
OG0000606	jg24471	AT3G05590.1
OG0000606	jg6610	AT5G27850.1
OG0000606	jg20172	AT2G47570.1
OG0000607	jg25198	AT3G12420.1
OG0000607	jg25197	AT3G12410.1
OG0000607	jg25200	AT3G12430.1, AT3G12460.1
OG0000607	jg25199	AT3G12440.1
OG0000608	jg25697	AT3G16430.1
OG0000608	jg25696	AT3G16420.1
OG0000608	jg25701	AT3G16460.1
OG0000609	jg28168	AT2G19730.1
OG0000610	jg17648	AT2G27420.1
OG0000610	jg14774	AT3G49340.1
OG0000611	jg19166	AT2G39460.1
OG0000612	jg16365	AT3G62960.1
OG0000612	jg20203	AT2G47880.1
OG0000613	jg13639	AT3G28650.1
OG0000613	jg13493	AT3G27480.1, AT3G27490.1
OG0000613	jg13497	AT3G27500.1
OG0000613	jg13507	AT3G27510.1
OG0000613	jg13496, jg21010	AT5G42840.1
OG0000613	jg13494	AT3G45530.1
OG0000613	jg13495	AT3G27473.1
OG0000614	jg14344	AT3G45700.1
OG0000614	jg14345	AT3G45710.1
OG0000614	jg14346	AT3G45720.1
OG0000614	jg14343	AT3G45690.1
OG0000614	jg14340	AT3G45680.1
OG0000615	jg15862	AT3G58360.1
OG0000615	jg15861	AT3G58350.1
OG0000615	jg15865	AT3G58400.1
OG0000616	jg8061	AT4G01770.2
OG0000616	jg8062	AT4G01750.1
OG0000616	jg8112	AT4G01220.1
OG0000617	jg10174	AT4G23320.3
OG0000617	jg10184	AT4G23240.1
OG0000618	jg10176	AT4G23280.1, AT4G23270.3
OG0000619	jg11656	AT4G12870.1
OG0000619	jg11652	AT4G12900.1
OG0000619	jg11654	AT4G12890.1
OG0000619	jg11817	AT4G12960.2
OG0000620	jg12396	AT5G38580.1
OG0000620	jg12393, jg12389, jg12394, jg12395, jg12398	AT5G38590.2
OG0000621	jg12687	AT5G40680.1
OG0000622	jg21878	AT5G51950.1
OG0000625	jg28950	AT1G06030.1
OG0000625	jg18200	AT2G31390.1
OG0000626	jg29011	AT1G06640.1
OG0000626	jg29013	AT1G06650.2
OG0000626	jg29012	AT1G06645.1
OG0000627	jg29378	AT1G10010.2
OG0000628	jg31164	AT1G25490.1
OG0000628	jg13243	AT3G25800.1
OG0000628	jg29796, jg29795	AT1G13320.1
OG0000629	jg32351, jg32353, jg31529	AT1G29880.1
OG0000629	jg21053	AT1G29870.1
OG0000630	jg809	AT1G61540.1
OG0000630	jg8429	AT4G39590.1
OG0000631	jg33205	AT1G50680.1
OG0000631	jg33255	AT1G51120.1
OG0000632	jg33465	AT1G52710.1
OG0000632	jg25610	AT3G15640.1
OG0000634	jg2042, jg2041	AT5G39550.1, AT1G66040.1, AT1G66050.1
OG0000634	jg1251	AT1G57820.1
OG0000634	jg1262	AT1G57800.2
OG0000635	jg10428	AT4G21380.1
OG0000635	jg2004	AT1G65800.1
OG0000636	jg2117, jg27373	AT1G66530.1
OG0000636	jg9824	AT4G26300.5
OG0000637	jg2126, jg2127	AT1G66610.1
OG0000637	jg2128	AT1G66620.1
OG0000637	jg2129	AT1G66630.1
OG0000638	jg9780	AT4G26690.1
OG0000638	jg2201	AT1G66970.2
OG0000639	jg2472	AT1G68905.1
OG0000639	jg2473	AT1G68907.1
OG0000640	jg24372	AT3G04840.1
OG0000640	jg8883	AT4G34670.1
OG0000641	jg27071	AT2G05520.1
OG0000641	jg27072	AT2G05530.1
OG0000641	jg27048	AT2G05380.3
OG0000642	jg11955	AT2G05710.1
OG0000642	jg8755	AT4G35830.1
OG0000644	jg17607	AT1G21835.1, AT1G35035.1, AT1G34800.1, AT1G34830.1, AT1G34815.1, AT1G34850.1, AT1G34840.1, AT1G34795.1, AT1G34810.1, AT1G34805.1, AT1G34820.1, AT1G34825.1, AT1G34792.1, AT1G34930.1, AT1G34860.1
OG0000645	jg17854	AT2G28760.4, AT2G28755.1
OG0000645	jg14426	AT3G46440.1
OG0000645	jg22860	AT5G59290.2
OG0000646	jg17906	AT2G29100.2
OG0000646	jg17907	AT2G29110.2
OG0000647	jg23802	AT5G65940.1
OG0000647	jg18112	AT2G30650.1
OG0000647	jg18113	AT2G30660.1
OG0000648	jg19315, jg19323	AT2G40590.1, AT2G40510.1
OG0000649	jg19469	AT2G41790.1
OG0000650	jg15877	AT3G58500.1
OG0000650	jg19566	AT2G42500.1
OG0000651	jg19981	AT2G45840.1
OG0000651	jg16180	AT3G61290.1
OG0000652	jg20122	AT2G47130.1
OG0000652	jg13747	AT3G29260.1, AT3G29250.1
OG0000653	jg13028	AT2G02130.1
OG0000653	jg13027	AT2G02120.1
OG0000653	jg13026	AT2G02100.1
OG0000654	jg13381, jg13382	AT3G26840.1
OG0000654	jg13379	AT3G26820.1
OG0000655	jg21377, jg13531, jg21378	AT5G48400.2
OG0000655	jg21379	AT5G48410.1
OG0000656	jg5149	AT5G13350.1
OG0000656	jg5151	AT5G13370.1
OG0000656	jg5150	AT5G13360.3
OG0000657	jg5681	AT5G18370.1
OG0000658	jg12832, jg12787	AT5G41630.1
OG0000658	jg12830	AT5G35926.2, AT5G41840.1
OG0000658	jg12829	AT4G00320.1, AT5G41830.2
OG0000659	jg20366	AT5G46950.1, AT5G46960.1
OG0000663	jg8126	AT4G01070.1
OG0000663	jg28485	AT1G01420.2
OG0000663	jg28488	AT1G01390.2
OG0000664	jg30960	AT1G23970.2, AT1G23950.2
OG0000665	jg31071, jg31063, jg31070, jg31062	AT1G22000.1
OG0000665	jg31999, jg31068, jg31060, jg32001	AT1G26890.1
OG0000666	jg31209	AT1G24735.2
OG0000670	jg33356	AT1G51860.1
OG0000670	jg33357, jg33358	AT1G51870.2
OG0000670	jg33360	AT1G51890.2
OG0000670	jg33359	AT1G51880.3
OG0000671	jg3061	AT1G74090.1
OG0000672	jg1131, jg1115	AT1G58525.1
OG0000673	jg14283	AT3G45200.1
OG0000673	jg1750	AT1G64870.1
OG0000673	jg4951	AT5G11220.1
OG0000674	jg26658	AT5G35695.1
OG0000675	jg14026, jg14027	AT3G43505.1
OG0000676	jg4451, jg4440	AT5G06600.1
OG0000676	jg25143	AT3G11910.1
OG0000678	jg27066	AT2G05510.1
OG0000678	jg27067, jg27057	AT2G05440.2
OG0000679	jg16617, jg16614	AT2G21930.2
OG0000680	jg19800	AT2G44450.1
OG0000680	jg20671	AT5G42260.1, AT5G44640.1
OG0000680	jg17149, jg17154	AT2G25630.1
OG0000681	jg18288	AT2G27410.1
OG0000681	jg18338	AT2G32645.1
OG0000681	jg18372	AT2G32905.1
OG0000682	jg18876	AT2G37270.1
OG0000683	jg18934	AT2G37710.1
OG0000683	jg7976	AT4G02410.1
OG0000683	jg7974, jg7975	AT4G02420.1
OG0000684	jg13688	AT3G28930.1
OG0000684	jg13692	AT3G28940.1
OG0000685	jg14826	AT3G49700.1
OG0000685	jg23601	AT5G65800.1
OG0000686	jg14890	AT3G50270.1
OG0000686	jg14891	AT3G50280.1
OG0000687	jg15729, jg15652	AT3G57260.2
OG0000687	jg15726, jg15655	AT3G57240.1
OG0000688	jg4867, jg11616	AT5G10360.1
OG0000689	jg5460, jg5458	AT5G16350.1
OG0000689	jg5083	AT5G12420.1
OG0000690	jg6644	AT1G32000.1
OG0000691	jg10135	AT4G23600.1
OG0000691	jg10136	AT4G23590.1
OG0000692	jg11233, jg11232	AT1G10190.1, AT4G15050.1
OG0000692	jg11231, jg11229	AT4G15053.1
OG0000693	jg12263, jg22376, jg12274	AT5G55450.1
OG0000701	jg29280, jg29281	AT1G09210.1
OG0000701	jg1418	AT1G56340.1
OG0000702	jg6617, jg6616	AT5G27750.1
OG0000702	jg29845	AT1G13780.1
OG0000703	jg16875, jg17593, jg17595, jg17594, jg11987, jg31284	AT1G27580.1, AT1G27540.1
OG0000703	jg16872	AT2G24080.1
OG0000704	jg28144	AT2G19550.1
OG0000704	jg14557	AT3G47560.2
OG0000704	jg31525	AT1G29840.1
OG0000704	jg14560	AT3G47590.1
OG0000705	jg31962	AT1G33100.1, AT1G33090.1
OG0000705	jg31965	AT1G33110.1
OG0000706	jg4020	AT5G02870.1
OG0000706	jg24889	AT3G09630.1
OG0000707	jg32201, jg11376	AT4G03040.1
OG0000707	jg7455, jg10358	AT5G33330.1
OG0000707	jg13832	AT1G66045.1
OG0000708	jg33625	AT1G53940.2
OG0000708	jg12719	AT5G40990.1
OG0000708	jg33627	AT1G53990.1
OG0000709	jg11228	AT4G15060.1, AT4G15075.1
OG0000709	jg33731, jg33739	AT1G55660.1, AT4G00315.1
OG0000710	jg11356	AT4G14250.1
OG0000710	jg1104	AT1G59550.1
OG0000710	jg11358	AT4G14245.1
OG0000711	jg1707, jg1823	AT1G65140.1
OG0000711	jg1830	AT1G65170.1
OG0000711	jg1828	AT1G65165.1
OG0000712	jg2066	AT1G66240.1
OG0000712	jg15594	AT3G56240.1
OG0000713	jg16104	AT3G60470.1
OG0000714	jg24028	AT3G02230.1
OG0000714	jg5389	AT5G15650.1
OG0000715	jg18005, jg18014	AT2G29910.6
OG0000715	jg18016, jg18020	AT2G29930.1
OG0000716	jg6537	AT5G26320.1, AT5G26260.1
OG0000716	jg6538	AT5G26300.1, AT5G26280.3
OG0000716	jg26920	AT2G04190.1, AT2G04170.1
OG0000717	jg5307	AT5G14860.1
OG0000717	jg27785	AT2G16890.2
OG0000718	jg28171	AT2G19770.1
OG0000718	jg9502	AT4G29340.1
OG0000719	jg19679	AT2G43460.1, AT3G59540.1
OG0000720	jg19731	AT2G43840.1
OG0000720	jg19730	AT2G43820.1
OG0000721	jg14394, jg14393	AT3G46140.1, AT3G45790.1
OG0000721	jg14361, jg14352	AT4G04632.1, AT3G45670.1
OG0000722	jg14496	AT3G47000.1
OG0000722	jg14502	AT3G47040.2
OG0000722	jg14497	AT3G47010.1
OG0000722	jg14503	AT3G47050.1
OG0000723	jg15930	AT3G58980.1
OG0000724	jg6401	AT5G25280.1
OG0000724	jg4939	AT5G11090.1
OG0000725	jg10452	AT4G21160.1
OG0000725	jg7798	AT4G05330.1
OG0000726	jg12352	AT5G38330.1
OG0000726	jg9406	AT4G30070.1
OG0000728	jg22864, jg22865	AT5G59320.1
OG0000728	jg22863	AT5G59310.1
OG0000732	jg30195, jg30208	AT1G16890.3
OG0000734	jg25309	AT3G13320.1
OG0000734	jg33745	AT1G55720.1
OG0000734	jg33746	AT1G55730.1
OG0000735	jg571, jg570	AT1G63140.4
OG0000736	jg630	AT1G62800.2
OG0000736	jg5817	AT5G19550.1
OG0000738	jg2119	AT1G66540.1
OG0000738	jg8598	AT4G37360.1
OG0000738	jg8599	AT4G37340.1
OG0000739	jg2203, jg7563, jg7566, jg24501, jg26885, jg7477, jg27440	AT3G05770.1, AT1G54300.1
OG0000740	jg24221	AT3G03730.1
OG0000740	jg2237	AT1G67160.1
OG0000740	jg11664, jg11666, jg11672	AT4G12810.1, AT4G12820.1
OG0000740	jg26461	AT3G22333.1, AT3G22345.1
OG0000741	jg2965	AT1G73230.1
OG0000742	jg15518, jg15536	AT3G55650.1, AT3G55810.1
OG0000742	jg24267	AT3G04050.1
OG0000743	jg24508	AT3G05840.1
OG0000743	jg6572	AT5G26751.1
OG0000744	jg24551	AT3G06190.1
OG0000744	jg5751	AT5G19000.2
OG0000745	jg24692, jg10798	AT4G18100.1
OG0000745	jg20424	AT5G46430.1
OG0000746	jg24987	AT3G10490.2
OG0000746	jg24986	AT3G10480.3
OG0000747	jg25463	AT3G14490.1
OG0000747	jg25468	AT3G29410.1
OG0000747	jg12225	AT3G32030.1
OG0000748	jg26027	AT3G18905.1
OG0000748	jg26030	AT3G18910.1
OG0000748	jg6745, jg25959	AT2G07140.1, AT3G44120.1
OG0000748	jg26029, jg25961, jg6747, jg6746, jg25960	AT3G18330.1
OG0000749	jg26382	AT3G21790.1
OG0000749	jg26384	AT3G21800.1
OG0000750	jg26592, jg11346	AT4G14320.2, AT3G23390.1
OG0000751	jg26743, jg26744, jg27595	AT2G15660.1
OG0000751	jg17533	AT2G26880.1
OG0000751	jg12750, jg19271	AT2G40210.1
OG0000752	jg26895, jg27877, jg15265	AT3G53330.1
OG0000753	jg28192	AT2G19920.2
OG0000753	jg28191	AT2G19910.1
OG0000753	jg28193	AT2G19930.1
OG0000754	jg16917	AT2G24360.1
OG0000754	jg9282	AT4G31170.1
OG0000755	jg15277	AT3G53450.1
OG0000755	jg18869	AT2G37210.2
OG0000756	jg16050	AT3G59970.3
OG0000756	jg19763	AT2G44160.1
OG0000757	jg13660	AT3G28790.1
OG0000757	jg13663	AT3G28830.1
OG0000758	jg15788	AT3G57710.1
OG0000758	jg15792, jg15789	AT3G57720.1
OG0000759	jg10635	AT4G19470.1
OG0000759	jg10631	AT4G19510.4
OG0000760	jg10865	AT4G17530.1
OG0000760	jg20329	AT5G47200.1
OG0000761	jg21883	AT5G52000.1
OG0000761	jg11901	AT1G32880.1
OG0000761	jg21560, jg21557, jg21559	AT5G49305.1
OG0000762	jg22538	AT5G56560.1
OG0000762	jg22539	AT5G56570.1
OG0000763	jg22954	AT5G60130.1
OG0000768	jg29807	AT1G13440.1
OG0000769	jg30302	AT1G17770.1
OG0000769	jg17000, jg16985	AT2G24740.1
OG0000770	jg30508	AT1G19840.1
OG0000770	jg3216	AT1G75590.1
OG0000771	jg30537	AT1G20090.1
OG0000771	jg3242	AT1G75840.1
OG0000772	jg3321	AT1G76600.1
OG0000772	jg30646	AT1G21010.1
OG0000773	jg17699	AT2G27700.2
OG0000773	jg30658	AT1G21160.1
OG0000773	jg3335	AT1G76720.2
OG0000773	jg3343	AT1G76810.1
OG0000774	jg30806	AT1G22440.1
OG0000774	jg10330	AT4G22110.1
OG0000774	jg30805	AT1G22430.1
OG0000775	jg7068	AT4G08370.1
OG0000775	jg7067	AT4G08380.1
OG0000775	jg31133	AT1G26240.1
OG0000775	jg31132	AT1G26250.1
OG0000776	jg31415	AT1G29050.1
OG0000776	jg18509	AT2G34070.1
OG0000777	jg31455	AT1G29310.1
OG0000778	jg31766, jg31768, jg31758	AT1G31400.1
OG0000778	jg31761, jg31764	AT1G31390.1
OG0000779	jg32044, jg32041, jg10259	AT4G22700.1
OG0000779	jg13662	AT5G35900.1
OG0000780	jg32059, jg32066	AT1G33890.1
OG0000780	jg32058	AT1G33900.1
OG0000780	jg32057	AT1G33910.1
OG0000780	jg32051	AT1G33930.1
OG0000780	jg32424	AT2G26820.3
OG0000780	jg32045	AT1G33830.1
OG0000781	jg32773	AT1G47395.1
OG0000782	jg33000	AT2G37975.1, AT3G54085.1
OG0000783	jg33086	AT1G49650.1
OG0000783	jg33085	AT1G49640.1
OG0000783	jg33087	AT1G49660.1
OG0000784	jg804	AT1G61563.1
OG0000785	jg2094	AT1G66370.1
OG0000785	jg1355	AT1G56650.1
OG0000785	jg2095	AT1G66390.1
OG0000787	jg11181	AT4G15393.2, AT4G15396.1
OG0000787	jg13858	AT3G30290.1
OG0000787	jg1974	AT1G65670.1
OG0000788	jg2872	AT1G72370.1
OG0000789	jg24380	AT3G04920.1
OG0000789	jg6739	AT5G28060.1
OG0000790	jg21361	AT5G48290.3
OG0000790	jg24717	AT3G07600.1
OG0000791	jg24739	AT3G07820.1
OG0000791	jg24741	AT3G07830.1
OG0000791	jg21346	AT5G48140.1
OG0000792	jg25816	AT3G17230.1
OG0000792	jg25817	AT3G17227.1
OG0000793	jg26446	AT3G22230.1
OG0000793	jg11239	AT4G15000.1
OG0000794	jg26539	AT3G23010.1
OG0000794	jg26553	AT3G23120.1
OG0000794	jg26554	AT3G23110.1
OG0000795	jg26647	AT3G23810.1
OG0000795	jg11413	AT4G13940.1
OG0000796	jg4792	AT5G09780.1
OG0000796	jg20370	AT5G46915.1
OG0000796	jg27662	AT2G16210.1
OG0000796	jg18652	AT2G35310.1
OG0000797	jg14863	AT3G50000.1
OG0000797	jg23642	AT5G67380.1
OG0000797	jg16754	AT2G23080.1
OG0000798	jg18870	AT2G37220.1
OG0000798	jg15278	AT3G53460.4
OG0000799	jg19495	AT2G41980.1
OG0000799	jg15824	AT3G58040.1
OG0000800	jg13568	AT3G28080.1, AT3G28070.1
OG0000800	jg13571	AT3G28100.1
OG0000800	jg13573	AT3G28130.2
OG0000801	jg14847	AT3G49870.1
OG0000801	jg23623	AT5G67560.1
OG0000801	jg14846	AT3G49860.1
OG0000803	jg4948	AT5G11200.2, AT5G11170.1
OG0000804	jg22948, jg7014	AT5G60090.1
OG0000804	jg22947	AT5G60080.1
OG0000805	jg7712	AT4G04620.1
OG0000805	jg10342	AT4G21980.2
OG0000806	jg9904	AT4G25630.1
OG0000806	jg21942	AT5G52470.1
OG0000807	jg21929	AT5G52360.1
OG0000807	jg9907	AT4G25590.1
OG0000808	jg10280	AT4G22520.1
OG0000808	jg10282	AT4G22513.1, AT4G22517.1
OG0000808	jg10281	AT4G22610.1
OG0000809	jg10729	AT4G18596.2
OG0000809	jg20491	AT5G45880.1
OG0000810	jg12146, jg12148	AT5G37280.1
OG0000810	jg12150	AT5G37220.1, AT5G37250.2, AT5G37270.1, AT5G37230.1
OG0000814	jg24716	AT3G07590.1
OG0000814	jg7869	AT4G02840.2
OG0000815	jg18303	AT2G32340.1
OG0000815	jg28862	AT1G05270.1
OG0000816	jg18107	AT2G30620.1
OG0000816	jg29024	AT1G06760.1
OG0000817	jg3174	AT1G75220.1
OG0000817	jg30473	AT1G19450.1
OG0000818	jg30524	AT1G19970.1
OG0000818	jg3232	AT1G75760.1
OG0000819	jg30585	AT1G20490.1, AT1G20500.1
OG0000819	jg12311	AT5G38120.1
OG0000821	jg30748	AT1G21950.1
OG0000822	jg31048	AT1G26920.1
OG0000822	jg2568	AT1G69760.1
OG0000823	jg32008	AT1G33590.2
OG0000825	jg33463	AT1G47780.1
OG0000825	jg33462, jg32609, jg33460	AT1G52695.1
OG0000826	jg25845	AT3G17410.1
OG0000826	jg32898	AT1G48210.1
OG0000827	jg26016	AT3G18820.1
OG0000827	jg33029, jg33033	AT1G49300.1
OG0000828	jg26143	AT3G19940.1
OG0000828	jg33166	AT1G50310.1
OG0000829	jg33175	AT1G50370.1
OG0000829	jg26147	AT3G19980.1
OG0000830	jg33426	AT1G52360.2
OG0000830	jg25639	AT3G15980.5
OG0000831	jg734	AT1G62020.1
OG0000831	jg16556, jg16555	AT2G21390.1
OG0000832	jg894, jg28051	AT2G18720.1
OG0000833	jg21156, jg21143, jg21157, jg21153, jg21149	AT5G42235.1
OG0000833	jg27366	AT2G12475.1
OG0000833	jg21164, jg21163	AT5G42223.1
OG0000833	jg1210	AT1G58055.1
OG0000834	jg8435	AT4G39650.1
OG0000834	jg2577	AT1G69820.1
OG0000834	jg8434	AT4G39640.1
OG0000835	jg5660	AT5G18190.1
OG0000835	jg24256	AT3G03940.1
OG0000837	jg24863	AT3G09380.1
OG0000838	jg25526	AT3G13280.1
OG0000839	jg25789	AT3G17080.1
OG0000839	jg25775	AT3G16960.1
OG0000840	jg26858, jg26826, jg26794	AT3G24850.1, AT5G24050.1
OG0000841	jg27052	AT2G05410.2
OG0000841	jg27054	AT2G05420.1
OG0000842	jg27368	AT2G12480.3
OG0000842	jg21154, jg21150, jg21151, jg21161	AT5G42230.1
OG0000842	jg21141	AT5G42240.1
OG0000843	jg16946	AT2G24530.1
OG0000843	jg9258	AT4G31440.1
OG0000844	jg16980	AT2G24710.3
OG0000844	jg16982	AT2G24720.1
OG0000846	jg18056, jg18055	AT2G30150.2
OG0000846	jg18054	AT2G30140.1
OG0000847	jg18849	AT2G37040.1
OG0000847	jg15258	AT3G53260.1
OG0000848	jg10557	AT4G20095.3
OG0000849	jg19583	AT2G42680.1
OG0000849	jg15895	AT3G58680.1
OG0000850	jg19699	AT2G43590.1
OG0000851	jg14191, jg14194	AT1G57630.1, AT5G38344.1
OG0000852	jg14377	AT3G45970.1
OG0000852	jg14376	AT3G45960.2
OG0000852	jg8303, jg8296	AT4G38400.1
OG0000853	jg14699	AT3G48740.1
OG0000853	jg6213	AT5G23660.1
OG0000854	jg14722	AT3G48960.1
OG0000854	jg6239	AT5G23900.1
OG0000855	jg15001	AT3G51160.1
OG0000855	jg23765	AT5G66280.1
OG0000856	jg15030	AT3G51440.1
OG0000856	jg15029	AT3G51430.1
OG0000856	jg15031	AT3G51450.1
OG0000856	jg15028	AT3G51420.1
OG0000857	jg15976	AT3G59320.1
OG0000857	jg15978	AT3G59340.2
OG0000857	jg15975	AT3G59310.2
OG0000859	jg23344	AT5G63680.1
OG0000859	jg4714	AT5G08570.1
OG0000860	jg6380	AT5G25100.2
OG0000860	jg4915	AT5G10840.1
OG0000861	jg5156	AT5G13430.1
OG0000861	jg5157	AT5G13440.1
OG0000862	jg7095, jg7150	AT4G08500.1
OG0000862	jg7093, jg7090, jg7151, jg7094	AT4G08480.1
OG0000863	jg7634	AT4G12300.1
OG0000863	jg7635	AT4G12310.1, AT4G12320.1
OG0000864	jg10699	AT4G18905.2
OG0000864	jg8809	AT4G35370.1
OG0000865	jg9236	AT4G31690.1, AT4G31640.1, AT4G31650.2
OG0000866	jg20290	AT5G47490.1
OG0000866	jg20296, jg20291	AT5G47480.1
OG0000867	jg22887	AT5G59540.1
OG0000867	jg22886	AT5G59530.1
OG0000868	jg23024	AT5G60840.1
OG0000870	jg23353	AT5G63760.1
OG0000870	jg23352	AT5G63750.1
OG0000870	jg23350	AT5G63730.1
OG0000878	jg31101	AT1G26540.1
OG0000878	jg28645	AT1G03300.1
OG0000878	jg20131	AT2G47230.2
OG0000879	jg28936	AT1G05870.1
OG0000879	jg18219	AT2G31560.1
OG0000880	jg29133	AT1G07747.1
OG0000881	jg3115	AT1G74660.1
OG0000881	jg30410	AT1G18835.1
OG0000882	jg3275	AT1G76160.1
OG0000882	jg17606, jg30737	AT1G21850.1
OG0000883	jg1636, jg1256, jg20544, jg32152, jg27937, jg24467	AT3G28785.1, AT1G36085.1, AT1G23915.1
OG0000884	jg7187	AT4G08850.1
OG0000884	jg32250, jg32251, jg32244, jg32243	AT1G35710.1
OG0000885	jg24959	AT3G10240.1
OG0000885	jg32820	AT1G47765.1
OG0000886	jg33018	AT1G49200.1
OG0000886	jg33020	AT1G49220.1
OG0000886	jg33019	AT1G49210.1
OG0000887	jg33073	AT1G49530.1
OG0000887	jg26166	AT3G20160.1
OG0000888	jg33449	AT1G52570.1
OG0000888	jg25618	AT3G15730.1
OG0000889	jg33718	AT1G55570.1
OG0000889	jg25318	AT3G13390.1
OG0000890	jg27445	AT2G06105.1
OG0000891	jg1754	AT1G64900.1
OG0000891	jg1756	AT1G64930.1
OG0000891	jg1760	AT2G12190.1, AT1G64940.1, AT1G64950.1
OG0000892	jg1870	AT1G65300.1
OG0000892	jg1877, jg1881, jg1882	AT1G65330.1
OG0000893	jg2215	AT1G46408.1
OG0000893	jg13317, jg4214	AT5G04640.1
OG0000894	jg2619	AT1G70110.1
OG0000894	jg9527	AT4G29050.2
OG0000894	jg2623	AT1G70130.1
OG0000895	jg2842	AT1G72130.1
OG0000896	jg5397	AT5G15740.1
OG0000896	jg24030	AT3G02250.1
OG0000897	jg24271	AT3G04080.1
OG0000897	jg5672	AT5G18280.1
OG0000898	jg24621	AT3G06720.1
OG0000899	jg22155	AT5G54040.1
OG0000899	jg22181	AT5G54030.1, AT5G29624.1
OG0000899	jg24650	AT3G06990.1, AT3G07000.1
OG0000900	jg24768	AT3G08530.1
OG0000900	jg25061	AT3G11130.1
OG0000901	jg4227	AT2G04390.1, AT5G04800.1, AT2G05220.1
OG0000901	jg25001	AT3G10610.1
OG0000902	jg6511	AT5G26120.1
OG0000902	jg25014	AT3G10740.2
OG0000903	jg25314	AT3G13350.1
OG0000904	jg26153	AT3G20030.1
OG0000905	jg14749	AT4G25707.1
OG0000905	jg9782, jg14748	AT3G49130.1
OG0000906	jg26907	AT2G04040.1
OG0000906	jg26910	AT2G04080.1
OG0000906	jg26909	AT2G04070.1
OG0000906	jg26908	AT2G04050.1
OG0000907	jg13526, jg13525	AT3G27690.2
OG0000907	jg27028, jg27026	AT2G05100.2, AT2G05070.1
OG0000908	jg27861	AT2G17320.1
OG0000908	jg27862	AT2G17340.1
OG0000908	jg8810	AT4G35360.1
OG0000909	jg27482	AT2G14580.1
OG0000909	jg27484	AT2G14610.1
OG0000910	jg27667	AT3G29797.1, AT3G30247.1, AT2G21655.1, AT2G21727.1
OG0000910	jg17127	AT2G25482.1
OG0000912	jg8730	AT4G36040.1
OG0000912	jg27924	AT2G17880.1
OG0000913	jg9294	AT4G31020.1
OG0000913	jg16909	AT2G24320.2
OG0000914	jg6748, jg6704	AT5G27130.1
OG0000914	jg14068, jg14041	AT1G50780.1, AT1G48150.1
OG0000915	jg17926	AT2G29260.1
OG0000915	jg4366	AT5G06060.1
OG0000916	jg18748, jg15181	AT3G52590.1, AT2G36170.1
OG0000917	jg19207	AT2G39800.1
OG0000917	jg15507	AT3G55610.1
OG0000919	jg14469	AT3G46820.1
OG0000919	jg22842	AT5G59160.1
OG0000920	jg22523	AT5G56452.1
OG0000920	jg14940	AT3G50710.1
OG0000921	jg14957	AT3G50820.1
OG0000921	jg23737	AT5G66570.1
OG0000922	jg4345	AT5G05890.1
OG0000923	jg4597	AT5G07540.1
OG0000923	jg4598	AT5G07550.1
OG0000924	jg4626	AT5G07850.1
OG0000924	jg4628	AT5G07870.1
OG0000924	jg4627	AT5G07860.1
OG0000925	jg23556	AT5G65430.3
OG0000925	jg4874	AT5G10450.4
OG0000926	jg5058	AT5G12180.1
OG0000926	jg5795	AT5G19360.1
OG0000927	jg6089	AT5G22670.1
OG0000927	jg6088	AT5G22660.2
OG0000927	jg6092, jg7080	AT5G22700.5
OG0000928	jg6614	AT5G27770.1
OG0000929	jg7484	AT4G11180.1
OG0000929	jg7486	AT4G11210.1
OG0000929	jg7485	AT4G11190.1
OG0000930	jg7576	AT4G11770.1
OG0000930	jg7572, jg7574	AT4G11750.1
OG0000931	jg21337, jg9459	AT4G29690.1
OG0000931	jg9458	AT4G29710.1
OG0000932	jg9550	AT4G28815.1
OG0000932	jg9551	AT4G28800.2
OG0000933	jg10490	AT4G20840.1
OG0000933	jg10491	AT4G20830.1
OG0000934	jg10653	AT4G19230.2
OG0000934	jg20557	AT5G45340.1
OG0000935	jg10874	AT4G17470.1
OG0000935	jg10873	AT4G17480.1
OG0000936	jg11163, jg11162	AT4G15490.1
OG0000936	jg11161	AT4G15500.1
OG0000938	jg22413	AT3G26550.1, AT5G46670.1
OG0000938	jg22415	AT1G44050.1
OG0000938	jg22417, jg22418	AT5G46660.1
OG0000938	jg22416	AT5G55800.1
OG0000939	jg23705	AT5G66830.1
OG0000944	jg28603	AT1G02890.1
OG0000944	jg7969	AT4G02480.1
OG0000945	jg28687	AT1G03710.1
OG0000946	jg28759	AT1G04410.1
OG0000946	jg20901	AT5G43330.1
OG0000947	jg28938	AT1G05890.2
OG0000947	jg18215	AT2G31510.1
OG0000948	jg29314	AT1G09500.1
OG0000948	jg29316	AT1G09510.1
OG0000949	jg29573, jg29580	AT1G11470.1
OG0000950	jg29770	AT1G13100.1
OG0000950	jg13380	AT3G26830.1
OG0000950	jg29768	AT1G13090.2
OG0000951	jg29817	AT1G13560.1
OG0000951	jg13218	AT3G25585.1
OG0000952	jg29913	AT1G14380.1
OG0000952	jg13077	AT2G02790.1
OG0000953	jg29977	AT1G14910.1
OG0000953	jg12960	AT2G01600.1
OG0000955	jg8847	AT4G35090.1
OG0000955	jg30602	AT1G20630.1
OG0000956	jg31016	AT1G27170.1
OG0000957	jg31267	AT1G27400.1
OG0000957	jg2271	AT1G67430.1
OG0000958	jg18497	AT2G33870.1
OG0000958	jg31384	AT1G28550.1
OG0000959	jg18517	AT2G34160.1
OG0000959	jg31442	AT1G29250.1
OG0000960	jg18529	AT2G34300.1
OG0000960	jg31474	AT1G29470.1
OG0000963	jg32768	AT1G47350.1
OG0000963	jg32767	AT1G47340.1
OG0000964	jg33131	AT1G49990.1
OG0000965	jg33245, jg17709, jg17710, jg17712, jg17714	AT2G27780.1, AT5G27310.1, AT2G13640.1
OG0000966	jg25703	AT3G16480.1
OG0000966	jg33378	AT1G51980.1
OG0000967	jg33452	AT1G52600.1
OG0000968	jg33699	AT1G55420.1, AT1G55380.1, AT1G55430.1
OG0000969	jg33802	AT1G56110.1
OG0000969	jg25240	AT3G12860.1
OG0000970	jg376	AT5G28540.1
OG0000970	jg12854	AT5G42020.3
OG0000971	jg564, jg558, jg563, jg18898, jg18897, jg18896	AT2G37435.1
OG0000972	jg705	AT1G62262.1
OG0000972	jg699	AT1G62280.1
OG0000973	jg835, jg834	AT1G61330.1
OG0000974	jg1015	AT1G59860.1
OG0000974	jg17967	AT2G29500.1
OG0000975	jg6430	AT5G25460.1
OG0000975	jg4974	AT5G11420.1
OG0000976	jg1475, jg1440	AT5G51465.1, AT5G27765.1, AT2G24195.1, AT1G36640.1, AT1G36622.1, AT1G54953.1, AT1G54957.1
OG0000977	jg1466	AT1G54970.1
OG0000977	jg16335	AT3G62680.1
OG0000978	jg2927	AT1G72860.2
OG0000978	jg1474, jg20698	AT5G48770.1
OG0000978	jg2919	AT4G09360.1, AT4G09435.1
OG0000979	jg2016, jg2018	AT1G68270.1
OG0000979	jg2048	AT1G66120.1
OG0000980	jg2160, jg2136	AT1G66720.1
OG0000980	jg2139	AT1G66690.1, AT1G66700.1
OG0000981	jg2816	AT1G71880.1
OG0000981	jg2817	AT1G71890.1
OG0000982	jg23972	AT3G01310.1
OG0000982	jg5329	AT5G15070.2
OG0000983	jg5372	AT5G15470.1
OG0000983	jg24005	AT3G01040.2
OG0000984	jg24620	AT3G06700.1
OG0000985	jg4384	AT5G06230.1
OG0000985	jg25109	AT3G11570.1
OG0000986	jg4520	AT5G06950.1
OG0000986	jg25182	AT3G12250.4
OG0000987	jg11263	AT4G14800.2
OG0000987	jg26493	AT3G22630.1
OG0000988	jg15387	AT3G54540.1
OG0000989	jg10720	AT4G18670.1
OG0000989	jg26757	AT3G24480.1
OG0000989	jg11529	AT4G13340.1
OG0000990	jg26816, jg26817	AT3G24780.1
OG0000990	jg5135	AT5G13210.1
OG0000991	jg27622	AT2G15880.1
OG0000991	jg8969	AT4G33970.1
OG0000992	jg27748	AT2G16580.1
OG0000992	jg8875	AT4G34760.1
OG0000993	jg8815	AT4G35310.1
OG0000993	jg27854	AT2G17290.1
OG0000994	jg8802	AT4G35450.5
OG0000994	jg27866	AT2G17390.1
OG0000995	jg9742	AT4G27090.1
OG0000995	jg28262	AT2G20450.1
OG0000996	jg5813	AT5G19520.1
OG0000997	jg20632, jg20630	AT5G44970.1
OG0000997	jg17236	AT2G26030.4
OG0000998	jg17501	AT4G32200.1
OG0000999	jg19453	AT2G41445.2
OG0000999	jg19452	AT2G41440.1
OG0000999	jg18657	AT2G41470.1
OG0001000	jg15157	AT3G52470.1
OG0001000	jg18730	AT4G09590.1, AT2G35970.1, AT2G35960.1
OG0001001	jg15228	AT3G53020.1
OG0001001	jg18799	AT2G36620.1
OG0001002	jg19081	AT2G38995.2
OG0001002	jg12157	AT5G37300.4
OG0001003	jg19791	AT2G44380.1
OG0001004	jg20080	AT2G46740.1
OG0001004	jg20081	AT2G46750.1
OG0001004	jg20082	AT2G46760.1
OG0001005	jg12672	AT5G40580.1
OG0001005	jg13489	AT3G27430.2
OG0001006	jg6008	AT5G22060.1
OG0001006	jg14112	AT3G44110.1
OG0001007	jg22915	AT5G59780.3
OG0001007	jg14392	AT3G46130.1
OG0001008	jg14477	AT3G46880.1
OG0001008	jg22852	AT5G59080.1
OG0001009	jg14499, jg14500, jg14501	AT3G47030.1
OG0001009	jg14498	AT3G47020.1
OG0001010	jg14916	AT3G50470.1
OG0001010	jg14914	AT3G50450.1
OG0001010	jg14915	AT3G50460.1
OG0001011	jg15521	AT3G55710.1
OG0001012	jg21219, jg21392, jg23448	AT5G64450.1
OG0001013	jg3915	AT5G01150.1
OG0001013	jg3916	AT5G01140.1
OG0001014	jg23504	AT5G64960.1
OG0001014	jg4857	AT5G10270.1
OG0001015	jg4936	AT5G11060.1
OG0001015	jg6394	AT5G25220.1
OG0001016	jg5346	AT5G15200.1
OG0001016	jg12560	AT5G39850.1
OG0001017	jg21865	AT5G51845.1
OG0001017	jg6167	AT5G23212.1
OG0001018	jg6431	AT5G25470.1
OG0001018	jg6432	AT5G25475.4
OG0001019	jg6526, jg6523	AT5G26190.1
OG0001020	jg10383	AT4G21750.1
OG0001020	jg7745	AT4G04890.1
OG0001021	jg9155	AT4G32380.1
OG0001021	jg9156	AT4G32375.1
OG0001021	jg9157	AT4G32370.1
OG0001022	jg9727	AT4G27270.1
OG0001023	jg22342	AT5G55160.2
OG0001023	jg9766	AT4G26840.1
OG0001024	jg9879, jg9878	AT4G25835.1
OG0001024	jg22648	AT5G57480.1
OG0001025	jg10593	AT4G19865.1
OG0001026	jg20383	AT5G46790.1
OG0001026	jg10825	AT4G17870.1
OG0001027	jg20284	AT5G47540.1
OG0001027	jg10891	AT4G17270.1
OG0001028	jg21833	AT5G51630.1
OG0001028	jg10924	AT4G16960.1, AT4G16940.2, AT4G16900.1, AT4G16920.2, AT4G16860.1, AT4G16950.1, AT4G16890.1
OG0001029	jg12377	AT5G38435.1
OG0001030	jg12488	AT5G39300.1, AT5G39280.1
OG0001030	jg12486	AT5G39260.1
OG0001030	jg12487	AT5G39270.1, AT5G39290.1
OG0001031	jg12515, jg12516	AT5G39490.1, AT5G39480.1
OG0001031	jg12514	AT5G39460.1
OG0001032	jg21583	AT5G49490.1
OG0001032	jg21584	AT5G38620.1, AT5G49420.1
OG0001033	jg22365	AT5G55360.1
OG0001033	jg22364	AT5G55350.1
OG0001034	jg22893	AT5G59590.1
OG0001034	jg22892	AT5G59580.1
OG0001035	jg23602	AT5G65810.1
OG0001044	jg8057	AT4G01820.1, AT4G01830.1
OG0001044	jg28560, jg28561	AT1G02530.1
OG0001045	jg28618	AT1G03040.3
OG0001045	jg7956	AT4G02590.1
OG0001046	jg28641	AT1G03260.1
OG0001046	jg5758	AT5G19070.1
OG0001047	jg28717	AT1G03980.2
OG0001047	jg20788	AT5G44070.1
OG0001048	jg18349	AT2G32730.1
OG0001048	jg28803	AT1G04810.1
OG0001049	jg29129	AT1G07730.2
OG0001049	jg17843	AT2G28670.1
OG0001050	jg29182	AT1G08200.1
OG0001050	jg17723	AT2G27860.1
OG0001051	jg29351	AT1G09795.1
OG0001051	jg1206	AT1G58080.1
OG0001052	jg887	AT1G60940.1
OG0001052	jg29504	AT1G10940.2
OG0001053	jg30017	AT1G15310.1
OG0001053	jg32974	AT1G48900.1
OG0001054	jg3148	AT1G74960.1
OG0001055	jg30462	AT1G19360.1
OG0001055	jg3163	AT1G75110.1
OG0001055	jg3164	AT1G75120.1
OG0001056	jg3278	AT1G76185.1
OG0001056	jg30582	AT1G20460.1
OG0001057	jg30724	AT1G21720.1
OG0001058	jg2673	AT1G70580.1
OG0001058	jg30903	AT1G23310.1
OG0001059	jg30919	AT1G23460.1
OG0001059	jg2657	AT1G70500.1
OG0001060	jg5391	AT5G15670.1
OG0001060	jg5390	AT5G15660.1
OG0001060	jg31105, jg31104	AT1G26515.1
OG0001060	jg31107	AT1G26510.1
OG0001061	jg31262, jg31260	AT1G27330.1
OG0001062	jg31394	AT1G28660.1
OG0001062	jg31392	AT1G28640.1
OG0001062	jg31393	AT1G28650.1
OG0001063	jg31662	AT1G30890.1
OG0001063	jg15998	AT3G59500.1
OG0001064	jg18660	AT2G35370.1
OG0001064	jg31900	AT1G32470.1
OG0001066	jg32097	AT1G34190.1
OG0001066	jg32096	AT1G34180.2
OG0001067	jg3709	AT1G80560.1
OG0001067	jg32275	AT1G31180.2
OG0001067	jg5235	AT5G14200.1
OG0001069	jg32903	AT1G55947.1
OG0001070	jg32957	AT1G48770.1
OG0001070	jg25953	AT3G18295.1
OG0001071	jg33174	AT1G50360.1
OG0001071	jg26145	AT3G19960.2
OG0001072	jg26149	AT3G20010.1
OG0001072	jg33178	AT1G50410.1
OG0001073	jg33185	AT1G50490.1
OG0001074	jg25568, jg33505	AT1G53035.2
OG0001075	jg33717	AT1G55560.1
OG0001075	jg25319	AT3G13400.1
OG0001076	jg33741	AT1G55680.1
OG0001076	jg25311	AT3G13340.1
OG0001077	jg1026	AT1G59790.1
OG0001078	jg16595	AT2G21790.1
OG0001079	jg20363	AT5G46990.1
OG0001079	jg1526	AT1G54620.1
OG0001079	jg20364	AT5G46980.1
OG0001080	jg1827, jg1825, jg1709	AT1G65370.1
OG0001080	jg1708, jg1824, jg1850	AT1G65050.1, AT1G65150.1
OG0001081	jg1993, jg1995, jg1992, jg1988	AT1G65760.1
OG0001081	jg1991, jg1994, jg1987	AT1G65740.1
OG0001081	jg1996	AT1G65770.1
OG0001082	jg2737	AT1G71140.1
OG0001083	jg3202	AT1G75440.1
OG0001083	jg20965	AT5G42990.1
OG0001084	jg5257	AT5G14380.1
OG0001085	jg23973	AT3G01300.1
OG0001085	jg5333	AT5G15080.1
OG0001086	jg24387	AT3G04960.3
OG0001086	jg24407, jg24406	AT3G05110.1
OG0001087	jg6705	AT5G27120.1
OG0001087	jg6700	AT5G27140.2
OG0001087	jg24402	AT3G05060.1
OG0001088	jg24446, jg13950, jg24450, jg24448	AT3G05450.1
OG0001089	jg6611	AT5G27840.4
OG0001089	jg24470	AT3G05580.1
OG0001090	jg6584	AT5G26860.1
OG0001090	jg24503	AT3G05790.1
OG0001091	jg5709	AT5G18620.2
OG0001091	jg24575	AT3G06400.3
OG0001092	jg24609	AT3G06630.2
OG0001092	jg24610	AT3G06640.1
OG0001092	jg24608	AT3G06620.1
OG0001093	jg7097, jg7143	AT4G08520.1
OG0001093	jg24907	AT3G09800.6
OG0001094	jg24908	AT3G09810.1
OG0001094	jg4060	AT5G03290.1
OG0001095	jg19447	AT2G41630.1
OG0001095	jg24967	AT3G10330.1
OG0001096	jg16081	AT3G60245.1
OG0001097	jg25079	AT3G11320.1
OG0001097	jg4338	AT5G05820.1
OG0001098	jg12821	AT5G41770.1
OG0001098	jg20470	AT5G45990.2
OG0001098	jg25293	AT3G13210.1
OG0001100	jg26576, jg26577	AT3G23260.1
OG0001101	jg11464	AT4G13580.1
OG0001101	jg26712	AT3G24020.1
OG0001103	jg27422	AT2G14060.1
OG0001103	jg12296	AT5G38020.1
OG0001104	jg4325	AT5G05670.1
OG0001104	jg28056	AT2G18770.2
OG0001105	jg9416	AT4G30020.1
OG0001105	jg28101	AT2G19170.1
OG0001106	jg28119	AT2G19350.1
OG0001106	jg9434	AT4G29850.1
OG0001107	jg28285	AT2G20620.1
OG0001108	jg16546	AT2G21330.1
OG0001108	jg8365	AT4G38970.1
OG0001109	jg8381	AT4G39110.1
OG0001109	jg16565	AT2G21480.1
OG0001110	jg8497	AT4G39950.2
OG0001110	jg16662	AT2G22330.2
OG0001111	jg8576	AT4G37580.1
OG0001111	jg16752	AT2G23060.1
OG0001112	jg16773, jg16781	AT2G23250.1
OG0001112	jg16782	AT2G23260.1
OG0001113	jg16825	AT2G23620.1
OG0001113	jg16821, jg16824	AT2G23610.1
OG0001113	jg16822, jg16820	AT2G23590.1, AT2G23600.2
OG0001114	jg17877, jg17884	AT2G28960.2
OG0001115	jg17915	AT2G29190.1
OG0001115	jg17909	AT2G29140.1
OG0001115	jg17916	AT2G29200.1
OG0001116	jg18040	AT2G30060.1
OG0001117	jg15287	AT3G53550.1
OG0001118	jg19221	AT2G39900.1
OG0001118	jg15533	AT3G55770.7
OG0001119	jg19390	AT2G41140.1
OG0001119	jg15715, jg15645	AT3G56760.1
OG0001120	jg19435	AT2G41490.1
OG0001120	jg15724, jg15657	AT3G57220.1
OG0001121	jg15744	AT3G57330.1
OG0001121	jg19442	AT2G41560.1
OG0001122	jg19769	AT2G44180.1
OG0001122	jg16052	AT3G59990.1
OG0001123	jg6320	AT5G24550.1, AT5G24540.1
OG0001124	jg16082	AT3G60250.1
OG0001124	jg19828	AT2G44680.1
OG0001125	jg19979	AT2G45820.1
OG0001125	jg16178	AT3G61260.1
OG0001126	jg15910	AT3G58810.1
OG0001126	jg20086	AT2G46800.1
OG0001127	jg20181	AT2G47650.2
OG0001127	jg16350	AT3G62830.1
OG0001128	jg13196	AT2G04020.2
OG0001128	jg13195	AT2G03980.1
OG0001129	jg12607	AT5G40040.1
OG0001129	jg13620	AT3G28500.1
OG0001130	jg13820, jg12134	AT5G37150.1, AT5G52090.1
OG0001130	jg12138	AT5G37165.1
OG0001130	jg12129	AT5G37140.1
OG0001132	jg6033	AT5G22250.1
OG0001132	jg14141	AT3G44260.1
OG0001133	jg14683	AT3G48680.1
OG0001133	jg22811, jg23322	AT5G63510.2
OG0001134	jg14703	AT3G48780.1
OG0001134	jg6214	AT5G23670.1
OG0001135	jg23481	AT5G64740.1
OG0001135	jg4806	AT5G09870.1
OG0001136	jg4967	AT5G11360.1
OG0001136	jg4971	AT5G11400.2
OG0001136	jg4972	AT5G11410.1
OG0001137	jg5077	AT5G12350.1
OG0001137	jg5801	AT5G19420.2
OG0001138	jg23584	AT5G65690.2
OG0001138	jg8549	AT4G37870.1
OG0001139	jg9189	AT4G32100.1
OG0001139	jg9188	AT4G32110.1, AT4G32105.1
OG0001140	jg9793	AT4G26570.2
OG0001140	jg22440	AT4G26560.1
OG0001141	jg9827	AT4G26270.1
OG0001141	jg22545	AT5G56630.1
OG0001142	jg11355, jg11354	AT4G14260.1
OG0001142	jg9868	AT4G25920.1
OG0001143	jg10361	AT4G21903.2
OG0001143	jg10360	AT4G21910.2
OG0001144	jg20601	AT5G45130.2
OG0001145	jg22498	AT5G56370.1
OG0001149	jg19970	AT2G45740.1
OG0001149	jg28438	AT1G01820.1
OG0001150	jg28664	AT1G03490.1
OG0001151	jg28753	AT1G04370.1
OG0001151	jg20875	AT5G43410.1
OG0001152	jg18237	AT2G31730.1
OG0001152	jg28916	AT1G05710.10
OG0001153	jg29016	AT1G06680.1
OG0001153	jg18129	AT2G30790.1
OG0001154	jg17945	AT2G29390.1
OG0001154	jg29095	AT1G07420.1
OG0001155	jg29134	AT1G07750.1
OG0001155	jg17845	AT2G28680.1
OG0001156	jg1009	AT1G59940.2
OG0001156	jg29436	AT1G10470.1
OG0001157	jg29456	AT1G10588.1
OG0001158	jg29646	AT1G12040.1
OG0001158	jg678	AT1G62440.1
OG0001159	jg29767	AT1G13080.1
OG0001160	jg13222	AT3G25610.1
OG0001160	jg29784	AT1G13210.1
OG0001161	jg29926	AT1G14480.1
OG0001161	jg29929	AT1G14500.1
OG0001162	jg30092	AT1G16010.1
OG0001162	jg3669	AT1G80900.1
OG0001163	jg30304	AT1G17790.1
OG0001163	jg2955	AT1G73150.1
OG0001164	jg30392	AT1G18690.1
OG0001164	jg3090	AT1G74380.1
OG0001165	jg30660	AT1G21190.1
OG0001165	jg3348	AT1G76860.1
OG0001166	jg30669, jg30671	AT1G21280.1
OG0001167	jg30769, jg30770	AT1G22090.1
OG0001168	jg7339	AT4G10040.1
OG0001168	jg30845	AT1G22840.1
OG0001169	jg2605	AT1G70030.1
OG0001169	jg30995	AT1G24200.1
OG0001170	jg31460	AT1G29340.1
OG0001171	jg18605	AT2G34880.1
OG0001171	jg31652	AT1G30810.1
OG0001172	jg31966	AT1G33120.1, AT1G33140.1
OG0001173	jg32108	AT1G34510.1
OG0001173	jg9856, jg9858, jg9857	AT4G26010.2
OG0001174	jg2389	AT1G68260.1, AT1G68280.1
OG0001174	jg32181	AT1G35250.1
OG0001174	jg32184	AT1G35290.1
OG0001176	jg5628, jg32476	AT5G17920.1
OG0001176	jg24228	AT3G03780.1
OG0001177	jg32591	AT5G59270.2
OG0001177	jg22832	AT5G59260.1
OG0001178	jg32925	AT1G48440.1
OG0001178	jg25888	AT3G17780.1
OG0001179	jg26069	AT3G19320.1
OG0001179	jg33100	AT1G49750.1
OG0001180	jg33468	AT1G52740.1
OG0001181	jg33504	AT1G53025.2
OG0001181	jg33503, jg33502	AT1G53023.1
OG0001182	jg17166, jg33561	AT1G53540.1
OG0001182	jg14405, jg14407	AT3G46230.1
OG0001183	jg26701, jg25443	AT3G14300.1
OG0001183	jg33612	AT1G53840.1
OG0001184	jg33709	AT1G55520.1
OG0001185	jg406	AT1G64300.1
OG0001185	jg12799	AT5G41730.1
OG0001186	jg665	AT1G62570.1
OG0001186	jg669	AT1G62540.2
OG0001186	jg668	AT1G62560.1
OG0001187	jg9687	AT4G27595.1
OG0001187	jg1797	AT1G65010.1
OG0001188	jg7453	AT4G11000.1
OG0001189	jg2169, jg2168, jg2170	AT1G66780.1
OG0001189	jg1737	AT1G64820.1
OG0001190	jg1923	AT1G65486.3
OG0001190	jg1925	AT1G65490.2
OG0001190	jg1926, jg1929	AT1G65500.1
OG0001191	jg2123	AT5G06170.1
OG0001191	jg27491, jg2122	AT1G66570.1, AT2G14670.1, AT5G43610.1
OG0001192	jg2896	AT1G72630.1
OG0001193	jg3154	AT1G75030.1
OG0001193	jg3158	AT1G75050.1
OG0001194	jg3246	AT1G75890.3
OG0001195	jg3420	AT1G77520.1
OG0001195	jg3422	AT1G77530.1
OG0001196	jg23933	AT3G01620.1
OG0001196	jg5269	AT5G14480.1
OG0001197	jg23963	AT2G30050.1
OG0001198	jg5531	AT5G17020.1
OG0001198	jg24142	AT3G03110.1
OG0001199	jg24156	AT3G03240.1
OG0001199	jg24155	AT3G03230.1
OG0001200	jg24249	AT3G03920.1
OG0001200	jg5659	AT5G18180.1
OG0001201	jg24330	AT3G04520.1
OG0001202	jg24473	AT3G05610.1
OG0001202	jg6608	AT5G27870.1
OG0001203	jg24525	AT3G05960.1
OG0001203	jg6536	AT5G26250.1
OG0001204	jg24567	AT3G06320.1, AT5G18790.1
OG0001205	jg24803	AT3G08890.1
OG0001205	jg3854	AT5G01610.1
OG0001206	jg25072	AT3G11250.1
OG0001206	jg24843	AT3G09200.1
OG0001207	jg4085	AT5G03470.1
OG0001207	jg24914	AT3G09880.1
OG0001208	jg24993	AT3G10540.1
OG0001208	jg4202	AT5G04510.1
OG0001209	jg25006	AT3G10660.1
OG0001209	jg4235	AT5G04870.1
OG0001210	jg16852	AT2G23930.1
OG0001210	jg25102	AT3G11500.1
OG0001211	jg25500	AT3G14840.2
OG0001212	jg26777	AT3G24550.1
OG0001212	jg26775	AT3G24540.1
OG0001213	jg8979	AT4G33890.1
OG0001213	jg27523	AT2G14850.1
OG0001214	jg8856	AT4G35000.1
OG0001215	jg27773	AT2G16770.1
OG0001215	jg8852	AT4G35040.1
OG0001216	jg8796	AT4G35510.1
OG0001216	jg27886	AT2G17540.1
OG0001217	jg28103	AT2G19190.1
OG0001217	jg9419	AT4G29990.1
OG0001217	jg28108	AT2G19210.1
OG0001218	jg28227	AT2G20170.1
OG0001218	jg10164	AT4G23390.1
OG0001218	jg10166	AT4G23373.1
OG0001218	jg10167	AT4G23370.1
OG0001219	jg28249	AT2G20340.1
OG0001220	jg28274, jg28276	AT2G20560.1
OG0001220	jg9585	AT4G28480.1
OG0001221	jg28279	AT2G20580.1
OG0001221	jg9586	AT4G28470.1
OG0001222	jg8336	AT4G38680.1
OG0001222	jg16509	AT2G21060.1
OG0001223	jg12209	AT5G37560.1
OG0001223	jg16559	AT2G21420.1
OG0001223	jg17107	AT2G25360.1
OG0001224	jg3860	AT5G01550.1
OG0001224	jg3859	AT5G01560.1
OG0001225	jg8588	AT4G37450.2
OG0001225	jg16761	AT2G23130.1
OG0001226	jg17088	AT2G25290.1
OG0001226	jg9192	AT4G32070.1
OG0001227	jg17160	AT2G25670.1
OG0001228	jg18241	AT2G31780.1
OG0001228	jg18240	AT2G31760.1, AT2G31770.1
OG0001229	jg20283	AT5G47550.1
OG0001230	jg18788	AT2G36530.1
OG0001231	jg19710	AT2G43690.1
OG0001231	jg19713, jg19711	AT2G43700.1
OG0001232	jg20124	AT2G47160.2
OG0001232	jg16297	AT3G62270.1
OG0001233	jg16337	AT3G62700.1
OG0001233	jg20195	AT2G47800.1
OG0001234	jg13539	AT3G27830.1
OG0001234	jg13542	AT3G27850.1
OG0001235	jg13593, jg13592	AT3G28270.1
OG0001236	jg23019	AT5G60780.1
OG0001236	jg14268	AT3G45060.1
OG0001237	jg14387	AT3G46090.1, AT3G46080.1
OG0001237	jg14386	AT3G46070.1
OG0001238	jg14421	AT3G46340.1
OG0001238	jg14425	AT3G46370.1, AT3G46400.1, AT3G46420.1
OG0001238	jg14423	AT3G46350.1
OG0001239	jg6307	AT5G24430.1
OG0001239	jg14777	AT3G49370.1
OG0001240	jg5387	AT5G15620.1
OG0001240	jg16284, jg16316	AT3G62430.1
OG0001240	jg15356	AT3G54160.1
OG0001241	jg15389	AT3G54560.1
OG0001242	jg6147	AT5G23090.1
OG0001242	jg4666	AT5G08190.1
OG0001243	jg4675	AT5G08300.1
OG0001243	jg6171	AT5G23250.1
OG0001244	jg4678	AT1G33607.1, AT5G08055.1, AT5G08315.1
OG0001245	jg4736	AT5G09220.1
OG0001245	jg23370	AT5G63850.1
OG0001246	jg4903	AT5G10740.1
OG0001246	jg6368	AT5G24940.1
OG0001247	jg5862	AT5G19990.1
OG0001247	jg5863	AT5G20000.1
OG0001248	jg6488	AT5G25950.1
OG0001248	jg6084, jg6489	AT5G25960.1
OG0001249	jg6641	AT5G27630.3
OG0001250	jg6722, jg6724	AT5G28020.1
OG0001250	jg6725	AT5G28030.1
OG0001251	jg7231	AT4G09130.1
OG0001251	jg7227	AT4G09110.1
OG0001251	jg7230	AT4G09120.1
OG0001252	jg7369	AT4G10270.1
OG0001254	jg7592	AT4G11920.1
OG0001254	jg10234	AT4G22910.1
OG0001255	jg10328	AT4G22120.1
OG0001255	jg7694	AT4G04340.1
OG0001256	jg8509	AT4G40042.1
OG0001258	jg8801	AT4G35460.1
OG0001259	jg9640	AT4G28000.2
OG0001259	jg21996	AT5G52882.1
OG0001260	jg9648	AT4G27920.1
OG0001260	jg22040	AT5G53160.2
OG0001261	jg22198, jg22200	AT5G54160.1
OG0001262	jg22246	AT5G54430.3
OG0001262	jg9722	AT4G27320.1
OG0001263	jg9783	AT4G26670.1
OG0001263	jg22385	AT5G55510.1
OG0001264	jg9805	AT4G26480.1
OG0001264	jg22462	AT5G56140.1
OG0001265	jg9938	AT4G25310.1
OG0001265	jg9939	AT4G25300.1
OG0001266	jg9945	AT4G25240.1
OG0001266	jg21819	AT5G51480.1
OG0001267	jg10089	AT4G23990.1
OG0001267	jg10086	AT4G24010.1
OG0001268	jg12305	AT5G38080.1
OG0001268	jg12304, jg12307	AT5G38090.1
OG0001268	jg12306	AT1G45403.1
OG0001269	jg12461	AT5G39000.1
OG0001270	jg12562, jg12564	AT5G39370.1
OG0001271	jg20718	AT3G56530.1, AT3G56560.1, AT5G39540.1, AT3G55210.1, AT5G39690.1
OG0001272	jg22518	AT5G56440.1
OG0001273	jg23460	AT5G64560.1
OG0001281	jg28708	AT1G03905.1
OG0001281	jg20784	AT5G44110.1
OG0001282	jg18441	AT2G33420.1
OG0001282	jg28765	AT1G04470.1
OG0001283	jg28784	AT1G04630.1
OG0001283	jg18415	AT2G33220.2
OG0001284	jg18195	AT2G31345.1
OG0001284	jg28960	AT1G06135.1
OG0001285	jg18147	AT2G30950.4
OG0001285	jg28993	AT1G06430.1
OG0001286	jg29090	AT1G07360.1
OG0001286	jg17976	AT2G29580.1
OG0001287	jg29173	AT1G08100.1
OG0001287	jg29172	AT1G08090.1
OG0001288	jg1293	AT1G57720.1
OG0001288	jg29333	AT1G09640.1
OG0001289	jg29412	AT1G10290.1
OG0001289	jg1099	AT1G59610.1
OG0001290	jg29476	AT1G10730.1
OG0001290	jg909	AT1G60780.1
OG0001291	jg842	AT1G61250.1
OG0001291	jg29533	AT1G11180.2
OG0001292	jg579	AT1G63090.1
OG0001292	jg29727	AT1G12710.2
OG0001293	jg13377	AT3G26810.1
OG0001293	jg29741	AT1G12820.1
OG0001294	jg29898	AT1G14250.1
OG0001294	jg29897	AT1G14240.1
OG0001294	jg29896	AT1G14230.1
OG0001295	jg13058	AT2G02470.1
OG0001295	jg29930	AT1G14510.1
OG0001296	jg30007	AT1G15210.1
OG0001296	jg1013	AT1G59870.1
OG0001297	jg3677	AT1G80830.1
OG0001297	jg30087	AT1G15960.1
OG0001298	jg30105	AT1G16160.1
OG0001298	jg30101	AT1G16110.1
OG0001299	jg3609	AT1G79230.1
OG0001299	jg30131	AT1G16460.2
OG0001300	jg3607	AT1G79210.1
OG0001301	jg2868	AT1G72330.3
OG0001301	jg30254	AT1G17290.1
OG0001302	jg2943	AT1G73030.1
OG0001303	jg10305	AT4G22280.1
OG0001304	jg3367	AT1G77000.1
OG0001304	jg30688	AT1G21410.1
OG0001305	jg2667	AT1G70550.1
OG0001305	jg30906	AT1G23340.1
OG0001306	jg31161	AT1G25520.1
OG0001306	jg2437	AT1G68650.1
OG0001307	jg13035	AT5G57890.1
OG0001307	jg31201	AT1G25220.2
OG0001308	jg31208	AT1G24764.3
OG0001308	jg2362	AT1G68060.1
OG0001309	jg31249	AT1G24280.1
OG0001309	jg5125	AT5G13110.1
OG0001310	jg31617	AT1G30590.2
OG0001310	jg18592	AT2G34750.1
OG0001311	jg31935	AT1G32850.1
OG0001311	jg7406	AT4G10590.1, AT4G10570.1
OG0001312	jg7258	AT4G09510.1
OG0001312	jg32230	AT1G35580.1
OG0001313	jg24181	AT3G03400.1
OG0001313	jg5580	AT5G17470.1
OG0001313	jg18749	AT2G36180.1
OG0001314	jg21021	AT5G42790.1
OG0001314	jg32752	AT1G47250.1
OG0001315	jg32829	AT5G35890.1
OG0001315	jg17643	AT2G15025.1
OG0001315	jg11610, jg33035	AT1G37000.1
OG0001316	jg33094	AT1G49710.1
OG0001316	jg26065	AT3G19280.1
OG0001317	jg26095	AT3G19540.1
OG0001317	jg33111	AT1G49840.1
OG0001318	jg33244	AT1G51055.1
OG0001319	jg33382	AT1G52030.1
OG0001320	jg25659	AT3G16140.1
OG0001320	jg33407	AT1G52230.1
OG0001321	jg33533	AT1G53290.1
OG0001321	jg25516	AT3G14960.1
OG0001322	jg33725	AT1G55610.1
OG0001322	jg25317	AT3G13380.1
OG0001323	jg33819	AT1G54320.1
OG0001323	jg25230	AT3G12740.1
OG0001324	jg424	AT1G64190.1
OG0001324	jg12789	AT5G41670.1
OG0001325	jg565, jg566	AT1G63190.1
OG0001325	jg562	AT1G63200.1
OG0001326	jg26875	AT3G25260.1
OG0001326	jg26876	AT3G25280.1
OG0001327	jg17176, jg1592, jg9936	AT2G05642.1
OG0001330	jg3583	AT1G78960.1
OG0001330	jg3527, jg2281, jg3584	AT1G78970.1
OG0001330	jg2200	AT1G66960.2
OG0001331	jg3182	AT1G75280.1
OG0001331	jg3184	AT1G75300.1
OG0001331	jg3183	AT1G75290.2
OG0001332	jg3650	AT1G79590.3
OG0001333	jg3748	AT1G80220.1
OG0001333	jg17238	AT2G26050.1
OG0001334	jg5432	AT5G16070.1
OG0001334	jg24071	AT3G02530.1
OG0001335	jg24133	AT3G03050.1
OG0001335	jg5520	AT5G16910.1
OG0001336	jg5545	AT5G17190.1
OG0001336	jg24147	AT3G03160.1
OG0001337	jg24285	AT3G04180.1
OG0001337	jg24296	AT3G04190.1
OG0001337	jg24295	AT3G04170.1
OG0001337	jg24281	AT3G04150.2
OG0001338	jg24396	AT3G05030.1
OG0001338	jg6699	AT5G27150.1
OG0001339	jg25265	AT3G13020.1
OG0001339	jg25266	AT3G13030.1
OG0001340	jg24565	AT3G06310.1
OG0001340	jg5733	AT5G18800.1
OG0001341	jg3940	AT5G02100.1
OG0001341	jg24853	AT3G09300.1
OG0001342	jg24909	AT3G09820.1
OG0001342	jg4061	AT5G03300.1
OG0001343	jg4233	AT5G04850.2
OG0001343	jg25004	AT3G10640.1
OG0001344	jg4308	AT5G05520.1
OG0001344	jg25055	AT3G11070.1
OG0001345	jg25619	AT3G15740.1
OG0001345	jg25517	AT3G14970.1
OG0001346	jg25692	AT3G16410.1
OG0001346	jg25691	AT3G16400.1
OG0001346	jg25693	AT3G16390.1
OG0001346	jg18392	AT2G33070.3
OG0001347	jg25735	AT3G16660.2
OG0001347	jg25736	AT3G16670.1
OG0001348	jg12059, jg25966, jg25964	AT3G18980.1
OG0001348	jg26079	AT3G19410.1
OG0001348	jg6741	AT3G18320.1
OG0001349	jg11240	AT4G14990.1
OG0001349	jg26453	AT3G22270.1
OG0001350	jg11308	AT4G14560.1
OG0001350	jg26546	AT3G23030.2
OG0001351	jg26968	AT2G04520.1
OG0001352	jg8861	AT4G34950.1
OG0001352	jg27755	AT2G16660.1
OG0001353	jg27766	AT2G16730.1
OG0001353	jg8855	AT4G35010.1
OG0001354	jg27908	AT2G17730.2
OG0001354	jg8754	AT4G35840.2
OG0001355	jg27922	AT2G17860.1
OG0001355	jg8733	AT4G36010.1
OG0001356	jg27953	AT2G18080.1
OG0001356	jg8711	AT4G36190.1
OG0001356	jg8710	AT4G36195.1
OG0001357	jg9518	AT4G29160.1
OG0001357	jg28180	AT2G19830.2
OG0001358	jg16537	AT2G21240.1
OG0001358	jg8359	AT4G38910.2
OG0001359	jg16558	AT2G21410.1
OG0001359	jg8377	AT4G39080.1
OG0001360	jg16600	AT2G21840.1
OG0001360	jg16601	AT2G21850.1
OG0001360	jg16599	AT2G21830.1
OG0001361	jg8552	AT4G37820.1
OG0001361	jg16709	AT2G22795.1
OG0001363	jg17701	AT2G27720.2
OG0001364	jg18394	AT2G33300.1, AT2G33090.1
OG0001364	jg18362	AT2G32820.1
OG0001365	jg18537	AT2G34360.1
OG0001365	jg21940	AT5G52450.1
OG0001366	jg18550	AT2G34490.1
OG0001366	jg18551	AT2G34500.1
OG0001368	jg18946	AT2G37810.1
OG0001368	jg18944	AT2G37800.1
OG0001368	jg18945	AT2G37805.1
OG0001369	jg15086	AT3G51860.2
OG0001369	jg19001, jg18988	AT2G38170.3
OG0001370	jg19366	AT2G40925.1
OG0001370	jg19360, jg19364	AT2G40910.1
OG0001370	jg19365	AT2G40920.1
OG0001371	jg19531	AT2G42300.1
OG0001371	jg15803	AT3G57800.1
OG0001372	jg15980	AT3G59360.1
OG0001372	jg19652	AT2G43240.1
OG0001373	jg16043	AT3G59920.1
OG0001373	jg19757	AT2G44100.1
OG0001374	jg19811	AT2G44560.1
OG0001374	jg19810	AT2G44540.1, AT2G44550.1
OG0001374	jg19812	AT2G44570.1
OG0001375	jg16074	AT3G60190.1
OG0001375	jg19816	AT2G44590.3
OG0001376	jg19944	AT2G44890.1
OG0001377	jg20027	AT2G46260.1
OG0001377	jg16216	AT3G61600.1
OG0001378	jg13358	AT3G26690.1
OG0001379	jg12702	AT5G40810.1
OG0001379	jg13450	AT3G27240.1
OG0001380	jg13455	AT3G27280.1
OG0001380	jg12696	AT5G40770.1
OG0001381	jg13459	AT3G27300.4
OG0001381	jg12695	AT5G40760.1
OG0001382	jg12684	AT5G40650.1
OG0001382	jg13473	AT3G27380.1
OG0001383	jg12638	AT5G40310.2
OG0001383	jg13559	AT3G27970.1
OG0001384	jg13647, jg13646	AT3G28710.1
OG0001385	jg13661	AT3G28810.1, AT3G28820.1
OG0001385	jg13701	AT3G28980.1
OG0001386	jg12495	AT5G39340.2
OG0001386	jg13772	AT3G29350.1, AT4G04402.1
OG0001387	jg12451	AT5G38970.1
OG0001387	jg13850	AT3G30180.1
OG0001388	jg22983	AT5G60410.2
OG0001389	jg23750	AT5G66450.3
OG0001389	jg14969	AT3G50920.1
OG0001390	jg15238	AT3G53080.1
OG0001391	jg15548, jg15263	AT3G53310.1
OG0001392	jg4149	AT5G04040.1
OG0001392	jg15667	AT3G57140.1
OG0001393	jg16018	AT3G59700.1
OG0001393	jg16020	AT3G59730.1
OG0001394	jg16353	AT3G62860.1
OG0001395	jg23126	AT5G61780.1
OG0001395	jg4575, jg4444	AT5G07350.2
OG0001396	jg4502	AT5G06810.1
OG0001396	jg4503	AT5G06811.1
OG0001397	jg23417	AT5G64260.1
OG0001397	jg4759	AT5G09440.1
OG0001398	jg5812	AT5G19510.1
OG0001398	jg5050	AT5G12110.1
OG0001399	jg5804	AT5G19450.1
OG0001399	jg5092	AT5G12480.1
OG0001400	jg5162	AT5G13490.1
OG0001401	jg5655	AT5G18150.1
OG0001401	jg5283	AT5G14602.1
OG0001402	jg5284	AT5G14610.1
OG0001403	jg6358	AT5G24860.2
OG0001404	jg6576	AT5G26780.2
OG0001404	jg8538	AT4G37930.1
OG0001405	jg7374	AT4G10310.1
OG0001406	jg10236	AT4G22890.1
OG0001406	jg7597	AT4G11960.1
OG0001407	jg7641	AT4G00893.1
OG0001408	jg7738	AT4G04860.1
OG0001408	jg10378	AT4G21810.1
OG0001409	jg10461	AT4G21090.1
OG0001409	jg7809	AT4G05450.1
OG0001410	jg8534	AT4G37980.1
OG0001410	jg8533	AT4G37990.1
OG0001411	jg8829	AT4G35210.1
OG0001411	jg8830	AT4G35200.1
OG0001412	jg8885	AT4G34650.1
OG0001412	jg8886	AT4G34640.1
OG0001413	jg22389	AT5G55550.10
OG0001413	jg9785	AT4G26650.1
OG0001414	jg9812	AT4G26430.1
OG0001414	jg22478	AT5G56280.1
OG0001415	jg9847	AT4G26110.1
OG0001415	jg22583	AT5G56950.1
OG0001416	jg9882	AT4G25810.1
OG0001416	jg22655	AT5G57560.1
OG0001417	jg10055	AT4G24260.1
OG0001417	jg21619	AT5G49720.1
OG0001418	jg20529	AT5G45560.1
OG0001418	jg10679, jg10678	AT4G19040.2
OG0001419	jg11193	AT4G15280.2
OG0001419	jg11196, jg11195	AT4G15260.1
OG0001419	jg11600	AT4G15270.3
OG0001420	jg11528	AT4G13345.4
OG0001421	jg12251	AT5G37810.1
OG0001421	jg12252	AT5G37820.2
OG0001422	jg20341	AT5G47100.1
OG0001424	jg21656	AT5G50040.1
OG0001431	jg28459	AT1G01610.1
OG0001431	jg8204, jg8202	AT4G00400.1
OG0001432	jg28546	AT1G02380.1
OG0001432	jg8041	AT4G01960.1
OG0001433	jg8003	AT4G02170.1
OG0001433	jg28575	AT5G38700.1
OG0001434	jg7958	AT4G02570.1
OG0001434	jg28612	AT1G02980.1, AT1G43140.1
OG0001435	jg28750	AT1G04340.1
OG0001435	jg20860	AT5G43460.1
OG0001436	jg18399	AT2G33150.1
OG0001436	jg28794	AT1G04710.1
OG0001437	jg18312	AT2G32410.1
OG0001437	jg28852	AT1G05180.1
OG0001438	jg1521	AT1G54690.1
OG0001439	jg29470	AT1G10680.1
OG0001439	jg9863	AT4G25960.1
OG0001440	jg886	AT1G60950.1
OG0001440	jg29506	AT1G10960.1
OG0001441	jg29540	AT1G11250.1
OG0001441	jg836	AT1G61290.1
OG0001442	jg29643	AT1G12010.1
OG0001442	jg686	AT1G62380.1
OG0001443	jg29679	AT1G12310.1
OG0001443	jg628	AT1G62820.1
OG0001444	jg29714	AT1G12640.1
OG0001444	jg591	AT1G63050.1
OG0001445	jg13350	AT3G26618.1
OG0001445	jg29750	AT1G12920.1
OG0001446	jg29763	AT1G13060.2
OG0001446	jg13322	AT3G26340.1
OG0001447	jg29810	AT1G13460.1
OG0001447	jg13279	AT3G26020.4
OG0001448	jg30004	AT1G15180.1
OG0001448	jg30003	AT1G15170.1
OG0001448	jg30001	AT1G15150.1, AT1G15160.1
OG0001449	jg3740	AT1G80300.1
OG0001449	jg30037	AT1G15500.1
OG0001450	jg30108	AT1G16190.1
OG0001450	jg3656	AT1G79650.4
OG0001451	jg30116	AT1G16300.1
OG0001451	jg3641	AT1G79530.1
OG0001452	jg30558	AT1G20330.1
OG0001452	jg3264	AT1G76090.1
OG0001453	jg3317	AT1G76550.1
OG0001453	jg30640	AT1G20950.1
OG0001454	jg30738	AT1G21870.1
OG0001454	jg3430	AT1G77610.1
OG0001455	jg30817	AT1G22550.1
OG0001455	jg30818	AT1G22570.1
OG0001456	jg30950	AT1G23820.1
OG0001456	jg2641	AT1G70310.1
OG0001457	jg9301	AT4G30990.3
OG0001458	jg2539	AT1G69530.3
OG0001458	jg31077	AT1G26770.2
OG0001459	jg2304, jg2301	AT1G67640.1
OG0001459	jg31239	AT1G24400.1
OG0001460	jg31242	AT1G24350.3
OG0001460	jg2297	AT1G67600.1
OG0001461	jg31247	AT1G24300.1
OG0001461	jg31270	AT1G27430.1
OG0001462	jg31251	AT1G24267.2
OG0001462	jg31252	AT1G24265.3
OG0001463	jg31263	AT1G27360.1
OG0001463	jg31264	AT1G27370.1
OG0001464	jg31330	AT1G28110.1
OG0001464	jg18450	AT2G33530.1
OG0001465	jg18695	AT2G35635.1
OG0001466	jg31803	AT1G31740.1, AT2G04060.1
OG0001467	jg32069	AT1G33990.1
OG0001467	jg7318	AT4G09900.1
OG0001468	jg7298	AT4G09810.1
OG0001468	jg32072	AT1G34020.1
OG0001470	jg32330	AT1G36990.1
OG0001470	jg7096, jg7149	AT4G08510.1
OG0001471	jg33443	AT1G52540.1
OG0001471	jg25633	AT3G15890.1
OG0001472	jg25611	AT3G15650.2
OG0001472	jg33464	AT1G52700.2
OG0001473	jg33613	AT1G53850.1
OG0001473	jg25441	AT3G14290.1
OG0001474	jg25405	AT3G14000.1
OG0001474	jg33650	AT1G54180.1
OG0001475	jg16060	AT3G60050.1
OG0001475	jg33734, jg33737	AT1G55630.1
OG0001476	jg764	AT1G61810.3
OG0001477	jg827	AT1G61390.1
OG0001477	jg828	AT1G61380.1
OG0001478	jg7320, jg7392	AT1G59722.1
OG0001480	jg15858	AT3G58340.1
OG0001481	jg1915	AT1G65480.2
OG0001481	jg10518, jg10530, jg10523	AT4G20370.1
OG0001482	jg2120	AT1G66550.1
OG0001482	jg2121	AT1G66560.1
OG0001482	jg2124, jg2125	AT1G66600.1
OG0001483	jg2179	AT1G66855.1
OG0001483	jg2178, jg2182	AT1G66870.2
OG0001483	jg2180	AT1G66852.1
OG0001484	jg2345	AT1G67870.1
OG0001485	jg3095	AT1G74430.1
OG0001486	jg19473	AT1G24256.1
OG0001487	jg23902	AT3G01880.1
OG0001487	jg23903	AT3G01870.1
OG0001489	jg5407	AT5G15820.1
OG0001489	jg24049	AT3G02340.1
OG0001490	jg5469	AT5G16450.1
OG0001490	jg24099	AT3G02770.1
OG0001491	jg24237	AT3G03840.1
OG0001491	jg24239	AT3G03850.1
OG0001492	jg6603	AT5G27930.1
OG0001492	jg24478	AT3G05640.1
OG0001493	jg21539	AT5G49180.1
OG0001493	jg24633	AT3G06830.1
OG0001494	jg21465	AT5G48900.1
OG0001494	jg24652	AT3G07010.1
OG0001495	jg21433	AT5G48680.1
OG0001495	jg24669	AT3G07170.1
OG0001496	jg24702	AT3G07470.1
OG0001497	jg24786	AT3G08720.1
OG0001497	jg24787	AT3G08730.1
OG0001498	jg4164	AT5G04170.1
OG0001498	jg24964	AT3G10300.6
OG0001499	jg4478, jg4311	AT5G05550.2
OG0001499	jg25059	AT3G11100.1
OG0001500	jg25074	AT3G11270.1
OG0001500	jg4334	AT5G05780.1
OG0001501	jg25180	AT3G12220.1
OG0001501	jg25181	AT3G12230.1, AT3G12240.1
OG0001502	jg5196	AT5G13850.1
OG0001502	jg25195	AT3G12390.1
OG0001503	jg26221	AT3G20620.1
OG0001504	jg26254	AT3G20850.1
OG0001504	jg6499	AT5G26070.1
OG0001504	jg6500	AT5G26080.1
OG0001505	jg26346	AT3G21500.3
OG0001505	jg11151	AT4G15560.1
OG0001506	jg16516	AT2G21130.1
OG0001506	jg8342	AT4G38740.1
OG0001507	jg26410	AT3G21980.1
OG0001507	jg26412	AT4G20590.1, AT4G20620.1, AT4G20600.1, AT4G20640.1, AT4G20630.1, AT4G20550.1, AT4G20570.1, AT4G20645.1, AT4G20540.1, AT4G20530.1, AT4G20560.1, AT4G20610.1, AT4G20580.1, AT4G20670.1, AT3G21990.1
OG0001508	jg26550	AT3G23080.1
OG0001508	jg11317	AT4G14500.1
OG0001509	jg11339	AT4G14368.1
OG0001509	jg26579	AT3G23270.2
OG0001510	jg26584	AT3G23310.1
OG0001510	jg11342	AT4G14350.1
OG0001511	jg26655	AT3G23870.1
OG0001511	jg11433	AT4G13800.1
OG0001513	jg8782	AT4G35655.1
OG0001513	jg27898	AT2G17660.1
OG0001514	jg8680	AT4G36580.1
OG0001514	jg27993	AT2G18330.1
OG0001515	jg28006	AT2G18450.1
OG0001515	jg23714	AT5G66760.1
OG0001516	jg28030	AT2G18600.1
OG0001517	jg22888	AT5G59550.2
OG0001517	jg14446, jg16552	AT3G46620.1
OG0001518	jg8493	AT4G39910.1
OG0001518	jg16660	AT2G22310.1
OG0001519	jg16906	AT2G24290.1
OG0001519	jg9298	AT4G30996.1
OG0001520	jg16964	AT2G24630.1
OG0001520	jg9243	AT4G31590.1
OG0001521	jg17004, jg16990	AT2G13985.1
OG0001522	jg10209	AT4G23120.1
OG0001522	jg17052	AT2G25120.1
OG0001522	jg14094, jg14091, jg14087	AT3G43990.1
OG0001523	jg9447, jg17059, jg17057	AT2G25150.1
OG0001524	jg9149	AT4G32440.2
OG0001524	jg17140	AT2G25590.1
OG0001526	jg21959, jg21965	AT5G52620.1
OG0001527	jg17921	AT2G29250.1
OG0001527	jg17920, jg17919	AT2G29220.1
OG0001528	jg18035	AT1G07170.1, AT2G30000.1
OG0001529	jg11337, jg18131	AT2G30810.1
OG0001530	jg10941	AT4G16760.1
OG0001530	jg18702	AT2G35690.1
OG0001531	jg15177	AT3G52560.4
OG0001531	jg18738	AT2G36060.2
OG0001532	jg15225	AT3G52990.1
OG0001532	jg18794	AT2G36580.1
OG0001533	jg18992	AT2G38210.1, AT2G38230.1
OG0001533	jg3885	AT5G01410.1
OG0001534	jg19037	AT2G38530.1
OG0001534	jg19038	AT2G38540.1
OG0001535	jg16086	AT3G60290.1
OG0001535	jg19840	AT2G44800.1
OG0001536	jg20180	AT3G62840.1, AT2G47640.1
OG0001537	jg13047, jg13045	AT2G02350.2
OG0001537	jg13048	AT2G02360.1
OG0001538	jg13967	AT3G42790.1
OG0001538	jg5913	AT5G20510.1
OG0001539	jg14146	AT3G44320.1
OG0001539	jg14145	AT3G44310.1
OG0001539	jg14144	AT3G44300.1
OG0001540	jg14224	AT3G44790.1
OG0001540	jg14221	AT3G44800.1
OG0001540	jg14220, jg14225, jg14222	AT3G44805.1
OG0001541	jg14291	AT3G45240.1
OG0001541	jg22994	AT5G60550.1
OG0001542	jg14458	AT3G46730.1
OG0001542	jg14434	AT3G46530.1
OG0001542	jg14456, jg14455	AT3G46710.1
OG0001543	jg14470	AT3G46830.1
OG0001543	jg22843	AT5G59150.1
OG0001544	jg14613	AT3G48070.2
OG0001544	jg23250	AT5G62910.1
OG0001545	jg15600	AT3G56300.1
OG0001545	jg12424	AT5G38830.1
OG0001546	jg16085	AT3G60280.1
OG0001546	jg16084	AT3G60270.1
OG0001547	jg16100	AT3G60415.1
OG0001548	jg16113	AT3G60540.1
OG0001549	jg10990	AT4G16520.1
OG0001549	jg16123	AT3G60640.1
OG0001550	jg4539	AT5G07120.1
OG0001550	jg22756	AT5G58440.1
OG0001551	jg23127	AT5G61790.1
OG0001551	jg4572	AT5G07340.2
OG0001552	jg23483	AT5G64760.1
OG0001552	jg4810	AT5G09900.3
OG0001553	jg23551	AT5G65390.1
OG0001553	jg4872	AT5G10430.1
OG0001554	jg4883	AT5G10540.1
OG0001554	jg23575	AT5G65620.2
OG0001555	jg5540	AT5G17120.1, AT5G17150.1
OG0001555	jg5539	AT5G17110.1, AT5G17100.1
OG0001556	jg6087	AT5G22650.1
OG0001557	jg9829	AT4G26250.1
OG0001557	jg6228	AT5G23790.1
OG0001558	jg6274	AT5G24220.1
OG0001558	jg6271	AT5G24180.1
OG0001559	jg7322	AT4G09940.2
OG0001559	jg7327	AT4G09950.1
OG0001560	jg7498	AT4G11310.1
OG0001560	jg7499	AT4G11320.1
OG0001561	jg10225	AT4G23000.1
OG0001561	jg7579	AT4G11800.1
OG0001562	jg7691	AT4G04260.2
OG0001562	jg10326	AT4G22140.1
OG0001563	jg8418	AT4G39510.1
OG0001563	jg8417	AT4G39500.2
OG0001563	jg9182	AT4G32170.1
OG0001564	jg9334	AT4G30760.1
OG0001565	jg9718	AT4G27350.1
OG0001565	jg22215	AT5G54240.1
OG0001566	jg9728	AT4G27260.1
OG0001566	jg22255	AT5G54510.1
OG0001567	jg9734	AT4G27180.1
OG0001567	jg22291	AT5G54670.1
OG0001568	jg22616	AT5G57190.1
OG0001568	jg9862	AT4G25970.1
OG0001569	jg9901	AT4G25660.1
OG0001569	jg9899	AT4G25680.1
OG0001570	jg9921	AT4G25440.1
OG0001570	jg21881	AT5G51980.1
OG0001571	jg10015	AT4G24630.1
OG0001571	jg21654	AT5G50020.2
OG0001572	jg10533	AT4G20360.1
OG0001573	jg10692	AT4G18970.2
OG0001573	jg20517	AT5G45670.1
OG0001574	jg10784, jg10783	AT4G18220.1
OG0001574	jg10785	AT4G18210.1
OG0001575	jg10852	AT4G17640.1
OG0001575	jg20349	AT5G47080.1
OG0001576	jg11390	AT4G14030.1
OG0001578	jg20279	AT5G47590.1
OG0001579	jg20367	AT5G46940.1
OG0001579	jg20368	AT5G46930.1
OG0001579	jg20365	AT5G46970.1
OG0001580	jg20588	AT5G45210.4
OG0001581	jg20791	AT5G44050.1
OG0001582	jg22285	AT5G54610.1
OG0001592	jg28445	AT1G01750.2
OG0001592	jg8173	AT4G00680.2
OG0001593	jg28549	AT1G02405.1
OG0001593	jg2717	AT1G70990.1
OG0001594	jg7942	AT4G02690.1
OG0001594	jg28622	AT1G03070.1
OG0001595	jg20853	AT5G43560.1
OG0001595	jg28747	AT1G04300.3
OG0001596	jg21650	AT5G49980.1
OG0001596	jg10038, jg10040	AT4G24390.1
OG0001597	jg18297	AT2G32270.1
OG0001597	jg28866	AT1G05300.1
OG0001598	jg18033	AT2G29990.1
OG0001598	jg29072	AT1G07180.1
OG0001599	jg17975	AT2G29570.1
OG0001599	jg29091	AT1G07370.1
OG0001600	jg29110	AT1G07550.1
OG0001600	jg27466, jg27463, jg27470, jg27453, jg27459	AT2G14510.2, AT2G14440.1
OG0001601	jg19926	AT5G23600.1, AT2G45330.1
OG0001602	jg29204	AT1G08420.1
OG0001602	jg17615	AT2G27210.1
OG0001603	jg29297	AT1G09350.1
OG0001603	jg1360	AT1G56600.1
OG0001604	jg29348	AT1G09780.1
OG0001604	jg24772	AT3G08590.1
OG0001606	jg756	AT1G61890.1
OG0001606	jg29607	AT1G11670.1
OG0001607	jg29735	AT1G12780.1
OG0001607	jg567	AT1G63180.1
OG0001608	jg29771	AT1G13110.1
OG0001609	jg29911	AT1G14360.1
OG0001609	jg13079	AT2G02810.1
OG0001610	jg29934	AT1G14530.2
OG0001610	jg13034	AT2G02180.1
OG0001611	jg30055	AT1G15690.1
OG0001612	jg30226	AT1G17050.1
OG0001612	jg3530	AT1G78510.1
OG0001613	jg21712	AT5G50420.1
OG0001613	jg30251	AT1G17270.1
OG0001614	jg2910	AT1G72750.1
OG0001614	jg30278	AT1G17530.1
OG0001615	jg30285	AT1G17600.1
OG0001616	jg3096	AT1G74440.1
OG0001616	jg30396	AT1G18720.1
OG0001617	jg3309	AT1G76460.1
OG0001617	jg30633	AT1G20880.1
OG0001618	jg3329	AT1G76670.1
OG0001618	jg30650	AT1G21070.1
OG0001619	jg14035	AT3G43630.1
OG0001619	jg14039	AT3G43660.1
OG0001619	jg30656	AT1G21140.1
OG0001620	jg3355	AT1G76930.1
OG0001620	jg30675	AT1G21310.1
OG0001621	jg3399	AT1G77310.1
OG0001621	jg30708	AT1G21610.3
OG0001622	jg3473	AT1G78000.1
OG0001622	jg30776, jg30774	AT1G22150.1
OG0001623	jg2734	AT1G71130.1
OG0001623	jg30858	AT1G22985.1
OG0001624	jg30888	AT1G23210.1
OG0001624	jg2685	AT1G70710.1
OG0001625	jg30910, jg2662	AT1G23380.2, AT1G70510.2
OG0001626	jg2600	AT1G69990.1
OG0001626	jg31013	AT1G27190.1
OG0001628	jg27958, jg31567	AT2G18110.1, AT1G30230.2
OG0001629	jg31585	AT1G30400.1
OG0001629	jg18570	AT2G34660.1
OG0001630	jg18619	AT2G35020.1
OG0001630	jg31693	AT1G31070.2
OG0001631	jg18654	AT2G35330.1
OG0001631	jg31905	AT1G32530.1
OG0001632	jg12165	AT4G09880.1
OG0001632	jg14092, jg7316	AT3G30320.1
OG0001635	jg28120	AT2G19360.1
OG0001635	jg27911	AT2G17750.1
OG0001636	jg32900	AT1G48230.1
OG0001636	jg25847	AT3G17430.1
OG0001637	jg25848	AT3G17440.1
OG0001637	jg32901	AT1G48240.1
OG0001638	jg25869	AT3G17650.1
OG0001638	jg32912	AT1G48370.1
OG0001639	jg32940	AT1G48600.2
OG0001639	jg25918	AT3G18000.1
OG0001640	jg32958	AT1G48780.1
OG0001640	jg25954	AT3G18300.1
OG0001641	jg33038	AT1G49340.1
OG0001642	jg33144	AT1G50090.1
OG0001642	jg33145	AT1G50110.1
OG0001643	jg33230	AT1G50950.2
OG0001643	jg26215	AT3G20560.1
OG0001644	jg33319	AT1G51600.1
OG0001645	jg33722	AT1G55600.1
OG0001646	jg883	AT1G60986.1
OG0001646	jg882	AT1G60987.1
OG0001646	jg26937	AT1G60985.1
OG0001646	jg881	AT1G60989.1
OG0001647	jg927	AT1G60620.1
OG0001647	jg898	AT1G60850.1
OG0001648	jg1226	AT1G57943.1
OG0001648	jg1225	AT1G57980.1
OG0001648	jg1258, jg1224, jg1221, jg1223	AT1G57990.1
OG0001649	jg1283	AT1G57750.1
OG0001650	jg1339, jg1338	AT1G57565.1, AT1G57580.1
OG0001651	jg1396	AT1G56510.1, AT1G56520.2
OG0001651	jg1380, jg1381	AT1G56540.1
OG0001652	jg1959	AT1G65630.1
OG0001652	jg1962, jg1957	AT1G65640.2
OG0001653	jg12406	AT5G38650.1
OG0001653	jg2246	AT1G67250.1, AT1G62920.1
OG0001654	jg2265	AT1G67390.1
OG0001655	jg3547	AT1G78660.1
OG0001655	jg3549	AT1G78680.1
OG0001657	jg24082	AT3G02630.1
OG0001657	jg5448	AT5G16240.1
OG0001658	jg5496	AT5G16650.2
OG0001659	jg24177, jg24176, jg24255, jg7690	AT4G04220.1
OG0001660	jg24248	AT3G03910.1
OG0001660	jg5658	AT5G18170.1
OG0001661	jg24916	AT3G09900.1
OG0001661	jg4094	AT5G03520.1
OG0001662	jg4160	AT5G04130.1
OG0001662	jg24961	AT3G10270.2
OG0001663	jg4246	AT5G04960.1
OG0001663	jg25011	AT3G10710.1
OG0001664	jg25034	AT3G10900.1, AT3G30540.1
OG0001664	jg25033	AT3G10890.1
OG0001665	jg23026	AT5G60860.1
OG0001665	jg25527	AT3G15060.1
OG0001667	jg26430	AT3G22110.1
OG0001667	jg11208	AT4G15165.1
OG0001668	jg11292	AT4G14680.2
OG0001668	jg26525	AT3G22890.1
OG0001670	jg27536	AT2G15000.4
OG0001670	jg8930	AT4G34265.3
OG0001671	jg9246, jg8941	AT4G34200.1
OG0001672	jg8911	AT4G34420.1
OG0001672	jg27603	AT2G15730.1
OG0001673	jg27651	AT2G16120.1
OG0001673	jg27652	AT2G16130.1
OG0001674	jg8818	AT4G35290.1
OG0001674	jg27850	AT2G17260.1
OG0001675	jg9595	AT4G28400.1
OG0001675	jg28286	AT2G20630.2
OG0001676	jg16576	AT2G21590.1
OG0001676	jg8391	AT4G39210.1
OG0001677	jg16707	AT2G22780.1
OG0001677	jg4782	AT5G09660.4
OG0001678	jg8571	AT4G37640.1
OG0001678	jg16736	AT2G22950.1
OG0001679	jg9354	AT4G30560.1
OG0001679	jg16859	AT2G23980.2
OG0001680	jg16870	AT2G24060.1
OG0001680	jg9340	AT4G30690.1
OG0001681	jg16960	AT2G24590.1
OG0001682	jg17008	AT2G24765.1
OG0001683	jg17156	AT2G25650.1, AT4G00270.1
OG0001683	jg5244	AT5G14280.1
OG0001684	jg9106	AT4G32830.1
OG0001684	jg17214, jg17202	AT2G25880.3
OG0001685	jg17233	AT2G25980.1
OG0001685	jg12008, jg12013, jg12011, jg12006	AT5G35950.1, AT5G35940.1
OG0001686	jg18685, jg18681	AT2G35580.1
OG0001686	jg17348	AT2G35555.1
OG0001688	jg18902	AT2G37460.1
OG0001688	jg18900	AT2G37450.2
OG0001689	jg7688	AT4G04200.1
OG0001689	jg19228	AT2G39960.1
OG0001690	jg19282	AT2G40300.1
OG0001690	jg15578	AT3G56090.1
OG0001691	jg15633	AT3G56660.1
OG0001691	jg19371	AT2G40950.1
OG0001692	jg19430	AT2G41451.1
OG0001692	jg15721, jg15659	AT3G57200.1
OG0001693	jg19588	AT4G18720.1, AT5G42325.1, AT2G42725.1
OG0001694	jg19785	AT2G44350.2
OG0001694	jg16066	AT3G60100.2
OG0001695	jg19801	AT2G44460.1
OG0001695	jg19802	AT2G44470.3
OG0001696	jg16092	AT2G14635.1, AT3G60350.1
OG0001696	jg19853	AT2G44900.1
OG0001697	jg16114	AT3G60550.1
OG0001697	jg19876	AT2G45080.1
OG0001698	jg16137	AT3G60800.1
OG0001699	jg19936	AT2G45440.1
OG0001699	jg16146	AT3G60880.2
OG0001700	jg16148	AT3G60900.1
OG0001700	jg19939	AT2G45470.1
OG0001701	jg19978	AT2G45810.1
OG0001701	jg16176	AT3G61240.1
OG0001703	jg7964	AT4G02520.1
OG0001703	jg13095	AT2G02930.1
OG0001704	jg13352	AT3G26650.1
OG0001705	jg12659	AT5G40460.1
OG0001705	jg13518	AT3G27630.1
OG0001706	jg13664	AT3G28840.1
OG0001706	jg13659	AT3G28780.1
OG0001707	jg12519	AT5G39510.1
OG0001707	jg13722	AT3G29100.3
OG0001708	jg6245	AT5G23960.1
OG0001709	jg14823	AT3G49670.1
OG0001709	jg23590	AT5G65700.1
OG0001710	jg14881	AT3G50140.1, AT3G50190.1
OG0001710	jg14880	AT3G50130.1
OG0001711	jg15017	AT3G51330.1
OG0001711	jg15020	AT3G51350.1
OG0001711	jg15019	AT3G51340.1
OG0001712	jg15686	AT3G56980.1
OG0001712	jg15687	AT3G56970.1
OG0001713	jg4512	AT5G06870.1
OG0001714	jg4716	AT5G08590.1
OG0001715	jg23441	AT5G64400.2
OG0001715	jg4773	AT5G09570.1
OG0001716	jg4828	AT5G10040.1
OG0001716	jg23530	AT5G65207.1
OG0001717	jg4856	AT5G10260.1
OG0001718	jg5042	AT5G12020.1
OG0001718	jg5043	AT5G12030.1
OG0001719	jg5710	AT5G18630.1
OG0001719	jg5711	AT5G18640.2
OG0001720	jg6344, jg6343	AT5G24780.1
OG0001720	jg6345	AT5G24770.1
OG0001722	jg7761	AT4G05000.1
OG0001722	jg10406	AT4G21560.1
OG0001723	jg8600	AT4G37330.1
OG0001723	jg8601	AT4G37320.1
OG0001724	jg8679	AT4G36590.1
OG0001725	jg8835	AT2G14378.1, AT4G35165.1
OG0001726	jg9631	AT4G28060.1
OG0001727	jg9674	AT4G27690.1
OG0001728	jg22450	AT5G56040.2
OG0001728	jg9798	AT4G26540.1
OG0001729	jg22546	AT5G56640.1
OG0001729	jg9828	AT4G26260.2
OG0001730	jg10579	AT4G19930.1
OG0001731	jg10862	AT4G17560.1
OG0001732	jg10981	AT4G16545.1
OG0001733	jg11179	AT4G15400.1
OG0001734	jg11418	AT4G13890.1
OG0001734	jg11414	AT4G13930.1
OG0001735	jg12520	AT5G39520.1, AT5G39530.1
OG0001736	jg12752	AT5G41280.1
OG0001736	jg12753	AT5G41300.1
OG0001737	jg20583, jg20578	AT5G45240.1
OG0001738	jg22375	AT5G55440.1
OG0001738	jg23682	AT5G67040.1
OG0001739	jg22567	AT5G56820.1
OG0001739	jg22565	AT5G56810.1
OG0001751	jg10535	AT4G20340.1
OG0001751	jg28643	AT1G03280.1
OG0001752	jg28666	AT1G03520.1
OG0001752	jg7929	AT4G03340.1
OG0001753	jg28841	AT1G05080.1
OG0001754	jg28898	AT1G05580.1
OG0001754	jg18256	AT2G31910.1
OG0001755	jg28973	AT1G06225.1
OG0001755	jg18161	AT2G31081.1
OG0001756	jg29526, jg29071	AT1G11145.1
OG0001757	jg29103	AT1G07480.3
OG0001757	jg29100	AT1G07470.1
OG0001758	jg29138	AT1G07810.1
OG0001758	jg29121	AT1G07670.1
OG0001759	jg29205	AT1G08430.1
OG0001761	jg29334	AT1G09645.1
OG0001761	jg1282	AT1G57765.2
OG0001762	jg1229	AT1G57870.3
OG0001762	jg29359	AT1G09840.1
OG0001763	jg29419	AT1G10350.1
OG0001763	jg1057, jg1059	AT1G59725.1
OG0001764	jg908	AT1G60783.1
OG0001764	jg29471	AT1G10690.1
OG0001765	jg29505	AT1G10950.1
OG0001766	jg30063	AT1G15750.1
OG0001766	jg3718	AT1G80490.2
OG0001767	jg30064	AT1G15760.1
OG0001767	jg3715	AT1G80520.1
OG0001768	jg30150	AT1G16690.1
OG0001768	jg3589	AT1G79020.1
OG0001769	jg3572	AT1G78895.1
OG0001769	jg30201, jg30188	AT1G16825.1
OG0001770	jg2876	AT1G72420.1
OG0001770	jg30260	AT1G17350.2
OG0001771	jg2900	AT1G72660.1
OG0001771	jg30272	AT1G17470.1
OG0001772	jg2905	AT1G72700.1
OG0001772	jg30275	AT1G17500.1
OG0001773	jg30286	AT1G17610.1
OG0001773	jg12612	AT5G40090.1
OG0001774	jg30327	AT1G18040.1
OG0001774	jg3011	AT1G73690.1
OG0001775	jg3194	AT1G75380.1
OG0001775	jg30491	AT1G19660.1
OG0001776	jg30500	AT1G19740.1
OG0001777	jg3938, jg30507	AT5G02080.5
OG0001777	jg12317, jg12318	AT1G12350.1
OG0001778	jg19528	AT2G42270.1
OG0001778	jg30641	AT1G20960.1
OG0001779	jg30755	AT1G21980.1
OG0001779	jg3445	AT1G77740.1
OG0001780	jg2850	AT1G72170.1
OG0001780	jg30814	AT1G22520.2
OG0001781	jg30878	AT1G23160.1
OG0001781	jg5146	AT5G13320.2
OG0001782	jg2652	AT1G70440.1
OG0001782	jg30927	AT1G23550.1
OG0001783	jg32197	AT1G35350.1
OG0001783	jg31082	AT1G26730.1
OG0001784	jg2443	AT1G68710.3
OG0001784	jg31145	AT1G26130.2
OG0001785	jg2289	AT1G67530.1
OG0001785	jg31244	AT1G24330.1
OG0001786	jg31391	AT1G28630.4
OG0001786	jg3468	AT1G77960.1
OG0001787	jg31837	AT1G32050.1
OG0001788	jg31862	AT1G32210.1
OG0001788	jg18677	AT2G35520.2
OG0001789	jg18662	AT2G35390.2
OG0001789	jg31889	AT1G32380.1
OG0001790	jg18644	AT2G35240.1
OG0001790	jg31909	AT1G32580.1
OG0001791	jg7389	AT4G10430.1
OG0001791	jg31973	AT1G33230.2
OG0001792	jg32077	AT1G34050.1
OG0001793	jg7266	AT4G09570.1
OG0001793	jg32239	AT1G35670.1
OG0001794	jg33527, jg32417	AT1G53240.1
OG0001794	jg25522	AT3G15020.1
OG0001795	jg32507	AT1G72270.1
OG0001795	jg9749	AT4G27010.2
OG0001796	jg20963	AT5G43010.1
OG0001796	jg32661	AT1G45000.1
OG0001797	jg33011	AT1G49140.1
OG0001798	jg33030, jg33034	AT1G49310.1
OG0001799	jg33316	AT1G51570.1
OG0001799	jg15808	AT3G57880.1
OG0001800	jg33411	AT1G52280.1
OG0001800	jg25654	AT3G16100.1
OG0001801	jg33536	AT1G53310.1
OG0001801	jg25511	AT3G14940.1
OG0001802	jg33552	AT1G53440.1
OG0001802	jg33551, jg2920	AT1G53430.1
OG0001803	jg33626	AT1G53980.1
OG0001804	jg33634, jg27684	AT1G54040.2
OG0001805	jg15505	AT3G55600.1
OG0001805	jg33642	AT1G54110.2
OG0001806	jg33670	AT1G55130.1
OG0001806	jg25370	AT3G13772.1
OG0001807	jg33690	AT1G55310.3
OG0001807	jg25340	AT3G13570.1
OG0001808	jg25321	AT3G13410.1
OG0001810	jg1268	AT1G57780.1
OG0001812	jg1851	AT1G65210.1
OG0001812	jg8529	AT4G38030.1
OG0001813	jg2424	AT1G68560.1
OG0001813	jg14373	AT3G45940.1
OG0001814	jg5382	AT5G15570.1
OG0001814	jg24022	AT3G02160.1
OG0001815	jg5429	AT5G16040.1
OG0001815	jg24069	AT3G02510.1
OG0001816	jg24143	AT3G03120.1
OG0001816	jg5536	AT5G17060.1
OG0001817	jg24162	AT3G03290.1
OG0001817	jg5572	AT5G17390.1
OG0001818	jg5588	AT5G17550.1
OG0001818	jg24191	AT3G03490.1
OG0001819	jg24429	AT3G05290.1
OG0001819	jg6650	AT5G27520.1
OG0001820	jg6591	AT5G26980.1
OG0001820	jg24489	AT3G05710.2
OG0001821	jg24651	AT3G07005.1
OG0001822	jg25409, jg24742	AT3G07850.1, AT3G14040.1
OG0001823	jg15557	AT3G55940.1
OG0001823	jg24767	AT3G08510.1
OG0001824	jg24776	AT3G08630.1
OG0001824	jg24777	AT3G08640.1
OG0001825	jg24805	AT3G08910.1
OG0001825	jg3887	AT5G01390.1
OG0001826	jg24955	AT3G10200.2
OG0001826	jg4155	AT5G04060.1
OG0001827	jg25045	AT3G10980.1
OG0001827	jg4289	AT5G05350.1
OG0001828	jg4397	AT5G06290.1
OG0001828	jg25114	AT3G11630.1
OG0001829	jg25124	AT3G11710.1
OG0001830	jg25140	AT3G11850.1
OG0001830	jg4456, jg4435	AT5G06560.1
OG0001831	jg25176	AT3G12170.2
OG0001831	jg4515	AT5G06910.1
OG0001832	jg12547	AT5G39740.1
OG0001832	jg26904	AT3G25520.1
OG0001833	jg13792, jg18575, jg27156, jg27283	AT3G31550.1
OG0001834	jg27751	AT2G16600.1
OG0001835	jg27780	AT2G16850.1
OG0001835	jg8846	AT4G35100.1
OG0001836	jg27842	AT2G17190.1
OG0001836	jg27843	AT2G17200.1
OG0001837	jg27997	AT2G18360.1
OG0001837	jg8676	AT4G36610.1
OG0001838	jg28043	AT2G18680.1
OG0001838	jg28044, jg28046	AT2G18690.1
OG0001839	jg9385	AT4G30260.2
OG0001839	jg28061	AT2G18840.1
OG0001840	jg28162	AT2G19670.1
OG0001840	jg9485	AT4G29510.1
OG0001841	jg9528	AT4G29040.1
OG0001841	jg28223	AT2G20140.1
OG0001843	jg12882, jg12888, jg12885, jg17399, jg28334, jg28331, jg12879, jg17398, jg12886	AT3G41762.1
OG0001845	jg8565	AT4G37690.1
OG0001845	jg16729	AT2G22900.1, AT4G38310.1
OG0001846	jg16801	AT2G23410.1
OG0001846	jg16800	AT2G23400.1
OG0001846	jg22793	AT5G58782.2
OG0001847	jg18122	AT2G30740.1
OG0001847	jg18121	AT2G30730.2
OG0001848	jg18261	AT2G31953.1
OG0001849	jg8282	AT4G38220.2
OG0001850	jg15243	AT3G53120.1
OG0001850	jg18805	AT2G36680.1
OG0001851	jg18852	AT2G37060.1
OG0001852	jg15359	AT3G54190.1
OG0001852	jg19046	AT2G38630.1
OG0001853	jg15440	AT3G55020.1
OG0001853	jg19126	AT2G39280.2
OG0001854	jg19168	AT2G39480.1
OG0001854	jg15469	AT3G55320.1
OG0001856	jg19406	AT2G41260.2
OG0001856	jg19408	AT2G41280.1
OG0001857	jg19413	AT2G41340.1
OG0001857	jg15675	AT3G57080.1
OG0001858	jg19569	AT2G42530.1
OG0001858	jg19570	AT2G42540.2
OG0001859	jg15893	AT3G58660.1
OG0001859	jg19580	AT2G42650.1
OG0001860	jg19708	AT2G43670.1
OG0001861	jg19729	AT2G43810.1
OG0001861	jg16027	AT3G59810.1
OG0001862	jg19994	AT2G45950.2
OG0001862	jg16197	AT3G61415.1
OG0001863	jg20043	AT2G46420.1
OG0001863	jg16232	AT3G61700.2
OG0001864	jg16379	AT3G63080.1
OG0001864	jg20229	AT2G48150.1
OG0001865	jg12901	AT2G01090.1
OG0001866	jg13008	AT2G01970.1
OG0001868	jg13051	AT2G02390.3
OG0001868	jg13050	AT2G02380.1
OG0001869	jg12721	AT5G41000.1
OG0001869	jg13403	AT3G27020.1
OG0001870	jg13424	AT3G27190.1
OG0001870	jg12707	AT5G40870.1
OG0001871	jg22834	AT5G59240.1
OG0001872	jg5922	AT5G20570.2
OG0001872	jg13982	AT3G42830.1
OG0001873	jg6130	AT5G22950.1
OG0001873	jg14251	AT3G45000.1
OG0001874	jg14358, jg4634	AT5G07940.1
OG0001875	jg14504	AT3G47060.1
OG0001875	jg22804	AT5G58870.1
OG0001876	jg14511	AT3G47160.2
OG0001876	jg22795	AT5G58787.1
OG0001877	jg23194	AT5G62410.1
OG0001877	jg14534	AT3G47460.2
OG0001878	jg14594	AT3G47910.2
OG0001878	jg14593	AT3G47890.1
OG0001879	jg14698	AT3G48730.1
OG0001879	jg23330	AT5G63570.1
OG0001880	jg23684	AT5G67020.1
OG0001880	jg14897	AT3G50340.1
OG0001881	jg14918	AT3G50500.2
OG0001881	jg23700	AT5G66880.1
OG0001882	jg14974, jg14972	AT3G50930.1
OG0001883	jg23753	AT5G66410.1
OG0001883	jg14977	AT3G50960.1
OG0001884	jg20913	AT3G52680.1
OG0001884	jg15189	AT4G00160.1
OG0001885	jg9281	AT4G31180.1
OG0001886	jg15410	AT3G54760.1
OG0001887	jg15450	AT3G55120.1
OG0001888	jg15682	AT3G57020.1
OG0001889	jg15801	AT3G57785.1
OG0001890	jg4027	AT5G02940.2
OG0001890	jg20838	AT5G43745.1
OG0001891	jg4153	AT5G04047.1
OG0001891	jg7445, jg7444	AT4G10895.1
OG0001892	jg4498	AT5G06770.1
OG0001893	jg4534	AT5G07070.1
OG0001894	jg4569	AT5G07320.1
OG0001894	jg23128	AT5G61810.1
OG0001895	jg4768	AT5G09520.1
OG0001896	jg4863	AT5G10340.1
OG0001897	jg4922	AT5G10930.1
OG0001897	jg6384	AT5G25110.1
OG0001898	jg6473	AT5G25880.1
OG0001898	jg4999	AT5G11670.1
OG0001899	jg5035	AT5G11950.1
OG0001899	jg6513	AT5G26140.2
OG0001900	jg11516	AT4G13410.1
OG0001900	jg5442	AT5G16190.4
OG0001901	jg5535	AT5G17050.1
OG0001901	jg5532	AT5G17030.1
OG0001901	jg5533	AT5G17040.1
OG0001902	jg5657	AT5G18160.1
OG0001903	jg5968	AT5G21030.2
OG0001903	jg5980	AT5G21150.1
OG0001904	jg6058	AT5G22480.1
OG0001905	jg8178	AT4G00620.1
OG0001905	jg7178, jg8180	AT4G00600.1
OG0001906	jg7289	AT3G42153.1, AT4G09740.1
OG0001906	jg10141	AT4G23560.1
OG0001907	jg10247	AT4G22810.1
OG0001907	jg7606	AT4G12050.1
OG0001908	jg7655, jg7654	AT4G12520.1, AT4G12510.1
OG0001909	jg7665	AT4G12590.1
OG0001910	jg7729	AT4G04750.3
OG0001910	jg7730	AT4G04760.1
OG0001911	jg7746	AT4G04910.1
OG0001912	jg8321	AT4G38570.1
OG0001914	jg8778, jg8775	AT4G24420.1
OG0001915	jg8953	AT4G34135.1
OG0001915	jg8954	AT4G34131.1
OG0001916	jg9190	AT4G32090.1
OG0001917	jg9918	AT4G25480.1
OG0001917	jg9917	AT4G25490.1
OG0001917	jg9919	AT4G25470.1
OG0001918	jg10473	AT4G21010.1
OG0001918	jg10536	AT4G20330.1
OG0001919	jg21641	AT5G49910.1
OG0001919	jg10051	AT4G24280.1
OG0001920	jg10095	AT4G23920.1
OG0001921	jg21792	AT5G51310.1
OG0001921	jg10171	AT4G23340.1
OG0001922	jg10181	AT4G23260.1
OG0001923	jg10329	AT4G22115.1
OG0001924	jg10803	AT4G18050.2
OG0001924	jg20406	AT5G46540.1
OG0001925	jg10809	AT4G17990.2
OG0001926	jg20298	AT5G47450.1
OG0001926	jg10886	AT4G17340.1
OG0001927	jg20467	AT5G46050.1
OG0001927	jg20468	AT5G46040.1
OG0001928	jg20948	AT5G43064.1
OG0001928	jg20946	AT5G43068.1
OG0001929	jg21787	AT5G51270.1
OG0001930	jg22926, jg22925	AT5G59870.1
OG0001931	jg23496	AT5G64890.1
OG0001931	jg23497	AT5G64900.1
OG0001940	jg8009	AT4G02130.1
OG0001940	jg28582	AT1G02720.1
OG0001941	jg7859	AT4G02770.1
OG0001941	jg28629	AT1G03130.1
OG0001942	jg7879	AT4G02930.1
OG0001943	jg28712	AT1G03930.1
OG0001943	jg20785	AT5G44100.1
OG0001944	jg18417	AT2G33240.1
OG0001944	jg28780	AT1G04600.1
OG0001945	jg28850	AT1G05160.1
OG0001945	jg18315	AT2G32440.1
OG0001946	jg18267	AT2G31985.1
OG0001946	jg28888	AT1G05510.1
OG0001947	jg18263	AT2G31960.1
OG0001947	jg28895	AT1G05570.1
OG0001948	jg29023	AT1G06750.2
OG0001948	jg18108	AT2G30630.2
OG0001949	jg29097	AT1G07440.1
OG0001950	jg29104	AT1G07490.1
OG0001951	jg29115, jg21101	AT1G07630.1
OG0001951	jg17867	AT2G28890.1
OG0001952	jg1535	AT1G54560.1
OG0001952	jg29235	AT1G08730.1
OG0001953	jg29268	AT1G09100.1
OG0001953	jg24462	AT3G05530.1
OG0001954	jg29976	AT1G14900.1
OG0001955	jg30034	AT1G15460.1
OG0001955	jg3132	AT1G74810.1
OG0001956	jg30049	AT1G15620.1
OG0001956	jg30048	AT1G15610.1, AT1G15630.1
OG0001957	jg30078	AT1G15870.1
OG0001957	jg3689	AT1G80720.2
OG0001958	jg2967	AT1G73250.1
OG0001958	jg30313	AT1G17890.1
OG0001959	jg30580	AT1G20440.1
OG0001959	jg30581	AT1G20450.1
OG0001960	jg30956	AT1G23870.1
OG0001960	jg2639	AT1G70290.1
OG0001961	jg2624	AT1G70140.1
OG0001962	jg31237	AT1G24405.1
OG0001963	jg31325	AT1G28060.1
OG0001963	jg15555	AT3G55930.1
OG0001964	jg32878	AT1G48030.1
OG0001964	jg25819	AT3G17240.1
OG0001965	jg32924	AT1G48430.1
OG0001965	jg25887	AT3G17770.1
OG0001966	jg32939	AT1G48590.2
OG0001966	jg25917	AT3G17980.1
OG0001967	jg26053	AT3G19170.1
OG0001967	jg33084	AT1G49630.1
OG0001968	jg33116	AT1G49890.1
OG0001968	jg26102	AT3G19570.2
OG0001969	jg33313	AT1G51540.1
OG0001970	jg12788	AT5G41650.1
OG0001970	jg425	AT1G64185.1
OG0001971	jg26544	AT1G60740.1
OG0001971	jg914	AT1G65970.1
OG0001973	jg1128, jg1130	AT5G28160.1, AT5G28180.1
OG0001974	jg1176	AT1G58260.1
OG0001976	jg8700	AT4G36350.1
OG0001976	jg1421	AT1G56360.1
OG0001977	jg1502	AT1G54830.1
OG0001978	jg1537	AT1G54550.1
OG0001978	jg14804, jg14802, jg17824	AT3G49520.1
OG0001978	jg14799	AT3G49510.1
OG0001979	jg1807	AT3G31402.1
OG0001980	jg2097	AT1G66400.1
OG0001980	jg12244	AT5G37770.1
OG0001981	jg2171, jg19687	AT2G43510.1
OG0001981	jg19689	AT2G43535.1
OG0001982	jg2205	AT4G11700.1
OG0001983	jg3139	AT1G74875.1
OG0001983	jg2299	AT1G67623.1
OG0001984	jg2480	AT1G68980.1
OG0001984	jg2508	AT1G69290.1
OG0001985	jg2537	AT1G69523.1
OG0001986	jg2863	AT1G72290.1
OG0001987	jg3012	AT1G73700.1
OG0001988	jg3340	AT1G76780.2
OG0001989	jg3666	AT1G80930.1
OG0001990	jg23955	AT3G01430.1
OG0001990	jg5310	AT5G14895.1
OG0001991	jg22783	AT5G58680.1
OG0001991	jg23958	AT3G01400.1
OG0001992	jg24168	AT3G03340.2
OG0001992	jg5577	AT5G17440.1
OG0001993	jg24381	AT3G04930.1
OG0001993	jg6726	AT5G28040.1
OG0001994	jg6697	AT5G27210.1
OG0001994	jg24394	AT3G05010.1
OG0001995	jg3862	AT5G01530.1
OG0001995	jg24808	AT3G08940.2
OG0001996	jg24960	AT3G10250.1
OG0001996	jg4157	AT5G04090.6
OG0001997	jg4163	AT5G04160.1
OG0001997	jg24962	AT3G10290.1
OG0001998	jg24998, jg27436	AT3G10580.1
OG0001998	jg7251	AT4G09450.1
OG0001999	jg25566	AT3G15356.1
OG0001999	jg25708	AT3G16530.1
OG0002000	jg27753	AT2G16640.1
OG0002000	jg25731	AT3G16620.1
OG0002001	jg25734	AT3G16650.1
OG0002001	jg11095	AT4G15900.1
OG0002002	jg11025	AT4G16265.2
OG0002002	jg25776	AT3G16980.1
OG0002003	jg25921	AT3G18030.1
OG0002004	jg26457	AT3G22310.1
OG0002004	jg26460	AT3G22330.1
OG0002005	jg11248	AT4G14910.2
OG0002005	jg26473	AT3G22425.2
OG0002006	jg26604	AT3G23560.1
OG0002006	jg26603	AT3G23550.1
OG0002007	jg26680	AT3G24140.1
OG0002008	jg26624	AT3G23660.2
OG0002008	jg11370	AT4G14160.1
OG0002009	jg26669	AT3G24230.1
OG0002009	jg11441	AT4G13710.1
OG0002010	jg26733	AT3G24300.1
OG0002010	jg26732	AT3G24290.1
OG0002012	jg8029	AT4G02050.1
OG0002013	jg27502	AT2G14720.1
OG0002013	jg27504	AT2G14740.1
OG0002014	jg8927	AT4G34290.1
OG0002014	jg27530	AT2G14880.1
OG0002015	jg20598	AT5G45150.1
OG0002016	jg8908	AT4G34450.1
OG0002017	jg27693	AT2G16370.1
OG0002017	jg8895	AT4G34570.1
OG0002018	jg8851	AT4G35050.1
OG0002018	jg27774	AT2G16780.1
OG0002019	jg27894	AT2G17630.1
OG0002019	jg8785	AT4G35630.1
OG0002020	jg28052	AT2G18730.1
OG0002020	jg9378	AT4G30340.1
OG0002021	jg28167	AT2G19720.1
OG0002021	jg9492	AT4G29430.1
OG0002022	jg28237	AT2G20260.1
OG0002022	jg9556	AT4G28750.1
OG0002023	jg28324	AT2G20900.1
OG0002023	jg9623	AT4G28130.1
OG0002024	jg16523	AT2G21190.1
OG0002024	jg8346	AT4G38790.1
OG0002025	jg8522	AT4G38080.1
OG0002025	jg16678	AT2G22510.1
OG0002026	jg8568	AT4G37670.2
OG0002027	jg16971, jg16970	AT2G24680.6
OG0002028	jg14285	AT3G45220.1
OG0002028	jg17077, jg17073	AT2G25240.1
OG0002028	jg17346	AT2G26390.1
OG0002029	jg17090	AT2G25300.1
OG0002029	jg9187	AT4G32120.1
OG0002030	jg17229	AT2G25940.1
OG0002030	jg9093	AT4G32940.1
OG0002031	jg18328	AT2G32560.1
OG0002031	jg17520	AT2G26850.1
OG0002032	jg17733	AT2G27960.1
OG0002032	jg17735	AT2G27970.1
OG0002033	jg18525	AT2G34240.1
OG0002033	jg18524	AT2G34230.1
OG0002033	jg18523	AT2G34220.2
OG0002034	jg15199	AT3G52750.1
OG0002034	jg18756	AT2G36250.1
OG0002036	jg15364	AT3G54250.1
OG0002036	jg19054	AT2G38700.1
OG0002037	jg15447	AT3G55090.1
OG0002037	jg19118	AT2G39350.1
OG0002038	jg19238	AT2G40020.4
OG0002039	jg15609	AT3G56380.2
OG0002039	jg19333	AT2G40670.2
OG0002040	jg19347	AT2G40800.1
OG0002040	jg15614	AT3G56430.1
OG0002041	jg19391	AT2G41150.2
OG0002041	jg15716, jg15644	AT3G56750.1
OG0002042	jg20137	AT2G47250.1
OG0002042	jg16301	AT3G62310.1
OG0002043	jg20184	AT2G47690.1
OG0002043	jg16345	AT3G62790.1
OG0002044	jg13163	AT2G03600.4
OG0002044	jg13162	AT2G03590.1
OG0002045	jg13240	AT3G25770.1
OG0002045	jg13238	AT3G25760.1
OG0002046	jg13278	AT3G26010.1
OG0002047	jg13407	AT2G01790.1, AT3G27040.1
OG0002048	jg16058	AT3G60040.3
OG0002048	jg16059	AT1G06630.1
OG0002049	jg5974	AT5G21090.1
OG0002049	jg14053	AT3G43740.2
OG0002050	jg22910	AT5G59740.1
OG0002050	jg14398	AT3G46180.1
OG0002051	jg14612	AT3G48040.1
OG0002051	jg23244	AT5G62880.1
OG0002052	jg14677	AT3G48590.1
OG0002052	jg23318	AT5G63470.1
OG0002053	jg6332	AT5G24650.1
OG0002053	jg14810	AT3G49560.1
OG0002054	jg4709	AT5G08535.1
OG0002054	jg15145	AT3G52350.1
OG0002055	jg4255	AT5G05040.1, AT5G05060.1
OG0002056	jg16133	AT3G60750.1
OG0002057	jg16136	AT3G60790.1
OG0002058	jg4217	AT5G04700.1
OG0002059	jg23112	AT5G61640.2
OG0002059	jg4589	AT5G07470.1
OG0002060	jg23091	AT5G61460.1
OG0002060	jg4609	AT5G07660.1
OG0002061	jg23343	AT5G63670.1
OG0002061	jg4713	AT5G08565.1
OG0002062	jg5500	AT5G16700.1
OG0002063	jg5763	AT5G19110.2
OG0002064	jg7170	AT4G08770.1
OG0002064	jg7175, jg7173	AT4G08780.1
OG0002065	jg7465	AT3G60940.1, AT3G61028.2
OG0002066	jg7620	AT4G12110.1
OG0002066	jg10252	AT4G22756.1
OG0002067	jg7804	AT4G05400.1
OG0002067	jg10454	AT4G21140.1
OG0002068	jg7806	AT4G05420.1
OG0002068	jg10460	AT4G21100.1
OG0002069	jg8036	AT4G01985.1
OG0002070	jg8701	AT4G36290.1
OG0002070	jg8702	AT4G36280.1
OG0002070	jg8703	AT4G36270.1
OG0002071	jg8774	AT4G35690.1
OG0002071	jg8772	AT4G35710.1
OG0002072	jg8841, jg8843, jg8844	AT4G35120.1
OG0002073	jg9675	AT4G27680.1
OG0002074	jg22207	AT5G54190.1
OG0002074	jg9706	AT4G27440.1
OG0002075	jg22305	AT5G54810.1
OG0002075	jg9743	AT4G27070.1
OG0002076	jg22352	AT5G55260.2
OG0002076	jg9777	AT4G26720.1
OG0002077	jg22370	AT5G55400.1
OG0002077	jg9779	AT4G26700.1
OG0002078	jg9898	AT4G25690.1
OG0002078	jg9900	AT4G25670.1
OG0002079	jg10044	AT4G24340.1
OG0002079	jg10043	AT4G24350.1
OG0002080	jg10364	AT4G21895.1
OG0002081	jg10686	AT4G19006.2
OG0002081	jg20523	AT5G45620.1
OG0002082	jg10888	AT4G17310.1
OG0002082	jg20294	AT5G47455.4
OG0002083	jg11076	AT4G16015.1
OG0002083	jg11393, jg11396	AT4G13992.1
OG0002084	jg11326	AT4G14430.1
OG0002084	jg11325	AT4G14440.1
OG0002085	jg12119	AT5G37060.1
OG0002085	jg22758	AT5G58460.1
OG0002086	jg12420	AT5G38780.1
OG0002087	jg12546	AT5G39730.1
OG0002087	jg12545	AT5G39720.1
OG0002088	jg20580	AT5G45230.1
OG0002089	jg21799, jg21797	AT5G51370.2
OG0002089	jg21808	AT5G51380.1
OG0002090	jg21976	AT5G52730.1
OG0002090	jg21972	AT5G52670.1
OG0002091	jg22709	AT5G58050.1
OG0002091	jg22722	AT5G58170.1
OG0002092	jg22971	AT5G60270.1
OG0002093	jg23122	AT5G61740.1
OG0002093	jg23118	AT5G61700.1
OG0002095	jg23698	AT5G66900.2
OG0002095	jg23697	AT5G66910.1
OG0002110	jg28460	AT1G01600.1
OG0002110	jg8206	AT4G00360.1
OG0002111	jg21363, jg28512	AT1G01150.1
OG0002111	jg4121	AT5G03780.1
OG0002112	jg28588	AT1G02790.1
OG0002113	jg28621	AT1G03060.1
OG0002113	jg7945	AT4G02660.2
OG0002114	jg28715	AT1G03960.1
OG0002114	jg20786	AT5G44090.2
OG0002115	jg28734	AT1G04160.1
OG0002115	jg20809	AT5G43900.3
OG0002116	jg28793	AT1G50920.1
OG0002116	jg29413	AT1G10300.1
OG0002117	jg28851	AT1G05170.2
OG0002117	jg18314	AT2G32430.1
OG0002118	jg28896	AT1G05575.1
OG0002118	jg18260	AT2G31945.1
OG0002119	jg16969	AT2G24670.1
OG0002120	jg28906	AT1G05650.1
OG0002120	jg28907	AT1G05660.1
OG0002121	jg28912	AT1G05675.1
OG0002121	jg28913	AT1G05680.1
OG0002122	jg28929	AT1G05810.2
OG0002122	jg18229	AT2G31680.1
OG0002123	jg28987	AT1G06360.2
OG0002124	jg29038	AT1G06890.1
OG0002125	jg17680	AT2G27600.1
OG0002127	jg29371	AT1G09940.1
OG0002127	jg18184	AT2G31250.1
OG0002128	jg29440	AT1G10490.1
OG0002128	jg15813	AT3G57940.1
OG0002129	jg29455	AT1G10586.1
OG0002129	jg29454	AT1G10585.1
OG0002130	jg28308	AT2G20805.1
OG0002130	jg29587	AT1G11510.1
OG0002131	jg29775	AT1G13140.1
OG0002131	jg29776	AT1G13150.1
OG0002132	jg29922	AT1G14450.2
OG0002133	jg29978	AT1G14920.1
OG0002133	jg12956	AT2G01570.1
OG0002134	jg3638	AT1G79500.1
OG0002134	jg30120	AT1G16340.4
OG0002135	jg2980	AT1G73390.1
OG0002135	jg30320	AT1G17940.1
OG0002136	jg30357	AT1G18350.1
OG0002136	jg2989	AT1G73500.1
OG0002137	jg30407	AT1G18800.1
OG0002137	jg3109	AT1G74560.3
OG0002138	jg17012, jg30458	AT1G19320.1
OG0002139	jg3286	AT1G76260.1
OG0002139	jg30594	AT1G20540.1
OG0002140	jg32162	AT1G34760.1
OG0002140	jg30793	AT1G22300.1, AT1G22290.2
OG0002141	jg2851	AT1G72175.1
OG0002142	jg17689	AT2G27670.1
OG0002143	jg31004, jg31009	AT1G27240.1
OG0002143	jg30996	AT1G24210.1
OG0002144	jg31168	AT1G25450.1
OG0002144	jg2419	AT1G68530.1
OG0002145	jg19423, jg19422	AT2G41400.1, AT2G41390.1
OG0002145	jg31190	AT5G05020.1
OG0002146	jg9651	AT4G27890.1
OG0002147	jg18562	AT2G34590.1
OG0002147	jg31554	AT1G30120.1
OG0002148	jg18601	AT2G34840.1
OG0002148	jg31621	AT1G30630.1
OG0002149	jg31631	AT1G30730.1
OG0002149	jg31630	AT1G30720.1
OG0002150	jg2806	AT1G71830.1
OG0002150	jg32099	AT1G34210.1
OG0002151	jg32180	AT1G35230.1
OG0002151	jg7221	AT4G09030.1
OG0002152	jg32276	AT1G36160.1, AT1G36180.1
OG0002153	jg7059	AT4G08310.1
OG0002153	jg32643	AT1G44780.1
OG0002154	jg32695	AT1G45170.1
OG0002154	jg20972	AT5G42960.1
OG0002155	jg33054	AT1G49400.1
OG0002155	jg26024	AT3G18880.1
OG0002157	jg25593	AT3G15480.1
OG0002157	jg33486	AT1G52910.1
OG0002158	jg33488	AT1G52930.1
OG0002158	jg25589, jg17500	AT3G15460.1
OG0002159	jg18224	AT2G31620.1
OG0002159	jg26407, jg26406, jg26405	AT3G21960.1
OG0002159	jg26404	AT3G21945.1
OG0002160	jg25546	AT3G15220.1
OG0002160	jg33520	AT1G53165.3
OG0002161	jg25414	AT3G14070.1
OG0002161	jg33643	AT1G54115.1
OG0002162	jg25410	AT3G14050.1
OG0002162	jg33645	AT1G54130.1
OG0002163	jg33654	AT1G54210.1
OG0002163	jg25402	AT3G13970.1
OG0002164	jg25394	AT3G13900.1
OG0002164	jg33660	AT1G54280.1
OG0002165	jg33696	AT1G55360.1
OG0002165	jg25334	AT3G13510.1
OG0002166	jg506	AT1G63640.3
OG0002166	jg12754	AT5G41310.1
OG0002167	jg13016	AT2G02020.1
OG0002167	jg716	AT1G62200.3
OG0002168	jg717	AT1G62190.1
OG0002168	jg9747	AT4G27030.1
OG0002169	jg893	AT1G60880.1
OG0002169	jg889	AT1G60920.1
OG0002170	jg20988	AT5G42930.1
OG0002174	jg1866	AT1G65290.1
OG0002175	jg9468	AT4G29630.1
OG0002175	jg9472	AT4G29600.1
OG0002175	jg9469	AT4G29620.1
OG0002175	jg7299	AT4G29610.1
OG0002176	jg8637	AT4G37120.1
OG0002176	jg1966	AT1G65660.1
OG0002177	jg12250	AT5G37800.1
OG0002177	jg2106	AT1G66470.1
OG0002178	jg2432	AT1G68600.1
OG0002178	jg27873	AT2G17470.2
OG0002179	jg22548	AT5G56680.1
OG0002179	jg2756	AT1G70980.1
OG0002180	jg19777	AT2G44270.1
OG0002181	jg3330	AT1G76680.2
OG0002181	jg3331, jg3332, jg9452, jg9450	AT1G76690.1
OG0002182	jg3565	AT1G78830.1
OG0002182	jg3564	AT1G78820.1
OG0002183	jg5220	AT5G14060.1
OG0002183	jg23888	AT3G02020.1
OG0002184	jg23936	AT3G01590.1
OG0002184	jg5272	AT5G14500.2
OG0002185	jg23943	AT3G01516.1
OG0002185	jg5292	AT5G14690.1
OG0002186	jg23977	AT3G01260.1
OG0002186	jg5339	AT5G15140.1
OG0002187	jg5386	AT5G15610.1
OG0002187	jg24025	AT3G02200.2
OG0002188	jg24051	AT3G02370.2
OG0002188	jg15748	AT3G57360.1
OG0002189	jg5430	AT5G16050.1
OG0002189	jg24070	AT3G02520.1
OG0002190	jg20567	AT4G03645.1
OG0002191	jg24505	AT3G05810.1
OG0002192	jg3870	AT5G01460.1
OG0002192	jg24807	AT3G08930.1
OG0002193	jg25988	AT3G18570.1
OG0002194	jg26560	AT3G23145.1
OG0002194	jg7376	AT4G10320.1
OG0002195	jg10749	AT4G18440.1
OG0002195	jg26569	AT1G36280.1
OG0002196	jg26582	AT3G23300.1
OG0002196	jg11341	AT4G14360.1
OG0002197	jg11378	AT4G14130.1
OG0002197	jg26636	AT3G23730.1
OG0002198	jg26746	AT3G24360.1
OG0002198	jg11526	AT4G13360.1
OG0002199	jg26763	AT3G24508.1
OG0002199	jg26766	AT3G24513.1
OG0002200	jg26880	AT3G25420.1
OG0002200	jg11651	AT4G12910.1
OG0002202	jg26949	AT2G04440.1
OG0002202	jg26948	AT2G04430.1
OG0002202	jg26950	AT2G04450.1
OG0002203	jg15224	AT3G52980.1
OG0002203	jg27033	AT2G05160.1
OG0002204	jg27089	AT2G05720.1
OG0002204	jg19436	AT2G41500.1
OG0002206	jg17210, jg21409, jg13570, jg17209, jg27269, jg21408, jg27268	AT1G37113.1
OG0002207	jg27928	AT2G17930.1
OG0002207	jg8726	AT4G36080.1
OG0002208	jg27972	AT2G18193.1
OG0002208	jg27971	AT2G18190.1
OG0002209	jg28037	AT2G18620.1
OG0002209	jg8656	AT4G36810.1
OG0002210	jg28053	AT2G18740.1
OG0002210	jg9379	AT4G30330.1
OG0002211	jg28181	AT2G19860.1
OG0002211	jg9521	AT4G29130.1
OG0002212	jg28290	AT2G20680.1
OG0002212	jg9604	AT4G28320.1
OG0002213	jg16591	AT2G21750.1
OG0002213	jg16590	AT2G21740.1
OG0002214	jg16716	AT2G22830.1
OG0002214	jg8558	AT4G37760.1
OG0002215	jg16774	AT2G23220.1
OG0002215	jg16770	AT2G23190.1
OG0002217	jg16869	AT2G24050.1
OG0002218	jg16966	AT2G24645.3, AT4G00260.1
OG0002219	jg17134	AT2G25540.1
OG0002219	jg9152	AT4G32410.1
OG0002220	jg17141	AT2G25600.1
OG0002220	jg9143	AT4G32500.1
OG0002221	jg17577	AT2G27100.1
OG0002222	jg18090	AT2G30490.1
OG0002223	jg18196	AT2G31350.1
OG0002224	jg18221	AT2G31580.1
OG0002225	jg12219, jg12221, jg18381	AT2G32980.1
OG0002226	jg18884	AT2G37360.1
OG0002226	jg15282	AT3G53510.1
OG0002227	jg19016	AT2G38390.1
OG0002227	jg19015	AT2G38380.1
OG0002228	jg19446	AT2G41620.1
OG0002228	jg15747	AT3G57350.1
OG0002229	jg19466	AT2G41770.1
OG0002229	jg15753	AT3G57420.1
OG0002230	jg19693	AT2G43570.1
OG0002231	jg16011	AT3G59640.1
OG0002231	jg19704	AT2G43630.1
OG0002232	jg19735	AT2G43880.1
OG0002233	jg19839	AT2G44790.1
OG0002234	jg16169	AT3G61180.1
OG0002235	jg16220	AT3G61640.1
OG0002235	jg20035	AT2G46330.1
OG0002236	jg20042	AT2G46410.1
OG0002237	jg20107	AT2G47000.1
OG0002237	jg16285	AT3G62150.1
OG0002238	jg12992	AT2G01890.1
OG0002239	jg13187	AT2G03850.1
OG0002239	jg13177	AT2G03740.1
OG0002240	jg13248	AT3G25820.1, AT3G25830.1
OG0002240	jg13245	AT3G25810.1
OG0002241	jg13351, jg13355	AT3G26660.1, AT3G26620.1
OG0002242	jg13808	AT3G29575.1
OG0002243	jg13821	AT3G29670.1
OG0002244	jg8991	AT4G33790.1
OG0002245	jg22979	AT5G60360.3
OG0002245	jg14299	AT3G45310.1
OG0002246	jg14362	AT3G45810.1
OG0002246	jg22940	AT5G60010.1
OG0002247	jg14428	AT3G46460.1
OG0002247	jg22862	AT5G59300.1
OG0002248	jg14684	AT3G48690.1
OG0002249	jg14759	AT3G49200.1
OG0002249	jg14760	AT3G49210.1
OG0002250	jg14834	AT3G49760.1
OG0002251	jg23628	AT5G67500.1
OG0002252	jg14857	AT3G49960.1
OG0002252	jg23639	AT5G67400.1
OG0002254	jg15076	AT3G51770.2
OG0002255	jg15437	AT3G55000.1
OG0002255	jg15438	AT3G55005.1
OG0002256	jg15460, jg15458	AT3G55220.1, AT3G55200.1
OG0002257	jg16062, jg15639, jg15638	AT3G56700.2
OG0002258	jg15856	AT3G58320.1
OG0002259	jg16036	AT3G59870.1
OG0002260	jg4092, jg4051	AT5G03220.1, AT5G03500.6
OG0002261	jg4330, jg4931	AT5G08695.1
OG0002261	jg10618	AT4G19610.1
OG0002262	jg4688	AT5G08391.1
OG0002263	jg4741	AT5G09260.1
OG0002263	jg23373	AT5G63880.2
OG0002264	jg4786	AT5G09740.1
OG0002264	jg23465	AT5G64610.1
OG0002265	jg4813	AT5G09930.1
OG0002265	jg23491	AT5G64840.1
OG0002266	jg23537	AT5G65260.1
OG0002266	jg4864	AT5G10350.1
OG0002267	jg22513, jg22512	AT5G56410.1
OG0002267	jg23259	AT5G62970.1
OG0002268	jg5173	AT5G13620.1
OG0002269	jg5204	AT5G13930.1
OG0002270	jg6254, jg6256	AT5G24040.1
OG0002271	jg6268	AT5G24160.1
OG0002272	jg6749, jg21986	AT1G20400.1
OG0002273	jg6869, jg6868	AT5G28850.2, AT5G28900.1
OG0002274	jg10156	AT4G23460.1
OG0002274	jg7505	AT4G11380.2
OG0002275	jg7580	AT4G11810.1
OG0002275	jg10226	AT4G22990.2
OG0002276	jg10303	AT4G22290.1
OG0002277	jg7709, jg7706, jg7708	AT4G04580.1
OG0002278	jg7814	AT4G05470.1, AT4G05475.1
OG0002279	jg8074	AT4G01630.1
OG0002280	jg8640	AT4G37150.1
OG0002281	jg8760	AT4G35785.2
OG0002282	jg8926	AT4G34300.1
OG0002282	jg8973	AT4G33930.1
OG0002283	jg8997	AT4G33720.1
OG0002284	jg9144	AT4G32490.1
OG0002284	jg9601	AT4G28365.1
OG0002286	jg9488	AT4G29470.1
OG0002286	jg9489	AT4G29460.1
OG0002287	jg22355	AT5G55300.2
OG0002288	jg22645	AT5G57440.1
OG0002288	jg9877	AT4G25840.1
OG0002289	jg9914	AT4G25520.1
OG0002289	jg9915	AT4G25515.1
OG0002290	jg10288	AT4G22460.1
OG0002291	jg10302	AT4G22300.1
OG0002291	jg10301	AT4G22305.1
OG0002292	jg10426	AT4G21400.1
OG0002292	jg10425	AT4G21410.3
OG0002293	jg10574	AT4G19960.3
OG0002294	jg10576	AT4G19950.1
OG0002294	jg20646	AT5G44860.1
OG0002295	jg20485	AT5G45930.1
OG0002295	jg10744	AT4G18480.1
OG0002296	jg11291	AT4G14690.1
OG0002297	jg11607	AT4G13090.1
OG0002298	jg11676, jg11684	AT4G12770.1, AT4G12780.1
OG0002299	jg20702	AT5G44560.1
OG0002300	jg21780	AT5G51190.1
OG0002301	jg22197	AT5G54148.1
OG0002301	jg22194	AT5G54150.1
OG0002302	jg22989	AT5G60500.1
OG0002302	jg22990	AT5G60510.1
OG0002303	jg23066	AT5G61220.1
OG0002304	jg23129	AT5G61820.1
OG0002305	jg23644	AT5G67360.1
OG0002317	jg8197	AT4G00460.2
OG0002317	jg28450	AT1G01700.4
OG0002318	jg28606	AT1G02920.1
OG0002318	jg28607	AT1G02930.1
OG0002319	jg18316	AT2G32450.1
OG0002319	jg28849	AT1G05150.1
OG0002320	jg28890	AT1G05530.1
OG0002320	jg28894	AT1G05560.2
OG0002321	jg29093	AT1G07390.3
OG0002322	jg29084	AT1G07300.3
OG0002323	jg29317	AT1G09520.1
OG0002324	jg29387	AT1G10095.1
OG0002325	jg664	AT1G63340.1, AT1G62580.1
OG0002325	jg29663	AT1G12200.1
OG0002326	jg32102	AT1G14650.1
OG0002326	jg29945	AT1G14640.1
OG0002327	jg29984	AT1G14980.1
OG0002328	jg30058	AT1G15720.1
OG0002328	jg22739	AT5G58340.1
OG0002329	jg30077	AT1G15860.3
OG0002330	jg21713	AT5G50430.1
OG0002330	jg30252	AT1G17280.4
OG0002331	jg30350	AT1G18280.1
OG0002332	jg30424	AT1G18980.1
OG0002332	jg30423	AT1G18970.1
OG0002333	jg3176	AT1G75230.2
OG0002333	jg30475	AT1G19480.1
OG0002334	jg30534, jg13272	AT3G25940.1
OG0002335	jg3929	AT5G01040.1
OG0002335	jg30578, jg3928	AT5G01050.1
OG0002336	jg30637	AT1G20920.1
OG0002336	jg24888	AT3G09620.2
OG0002337	jg3316	AT1G76540.1
OG0002337	jg30639	AT1G20930.1
OG0002338	jg3461	AT1G77870.1
OG0002338	jg30763	AT1G22050.1
OG0002339	jg30791	AT1G22275.1
OG0002339	jg30789	AT1G22260.1
OG0002340	jg30825	AT1G22650.1
OG0002340	jg2829	AT1G72000.1
OG0002341	jg30849	AT1G22900.1
OG0002341	jg21075	AT5G42500.1, AT5G42510.1
OG0002342	jg30896, jg30899	AT1G23280.1
OG0002343	jg30964	AT1G23910.1, AT1G24000.1
OG0002344	jg26192	AT3G20370.1
OG0002344	jg26193	AT3G20380.1
OG0002345	jg31410	AT1G29030.1
OG0002345	jg18507	AT2G34040.1
OG0002346	jg31492, jg31487	AT1G29580.1
OG0002346	jg33665	AT1G55080.1
OG0002347	jg32028, jg31784, jg31916	AT1G32660.1
OG0002348	jg18624	AT2G35060.2
OG0002348	jg31718	AT1G31120.1
OG0002349	jg31805	AT1G31760.1
OG0002349	jg18687	AT2G35605.1
OG0002350	jg18655	AT2G35340.1
OG0002350	jg31902	AT1G32490.1
OG0002352	jg32347	AT4G12170.1
OG0002353	jg32488	AT4G07940.1, AT3G61370.1
OG0002354	jg32585	AT1G43910.1
OG0002356	jg32781, jg2026	AT1G47500.1
OG0002356	jg32780	AT1G47490.1
OG0002357	jg20847	AT5G43660.1
OG0002357	jg32951	AT1G48700.4
OG0002357	jg32952, jg32953	AT1G48740.2
OG0002358	jg26104	AT3G19590.1
OG0002358	jg33119	AT1G49910.1
OG0002359	jg33324	AT1G51650.1
OG0002360	jg14424	AT3G46410.1
OG0002361	jg33578	AT1G53620.1, AT1G53610.1
OG0002362	jg33593	AT1G53660.3
OG0002363	jg33790, jg33789	AT1G56030.1
OG0002364	jg473	AT1G63900.1
OG0002365	jg509	AT4G16930.1
OG0002366	jg1007	AT1G59950.1
OG0002366	jg1006	AT1G59960.1
OG0002367	jg1087	AT1G59670.1
OG0002367	jg1067, jg1065, jg1063	AT1G59700.1
OG0002368	jg25647	AT3G16020.1, AT3G18120.1
OG0002369	jg1288	AT3G04620.1
OG0002370	jg1529	AT1G54630.1, AT1G54580.1
OG0002371	jg1738	AT1G64830.1
OG0002371	jg11858	AT5G33340.1
OG0002372	jg1852	AT1G65220.1
OG0002372	jg12039	AT5G36230.2
OG0002373	jg2007	AT1G65820.3
OG0002374	jg2248	AT1G67270.1
OG0002374	jg2322	AT1G67780.1
OG0002375	jg2839	AT1G72110.1
OG0002376	jg2840	AT1G72120.1
OG0002376	jg2841	AT1G72125.1
OG0002377	jg7946	AT4G02655.2
OG0002378	jg3763	AT1G80070.1
OG0002378	jg8345	AT4G38780.1
OG0002379	jg3777	AT1G79920.1, AT1G79930.1
OG0002380	jg23897	AT3G01930.2
OG0002380	jg5227	AT5G14120.1
OG0002381	jg6672	AT5G27320.1
OG0002381	jg24408	AT3G05120.1
OG0002382	jg6660	AT5G27410.2
OG0002382	jg24418	AT3G05190.1
OG0002383	jg24428	AT3G05280.1
OG0002383	jg6652	AT5G27490.1
OG0002384	jg5749	AT5G18980.1
OG0002384	jg24553	AT3G06210.1
OG0002385	jg24611	AT3G06650.1
OG0002385	jg21579	AT5G49460.1
OG0002386	jg24679, jg24675	AT3G07220.1
OG0002387	jg24755	AT3G07980.1
OG0002387	jg25336	AT3G13530.1
OG0002388	jg3858	AT5G01570.1
OG0002389	jg24824	AT3G09035.1
OG0002389	jg24842	AT3G09190.1
OG0002390	jg25000	AT3G10600.1
OG0002390	jg4225	AT5G04770.1
OG0002391	jg25145	AT3G11930.3
OG0002392	jg25279	AT3G13090.1
OG0002392	jg25280	AT3G13100.1
OG0002393	jg25364	AT3G13710.1
OG0002393	jg25365	AT3G13720.1
OG0002394	jg25422	AT3G14150.1
OG0002394	jg25421	AT3G14130.1
OG0002395	jg5026	AT5G11880.1
OG0002395	jg25451	AT3G14390.1
OG0002396	jg25742	AT3G16720.1
OG0002397	jg11046	AT4G16155.1
OG0002397	jg25774	AT3G16950.2
OG0002399	jg25858	AT3G17560.1
OG0002400	jg25928	AT3G18070.1
OG0002400	jg25929	AT3G18080.1
OG0002401	jg13532	AT3G27740.1
OG0002402	jg26368	AT3G21690.1
OG0002403	jg11237	AT4G15020.1
OG0002403	jg26445	AT3G22220.1
OG0002404	jg11458	AT4G13615.1
OG0002404	jg26685	AT3G24100.1
OG0002405	jg26731	AT3G24280.1
OG0002405	jg11485	AT4G13520.1
OG0002406	jg26745, jg17213	AT3G24350.2
OG0002407	jg11704	AT2G11626.1
OG0002407	jg11530	AT5G24480.1
OG0002407	jg20690, jg26973	AT3G44265.1, AT2G04378.2
OG0002408	jg21877	AT5G51940.1
OG0002409	jg27529, jg7904	AT4G03070.1
OG0002410	jg27572, jg27571	AT2G15480.2
OG0002410	jg27573	AT2G15490.1
OG0002411	jg27747	AT2G16570.1
OG0002411	jg8877	AT4G34740.1
OG0002412	jg20149	AT2G47370.1, AT5G28660.1
OG0002412	jg27772	AT2G16760.1
OG0002413	jg27909	AT2G17740.1
OG0002413	jg19787	AT2G44370.1
OG0002414	jg28270	AT2G20510.2
OG0002414	jg18739	AT2G36070.1
OG0002415	jg28283	AT2G20618.1
OG0002416	jg16802	AT2G23420.1
OG0002416	jg8618	AT4G36940.1
OG0002417	jg16811	AT2G23510.1
OG0002418	jg9365	AT4G30470.1
OG0002418	jg16850	AT2G23910.1
OG0002420	jg17449	AT2G41920.1
OG0002420	jg19488	AT5G27790.1, AT2G34290.1
OG0002421	jg18398	AT2G33130.1
OG0002422	jg18742	AT2G36100.1
OG0002423	jg18858	AT2G37120.1
OG0002423	jg15268	AT3G53370.1
OG0002424	jg18932	AT2G37700.3
OG0002425	jg18940	AT2G37770.2
OG0002426	jg19022, jg19025	AT2G38430.1
OG0002427	jg19121	AT2G39310.1
OG0002428	jg19320, jg19314	AT2G40560.1
OG0002428	jg12453, jg19325	AT2G40500.1
OG0002429	jg19427	AT2G41420.1
OG0002430	jg19641	AT2G43150.1
OG0002431	jg19720	AT2G43745.1
OG0002432	jg19808	AT2G44525.1
OG0002433	jg20030	AT5G57650.1
OG0002433	jg20031	AT2G46290.1
OG0002434	jg20132	AT2G47240.1
OG0002435	jg21753	AT5G50950.1
OG0002435	jg20164	AT2G47510.1
OG0002436	jg13098	AT2G02955.1, AT1G42615.1
OG0002437	jg13546	AT3G27880.1
OG0002438	jg13619	AT3G28490.1
OG0002438	jg13618	AT3G28480.2
OG0002439	jg13635	AT3G28600.1
OG0002440	jg13735	AT3G29180.1
OG0002440	jg12508	AT5G39430.1
OG0002441	jg13786, jg13788	AT3G29380.1
OG0002442	jg14239	AT3G44870.1, AT3G44860.1
OG0002442	jg14237	AT3G44840.1
OG0002443	jg14313	AT3G45460.1
OG0002443	jg14315, jg14316	AT3G45525.1, AT3G45480.1
OG0002444	jg14333	AT3G45600.1
OG0002444	jg22967	AT5G60220.1
OG0002445	jg14452	AT3G46670.1
OG0002446	jg14518	AT3G47300.1
OG0002446	jg22778	AT5G58640.1
OG0002447	jg14521	AT3G47360.1
OG0002447	jg14520	AT3G47350.2
OG0002448	jg14769	AT3G49305.1, AT3G49300.1
OG0002448	jg14763	AT3G49270.3
OG0002449	jg14819	AT3G49620.1
OG0002449	jg14820	AT3G49630.1
OG0002450	jg23794	AT5G66020.1
OG0002450	jg15032	AT3G51460.1
OG0002451	jg15039	AT3G51530.1
OG0002452	jg15153	AT3G52430.1
OG0002453	jg15340	AT3G54040.2
OG0002454	jg15584	AT3G56150.1
OG0002455	jg16274, jg16195, jg16191, jg16273	AT3G60980.1
OG0002456	jg3893	AT5G01330.1
OG0002456	jg3894	AT5G01320.1
OG0002456	jg9076	AT4G33070.1
OG0002458	jg4599	AT5G07560.1
OG0002459	jg23469	AT5G64650.1
OG0002459	jg4791	AT5G09770.1
OG0002460	jg4839, jg4841, jg4842	AT5G10140.1
OG0002461	jg6098, jg6100	AT5G22770.1
OG0002462	jg6335	AT5G24660.1
OG0002462	jg6333	AT5G24655.1
OG0002463	jg8777	AT4G35670.1
OG0002463	jg6649	AT5G27530.1
OG0002464	jg6670	AT5G27350.1
OG0002464	jg6669	AT5G27360.3
OG0002465	jg6728	AT5G28050.3
OG0002466	jg7591, jg7504	AT4G11370.1
OG0002466	jg7503	AT4G11360.1
OG0002467	jg7556	AT4G11650.1
OG0002468	jg7589	AT4G11910.1
OG0002468	jg7590	AT4G11911.1
OG0002469	jg23673	AT5G67100.1
OG0002470	jg8865	AT4G34890.1
OG0002471	jg8084	AT4G01550.1
OG0002472	jg9626	AT4G28090.1
OG0002472	jg8298, jg8305	AT4G38420.1
OG0002473	jg8367	AT4G38990.2
OG0002473	jg8368	AT4G39000.1
OG0002474	jg8838	AT4G35150.1
OG0002474	jg8837	AT4G35160.1
OG0002475	jg9255	AT4G31490.1, AT4G31480.3
OG0002476	jg9478, jg9474	AT4G29550.1
OG0002477	jg9516	AT4G29180.2
OG0002477	jg9490	AT4G29450.1
OG0002478	jg9649	AT4G27910.1
OG0002478	jg22063	AT5G53430.1
OG0002479	jg22628	AT5G57290.1
OG0002479	jg9871	AT4G25890.1
OG0002480	jg10403	AT4G21600.1
OG0002481	jg10474	AT4G20990.1
OG0002482	jg20536	AT5G45500.1
OG0002483	jg20451	AT5G46190.2
OG0002483	jg10756	AT4G18375.2
OG0002484	jg10857	AT5G47130.2
OG0002484	jg20338	AT5G47120.1
OG0002485	jg10868	AT4G17510.1
OG0002486	jg10901	AT4G17190.1
OG0002486	jg20342	AT5G47770.1
OG0002487	jg12655	AT2G25230.1, AT5G40430.1
OG0002487	jg12644	AT5G40360.1
OG0002488	jg12729	AT5G41090.1
OG0002489	jg12736	AT5G41130.3
OG0002489	jg12733	AT5G41120.3
OG0002490	jg20278	AT5G47600.1
OG0002491	jg20540	AT5G45440.1
OG0002492	jg20686	AT5G44590.1
OG0002492	jg20678	AT5G44600.1
OG0002493	jg21949	AT5G52530.1
OG0002494	jg22046	AT5G53260.1
OG0002494	jg22047	AT5G53270.1
OG0002495	jg22847	AT5G59120.1
OG0002495	jg22851	AT5G59090.1
OG0002496	jg22883	AT5G59490.1
OG0002497	jg23117	AT5G61690.2
OG0002497	jg23121	AT5G61730.2
OG0002498	jg23549	AT5G65380.1
OG0002511	jg30863	AT1G23020.2
OG0002511	jg28461	AT1G01590.1
OG0002512	jg28544	AT1G02360.3
OG0002512	jg8068	AT4G01700.1
OG0002513	jg28596	AT1G02840.1
OG0002514	jg13727	AT1G03230.1
OG0002514	jg28639	AT1G03220.1
OG0002515	jg28740	AT1G04230.1
OG0002516	jg18150	AT2G30980.1
OG0002516	jg28989	AT1G06390.1
OG0002517	jg29152, jg21247, jg21258	AT1G07910.2
OG0002518	jg29263, jg29262	AT1G09050.1, AT1G09040.1
OG0002519	jg31731	AT1G31200.1
OG0002519	jg29393	AT1G10155.1
OG0002520	jg33377, jg33375, jg33376	AT1G51970.1
OG0002520	jg29433	AT1G10455.1
OG0002521	jg29746	AT1G12855.1
OG0002521	jg29783	AT1G13200.1
OG0002522	jg29777	AT1G13160.1
OG0002522	jg9252	AT4G31520.1
OG0002523	jg29884	AT1G14120.1
OG0002523	jg29885	AT1G14130.1
OG0002524	jg3743	AT1G80280.1
OG0002524	jg30036	AT1G15490.1
OG0002525	jg3597	AT1G79100.1
OG0002525	jg30144	AT1G16610.3
OG0002526	jg30161, jg30172, jg30184	AT1G16780.1
OG0002526	jg3578	AT1G78920.1
OG0002527	jg3050	AT1G74040.1
OG0002527	jg30373	AT1G18500.1
OG0002528	jg30501	AT1G19770.1
OG0002529	jg30548	AT1G20200.1
OG0002529	jg3254	AT1G75990.1
OG0002530	jg2747	AT1G71230.1
OG0002530	jg30851	AT1G22920.1
OG0002531	jg2687	AT1G70730.3
OG0002531	jg30881	AT1G23190.1
OG0002532	jg30963	AT1G23995.1, AT1G23965.1
OG0002533	jg31032	AT1G27040.1
OG0002533	jg2583	AT1G69850.1
OG0002534	jg31054	AT1G26830.1
OG0002534	jg2557	AT1G69670.1
OG0002535	jg2319	AT1G67760.1
OG0002535	jg31225, jg31226	AT1G24510.1
OG0002536	jg31620	AT1G30620.1
OG0002537	jg32078	AT1G34060.1
OG0002538	jg5559	AT5G17320.1
OG0002538	jg32141	AT1G34650.1
OG0002539	jg32260	AT1G35730.2
OG0002539	jg32261	AT1G35750.1
OG0002540	jg32377	AT1G37150.9
OG0002540	jg17167	AT2G25710.1
OG0002542	jg32718	AT1G55928.1
OG0002542	jg17630	AT2G27280.1
OG0002542	jg17631	AT2G27285.1
OG0002543	jg32737	AT1G46912.1
OG0002543	jg32736	AT1G46840.1
OG0002544	jg33031, jg33036	AT1G49320.1
OG0002545	jg33143	AT1G50060.1
OG0002545	jg33141	AT1G50050.1
OG0002546	jg26315	AT3G21280.1
OG0002546	jg33330	AT1G51710.1
OG0002547	jg33341	AT1G51780.1
OG0002547	jg33339	AT1G51760.1
OG0002548	jg33389	AT1G52060.1
OG0002548	jg33391	AT1G52070.1
OG0002549	jg25606	AT3G15610.1
OG0002549	jg33467	AT1G52730.1
OG0002550	jg33628	AT1G54000.1, AT1G54010.1
OG0002551	jg33774	AT1G55920.1
OG0002552	jg8154	AT4G00872.1
OG0002553	jg25235	AT3G12780.1
OG0002553	jg33815	AT1G56190.1
OG0002554	jg355, jg2921	AT3G11880.2
OG0002554	jg2691	AT1G70770.1
OG0002555	jg378	AT1G64520.1
OG0002555	jg12856	AT5G42040.1
OG0002556	jg514, jg517	AT1G63580.1
OG0002556	jg513, jg550	AT1G63590.1
OG0002557	jg521	AT1G63540.1
OG0002557	jg522	AT1G63530.3
OG0002558	jg525	AT1G63500.1
OG0002558	jg12751	AT5G41260.1
OG0002559	jg629	AT1G62810.1
OG0002559	jg14065	AT3G43670.1
OG0002560	jg1326, jg1329, jg1330	AT1G57650.1
OG0002561	jg1585	AT1G54380.1
OG0002561	jg19567	AT2G42510.2
OG0002563	jg1785	AT1G64990.1
OG0002563	jg9682	AT4G27630.3
OG0002564	jg2058	AT1G66180.1
OG0002564	jg12205	AT5G37540.1
OG0002565	jg2199	AT1G66950.1
OG0002565	jg18773	AT2G36380.1
OG0002566	jg2984	AT1G73450.1
OG0002566	jg2985	AT1G73460.1
OG0002567	jg3251	AT1G75950.1
OG0002568	jg5462	AT5G16370.1
OG0002568	jg3252	AT1G75960.1
OG0002569	jg3305	AT1G76430.1
OG0002570	jg3574	AT1G78900.1
OG0002571	jg3732	AT1G80370.1
OG0002572	jg5218	AT5G14040.1
OG0002573	jg24132	AT3G03040.1
OG0002573	jg24131	AT3G03030.1
OG0002574	jg24533	AT3G06010.1
OG0002574	jg5790	AT5G19310.1
OG0002575	jg24550	AT3G06180.1
OG0002575	jg5754	AT5G19025.2
OG0002576	jg5747	AT5G18960.1
OG0002576	jg24558	AT3G06250.1
OG0002577	jg24569	AT3G06350.1
OG0002578	jg3822	AT5G01870.1
OG0002578	jg24790	AT3G08770.2
OG0002579	jg24926	AT3G09970.1
OG0002580	jg4607	AT5G07630.1
OG0002581	jg25218	AT3G12630.1
OG0002582	jg25278	AT3G13080.1
OG0002583	jg25432	AT3G14210.1
OG0002584	jg12629, jg7767, jg25567	AT3G15351.1
OG0002585	jg25802	AT3G17152.1
OG0002586	jg26078	AT3G19390.1, AT3G19400.1
OG0002587	jg4748	AT5G09320.1
OG0002587	jg26123	AT3G19770.1
OG0002588	jg12071, jg26366	AT3G32050.1
OG0002589	jg26842	AT3G25040.1
OG0002590	jg11921	AT5G35320.1
OG0002591	jg28012	AT2G18510.1
OG0002592	jg8962	AT4G34040.1
OG0002592	jg27575	AT2G15530.4
OG0002593	jg28081	AT2G18990.1
OG0002594	jg28133	AT2G19480.1
OG0002595	jg16596	AT2G21800.2
OG0002595	jg16644	AT2G22140.1
OG0002596	jg23333, jg16993, jg17276	AT5G63600.2
OG0002597	jg9209	AT4G31900.1
OG0002597	jg17062	AT2G25170.3
OG0002598	jg17106	AT2G25355.1
OG0002598	jg9181	AT4G32175.1
OG0002600	jg6233	AT5G23820.1
OG0002600	jg17587	AT5G23840.1, AT5G23830.1
OG0002601	jg17674	AT2G27550.1
OG0002602	jg23086	AT5G61412.1
OG0002603	jg18716	AT2G35820.2, AT2G35810.1, AT2G35830.2
OG0002604	jg15303	AT3G53680.2
OG0002604	jg18909	AT2G37520.1
OG0002605	jg19013	AT2G38365.1
OG0002606	jg19311	AT2G40475.1
OG0002607	jg19395	AT2G41190.1
OG0002608	jg19462	AT2G41730.1, AT5G24640.1
OG0002610	jg19725	AT2G43780.4
OG0002611	jg19733	AT2G43860.1
OG0002612	jg19741	AT2G43920.1
OG0002612	jg19738	AT2G43910.1
OG0002613	jg16089	AT3G60320.1
OG0002614	jg16212	AT3G61570.1
OG0002614	jg20017	AT2G46180.1
OG0002615	jg20045	AT2G46450.1
OG0002616	jg16292	AT3G62220.1
OG0002616	jg20113	AT2G47060.4
OG0002617	jg12920	AT2G01290.1
OG0002618	jg13030	AT2G02147.1
OG0002619	jg13179	AT2G03760.1
OG0002620	jg13207	AT2G04046.1
OG0002620	jg13206	AT2G04045.1
OG0002621	jg13576	AT3G28150.1
OG0002622	jg14003, jg13978	AT3G43190.1
OG0002622	jg5946	AT5G20830.1
OG0002623	jg8948	AT3G42050.1
OG0002624	jg14304	AT3G45420.1
OG0002624	jg14303	AT3G45410.1
OG0002625	jg14351	AT3G45750.1
OG0002626	jg14801, jg14803, jg14787, jg14789	AT3G49450.1
OG0002627	jg14876	AT3G50090.1
OG0002627	jg14877	AT3G50100.1
OG0002628	jg14942	AT3G50730.1
OG0002628	jg14941	AT3G50720.1
OG0002629	jg15009	AT3G51260.1
OG0002630	jg15023	AT3G51370.1
OG0002630	jg23786	AT5G66080.1
OG0002631	jg15079	AT3G51800.2
OG0002632	jg15574	AT3G56060.1
OG0002633	jg15677	AT3G57062.1
OG0002634	jg16221	AT3G61650.1
OG0002634	jg4319	AT5G05620.1
OG0002635	jg16300	AT3G62300.2
OG0002636	jg4146	AT5G04010.1
OG0002637	jg4197	AT5G04460.1
OG0002638	jg4493	AT5G06730.1
OG0002638	jg4492	AT5G06720.1
OG0002639	jg4681	AT5G08335.1
OG0002640	jg4780	AT5G09640.1
OG0002641	jg4790	AT5G09760.2
OG0002642	jg4801	AT5G09830.1
OG0002643	jg23538	AT5G65270.1
OG0002644	jg4949	AT5G11210.5
OG0002644	jg4950	AT5G11180.2
OG0002645	jg6192, jg5775	AT5G23420.1
OG0002646	jg6011	AT5G22090.1
OG0002647	jg6229	AT5G23800.2
OG0002647	jg6227	AT5G23770.2
OG0002648	jg6374	AT5G25030.1
OG0002649	jg6450	AT5G25640.1
OG0002650	jg6615	AT5G27760.1
OG0002651	jg6873	AT5G28960.1
OG0002651	jg6871	AT5G28910.2
OG0002652	jg7193	AT4G08895.1
OG0002652	jg20899	AT5G43340.1
OG0002653	jg12555	AT5G40080.1, AT5G39800.1
OG0002654	jg7407	AT3G55680.1
OG0002655	jg7854	AT4G02740.2
OG0002656	jg23539	AT5G65274.1
OG0002657	jg8317, jg8318	AT4G38540.1
OG0002658	jg8805	AT4G35410.2
OG0002659	jg8863	AT4G34920.1
OG0002660	jg9264	AT4G31380.1
OG0002661	jg9407	AT4G30067.1
OG0002661	jg9408	AT4G30064.1
OG0002662	jg9505	AT4G29285.1
OG0002663	jg9508	AT4G29270.1
OG0002664	jg9587	AT4G28460.1
OG0002665	jg22449	AT5G56020.1
OG0002665	jg9796	AT4G26550.1
OG0002666	jg22492	AT5G56350.1
OG0002666	jg9817	AT4G26390.1
OG0002667	jg9946	AT4G25230.1
OG0002667	jg21814	AT5G51450.2
OG0002668	jg10125	AT4G23700.1
OG0002669	jg20472	AT5G46000.1
OG0002670	jg10291	AT4G22390.1
OG0002671	jg10398	AT4G21650.1
OG0002671	jg10399	AT4G21630.1
OG0002672	jg10508	AT4G20440.1
OG0002672	jg20707	AT5G44500.1
OG0002673	jg10563	AT4G20040.1
OG0002674	jg10608	AT4G19690.2
OG0002675	jg10698	AT4G18910.1
OG0002675	jg10681	AT4G19030.1
OG0002676	jg11074	AT4G15990.1
OG0002677	jg11140	AT4G15630.1
OG0002677	jg11141	AT4G15620.1
OG0002678	jg11287	AT4G14713.1
OG0002678	jg11285	AT4G14720.2
OG0002679	jg12464	AT5G39030.1
OG0002679	jg12463	AT5G39020.1
OG0002680	jg12699	AT5G40780.1
OG0002681	jg12798	AT5G41720.1
OG0002682	jg20335	AT5G47160.1
OG0002683	jg20635, jg20633, jg20631	AT5G44960.1, AT5G44940.1
OG0002683	jg20628	AT5G44980.1
OG0002684	jg20675	AT5G44620.1
OG0002685	jg21015	AT5G42820.1
OG0002686	jg21467	AT5G48905.1
OG0002687	jg21551	AT5G49280.1
OG0002688	jg21820	AT5G51490.1
OG0002689	jg22391	AT5G55560.1
OG0002691	jg22819	AT5G58950.1
OG0002692	jg22922	AT5G59845.1
OG0002693	jg22939	AT5G60000.1
OG0002694	jg23256	AT5G62950.1, AT3G28956.10
OG0002695	jg23294	AT5G63230.1
OG0002695	jg23293	AT5G63225.1
OG0002706	jg28492	AT5G35640.1, AT1G01355.1
OG0002707	jg29570	AT1G11450.3
OG0002707	jg28521	AT1G01070.1
OG0002708	jg28983	AT1G06310.1
OG0002708	jg28982	AT3G06690.1, AT1G06290.1
OG0002709	jg29046	AT1G06925.1, AT4G20480.1
OG0002710	jg29048	AT1G06960.1
OG0002710	jg18067	AT2G30260.1
OG0002711	jg29161	AT1G08010.1, AT1G08000.1
OG0002712	jg29253	AT1G08930.1
OG0002713	jg29321	AT1G09560.1
OG0002714	jg29328	AT1G09620.1
OG0002715	jg29399	AT1G10210.1
OG0002716	jg29400	AT1G10220.2
OG0002717	jg16961	AT2G24600.3
OG0002718	jg27663, jg27593	AT2G16225.1
OG0002720	jg29670	AT1G12270.1
OG0002720	jg636	AT1G62740.1
OG0002721	jg13353	AT3G26640.1
OG0002721	jg29749	AT1G12910.1
OG0002722	jg29819	AT1G13580.2
OG0002722	jg13209	AT3G25540.1
OG0002723	jg29852	AT1G13830.2
OG0002724	jg21617	AT5G49700.1
OG0002724	jg29928	AT1G14490.2
OG0002725	jg29942	AT1G14610.1
OG0002726	jg29973	AT1G14880.1, AT5G35525.1, AT1G14870.1
OG0002727	jg30091	AT1G16000.1
OG0002727	jg3670	AT1G80890.1
OG0002728	jg23934	AT3G01610.2
OG0002729	jg33600	AT1G53750.1
OG0002729	jg30250	AT1G53780.2
OG0002730	jg6582	AT5G26830.1
OG0002731	jg30367	AT1G18450.1
OG0002732	jg3054, jg3051	AT1G74045.1
OG0002732	jg30374	AT1G18510.1
OG0002733	jg30615	AT1G20710.1
OG0002733	jg30614	AT1G20700.1
OG0002734	jg30743	AT1G21920.1
OG0002735	jg30752	AT1G21970.1
OG0002736	jg30824	AT1G22640.1
OG0002737	jg30874	AT1G23130.1
OG0002738	jg30889	AT1G23220.1
OG0002739	jg30952	AT1G23840.1
OG0002739	jg30951	AT1G23830.1
OG0002741	jg2554	AT1G69640.1
OG0002742	jg31093	AT1G26630.1
OG0002743	jg31320	AT1G28010.1
OG0002743	jg31311	AT1G27940.1
OG0002744	jg31346	AT1G28240.1
OG0002745	jg31462, jg31461	AT1G29370.1, AT1G29350.1
OG0002746	jg31515	AT1G29740.1
OG0002746	jg31513	AT1G29730.2
OG0002747	jg31526	AT1G29850.3
OG0002748	jg31586	AT1G30410.1
OG0002748	jg31587	AT1G30420.1
OG0002749	jg32129	AT1G34540.1
OG0002750	jg32135	AT3G15750.1, AT1G34570.1
OG0002752	jg32474	AT1G42560.1
OG0002752	jg18465	AT2G33670.1
OG0002753	jg9292	AT4G31050.1
OG0002753	jg32789	AT1G47578.1
OG0002754	jg10939	AT1G43010.1
OG0002755	jg6552, jg32867, jg32854	AT5G26710.1
OG0002756	jg32894	AT1G48180.1
OG0002756	jg33326	AT1G51670.1
OG0002757	jg25768	AT3G16895.1
OG0002757	jg2186, jg32987, jg26373, jg25803	AT3G17155.1
OG0002758	jg33028	AT1G49290.1
OG0002760	jg33278	AT1G51355.1
OG0002761	jg33327	AT1G51680.1
OG0002761	jg26307, jg26310	AT3G21240.1
OG0002762	jg33703	AT5G51795.1
OG0002762	jg33701	AT1G55460.1
OG0002763	jg33740	AT1G55670.1
OG0002764	jg33796	AT1G56070.1
OG0002765	jg12759	AT5G41340.1
OG0002765	jg490	AT1G63800.1
OG0002766	jg731	AT1G62040.1
OG0002767	jg775	AT1G61730.1, AT4G00390.1
OG0002768	jg11435	AT4G13780.1
OG0002769	jg1325, jg1328, jg4751	AT5G09370.1
OG0002770	jg6640	AT5G27640.2
OG0002770	jg6457	AT5G25780.1
OG0002771	jg6022	AT5G22170.1
OG0002772	jg2164	AT1G66740.1
OG0002772	jg12308	AT5G38110.1
OG0002773	jg2193	AT1G66920.2
OG0002774	jg2347	AT1G67890.1
OG0002774	jg21580	AT5G49470.2
OG0002775	jg16905	AT2G24280.1
OG0002776	jg12493, jg12494	AT5G39330.1
OG0002776	jg2603	AT1G70020.1
OG0002777	jg2759, jg25350	AT3G13640.1
OG0002778	jg2777	AT1G71450.1
OG0002779	jg2833	AT1G72040.1
OG0002780	jg3189	AT1G75335.1
OG0002780	jg22942	AT5G60030.1
OG0002781	jg3196	AT2G31305.1
OG0002782	jg3440	AT1G77700.1
OG0002783	jg3723	AT5G26270.1
OG0002784	jg24013	AT3G02090.2
OG0002785	jg24034	AT3G02270.1
OG0002785	jg10765	AT4G18300.1
OG0002785	jg18614	AT2G34970.1
OG0002786	jg5558	AT5G17310.2
OG0002786	jg24157	AT3G03250.2
OG0002787	jg24258	AT3G03960.1
OG0002788	jg24352	AT3G04690.1
OG0002788	jg6807	AT5G28680.1
OG0002789	jg24492	AT3G05730.1
OG0002790	jg6541	AT5G26360.1
OG0002791	jg24538, jg16606	AT3G06060.2
OG0002791	jg5781	AT5G19200.1
OG0002792	jg24599	AT3G11060.1
OG0002793	jg24619	AT3G06670.2
OG0002794	jg24762	AT3G08040.1
OG0002795	jg24798	AT3G08850.1
OG0002795	jg3838	AT5G01770.1
OG0002796	jg25085	AT3G11380.1
OG0002797	jg25239	AT3G12830.1
OG0002798	jg25306	AT3G13290.1
OG0002798	jg25307	AT3G13300.1
OG0002799	jg25345, jg25515	AT3G13610.1
OG0002800	jg25380	AT3G13810.2
OG0002801	jg25399	AT3G13950.1
OG0002801	jg11556	AT4G13266.1
OG0002802	jg25429	AT3G14200.1
OG0002803	jg25464	AT3G29430.1, AT3G32040.1, AT3G14530.1, AT3G14550.1, AT3G14510.1
OG0002804	jg25478	AT3G14610.1
OG0002805	jg25570	AT3G15355.1
OG0002806	jg16629	AT2G22040.1
OG0002806	jg25933	AT3G18140.1
OG0002807	jg26037	AT3G19000.1
OG0002808	jg26062	AT3G19250.1
OG0002809	jg13711	AT3G29040.1
OG0002809	jg26409	AT3G21970.1
OG0002810	jg26484	AT3G22530.1
OG0002811	jg26585	AT3G23325.1
OG0002812	jg26702	AT3G24080.1
OG0002813	jg26730	AT3G48220.1
OG0002814	jg11946	AT5G35590.1
OG0002814	jg27106	AT2G05840.1
OG0002815	jg27182	AT2G06520.1
OG0002816	jg27699	AT2G16430.2
OG0002817	jg27888	AT2G17560.1
OG0002818	jg27903	AT2G17700.1
OG0002819	jg9226	AT4G31740.1
OG0002819	jg27935, jg7308, jg7305	AT2G17980.1
OG0002820	jg8690	AT4G36490.1
OG0002820	jg27968	AT2G18180.1
OG0002821	jg28131	AT2G19470.1
OG0002821	jg7180	AT4G08800.1
OG0002822	jg16582	AT2G21650.1
OG0002823	jg16669	AT2G22420.1
OG0002824	jg8517	AT4G40100.1
OG0002824	jg16674	AT2G22475.1
OG0002826	jg8608	AT4G37270.1
OG0002827	jg9364	AT4G30480.2
OG0002828	jg16968, jg16967	AT2G24650.1
OG0002829	jg23739	AT5G66550.2
OG0002830	jg17224	AT4G28920.1
OG0002831	jg17321, jg17317, jg17322	AT3G58950.1
OG0002832	jg17667	AT2G27510.1
OG0002833	jg17879, jg17886	AT2G28990.1
OG0002834	jg17995	AT2G29730.1
OG0002835	jg18061	AT2G30210.1
OG0002836	jg14010	AT3G43250.1
OG0002836	jg18277	AT2G32050.1
OG0002837	jg4086	AT5G03490.1
OG0002838	jg18645, jg18647	AT2G35250.1
OG0002839	jg18771	AT2G36360.4
OG0002840	jg19133	AT2G39210.1
OG0002841	jg19134	AT2G39200.1
OG0002842	jg19340	AT2G40750.1
OG0002843	jg19357, jg19362	AT2G40890.1
OG0002844	jg19717, jg20336	AT5G47150.1
OG0002845	jg19732	AT2G43850.1
OG0002845	jg16031	AT3G59830.1
OG0002846	jg19859	AT2G44930.1
OG0002847	jg12708	AT5G49200.1, AT5G40880.1
OG0002848	jg19976	AT2G45790.1
OG0002849	jg20052	AT2G46490.1
OG0002850	jg14865, jg6824, jg20155	AT2G47430.1
OG0002851	jg16343, jg20187	AT3G62770.1
OG0002852	jg12921	AT2G01300.1
OG0002853	jg12935	AT2G01470.1
OG0002853	jg21726	AT5G50550.1, AT5G50650.1
OG0002854	jg13121	AT2G03240.1
OG0002855	jg13288	AT3G26070.1
OG0002855	jg13289	AT3G26080.2
OG0002856	jg13388	AT3G26930.2
OG0002856	jg13390	AT3G26920.1
OG0002857	jg13512	AT3G27560.1
OG0002857	jg12667	AT5G40540.1
OG0002858	jg13529	AT3G27720.1
OG0002858	jg13528	AT3G27710.1
OG0002859	jg13924, jg13922, jg9949	AT4G25210.1
OG0002860	jg14139, jg14137	AT3G44240.1
OG0002861	jg14417	AT3G46300.1
OG0002861	jg14418	AT3G46310.1
OG0002862	jg14445	AT3G46613.1
OG0002863	jg6216	AT5G23690.1
OG0002863	jg14707	AT3G48830.1
OG0002864	jg14851	AT3G49910.1
OG0002865	jg15139	AT3G52300.1
OG0002866	jg15332	AT3G53960.1
OG0002867	jg15358	AT3G54180.1
OG0002868	jg15683	AT3G57010.1
OG0002869	jg15750	AT3G57390.1
OG0002870	jg15833	AT3G58130.1, AT2G27340.2
OG0002871	jg15924	AT3G58930.1
OG0002872	jg16189, jg16272, jg16194	AT3G60960.1
OG0002873	jg16193, jg11134	AT3G61390.2
OG0002874	jg3964	AT5G02290.1
OG0002875	jg3966	AT5G02310.1
OG0002876	jg4076	AT5G03380.1
OG0002877	jg4297	AT5G05430.2
OG0002878	jg4482, jg4686, jg4467	AT5G08380.1
OG0002879	jg4717	AT5G08600.2
OG0002879	jg7978	AT4G02400.1
OG0002880	jg4749	AT5G09350.1
OG0002880	jg23398	AT5G64070.1
OG0002881	jg4781	AT5G09650.1
OG0002882	jg23461	AT5G64570.1
OG0002882	jg4784	AT5G09700.1
OG0002883	jg4825	AT5G10010.1
OG0002884	jg4852	AT5G10220.1
OG0002884	jg4853	AT5G10230.1
OG0002885	jg23508	AT5G65010.2
OG0002885	jg4854	AT5G10240.1
OG0002886	jg5106	AT5G12940.1
OG0002887	jg5408	AT5G15830.1
OG0002888	jg5649	AT5G18090.1
OG0002888	jg5633	AT5G18000.1
OG0002889	jg6208	AT5G23580.1
OG0002890	jg6298	AT5G03240.1, AT1G65350.1
OG0002891	jg6550	AT5G26730.1
OG0002892	jg6553	AT5G26700.1
OG0002893	jg6637	AT5G27670.1
OG0002894	jg6658	AT3G44070.1
OG0002895	jg7121	AT4G08670.1
OG0002896	jg7454	AT4G11010.1
OG0002897	jg7509	AT4G11420.1
OG0002898	jg8011	AT1G16560.1
OG0002899	jg8116	AT4G01150.1
OG0002900	jg8415	AT4G39480.1
OG0002900	jg8416	AT4G39490.1
OG0002901	jg8691	AT4G36450.1
OG0002902	jg8788	AT4G35600.2
OG0002903	jg8916	AT4G34400.1
OG0002904	jg8993	AT4G33770.1
OG0002905	jg8998, jg9000	AT5G26130.1, AT4G33710.1
OG0002906	jg9063	AT4G33210.1
OG0002908	jg9870	AT4G25900.1
OG0002909	jg9874	AT4G25860.1
OG0002910	jg9909	AT4G25570.2
OG0002911	jg10372, jg10373, jg10374, jg10376	AT4G21840.1, AT4G21830.1
OG0002912	jg10735	AT4G18570.1
OG0002913	jg10742	AT4G18501.1
OG0002914	jg10991	AT4G16515.2
OG0002915	jg10994	AT4G16500.1
OG0002916	jg11003	AT4G16442.1
OG0002917	jg11022	AT4G16295.1, AT4G29035.1
OG0002918	jg11152	AT4G15550.1
OG0002919	jg11286	AT4G14716.1
OG0002919	jg11288	AT4G14710.5
OG0002920	jg11307	AT4G14570.1
OG0002921	jg12172	AT5G37400.2
OG0002921	jg12224	AT5G37650.1
OG0002922	jg20311	AT5G47340.1
OG0002922	jg20312	AT5G47330.1
OG0002923	jg20649	AT5G44830.1, AT5G44840.1
OG0002924	jg21431	AT5G48660.1
OG0002925	jg22363	AT5G55340.1
OG0002926	jg21889	AT5G52050.1
OG0002927	jg22032	AT5G53090.1
OG0002928	jg22331	AT5G55070.1
OG0002929	jg22473	AT5G56240.2
OG0002930	jg22653	AT5G57540.1, AT5G57530.1
OG0002931	jg22768	AT5G58560.1
OG0002932	jg22854	AT5G59050.1
OG0002933	jg22953	AT5G60120.2
OG0002934	jg22969	AT5G60250.1
OG0002935	jg22982	AT5G60400.3
OG0002936	jg23029	AT5G60890.1
OG0002937	jg23210	AT5G62575.2
OG0002938	jg23677	AT5G67060.1
OG0002952	jg28403, jg28668, jg23077	AT5G61330.2
OG0002953	jg8101	AT4G01370.1
OG0002953	jg28464	AT1G01560.2
OG0002954	jg28527	AT1G01010.1
OG0002955	jg28536	AT1G02300.1
OG0002955	jg28537	AT1G02305.1
OG0002956	jg28663	AT1G03475.1
OG0002957	jg28863	AT1G05280.1
OG0002958	jg28958	AT1G06100.1
OG0002958	jg28957	AT1G06090.1
OG0002959	jg29144	AT1G07870.2
OG0002960	jg29258	AT1G09000.1
OG0002960	jg1469	AT1G54960.1
OG0002961	jg29385	AT1G10070.1
OG0002962	jg29389	AT1G10120.1
OG0002963	jg29602, jg29601	AT1G11620.1
OG0002963	jg29600	AT1G31510.1
OG0002964	jg29628	AT1G11890.1
OG0002965	jg29703	AT1G12610.1
OG0002966	jg30021	AT1G15350.1
OG0002967	jg30375	AT1G18520.1
OG0002968	jg30394	AT1G18710.1
OG0002969	jg30599	AT1G20580.1
OG0002970	jg30659	AT1G21170.2
OG0002970	jg3347	AT1G76850.1
OG0002971	jg1117	AT1G59171.1, AT1G59312.1, AT1G58643.1, AT1G58936.1
OG0002971	jg30771	AT1G22100.1
OG0002972	jg30803	AT1G22410.1
OG0002973	jg30819	AT1G22590.2
OG0002974	jg2768	AT1G71380.1
OG0002974	jg30847	AT1G22880.1
OG0002976	jg30946	AT1G23770.1
OG0002976	jg30947	AT1G23780.1
OG0002977	jg30993	AT1G24180.1
OG0002978	jg31020	AT1G27150.1
OG0002979	jg31102	AT1G26530.1
OG0002979	jg20024	AT2G46230.1
OG0002980	jg31181	AT1G25350.2
OG0002981	jg31269	AT1G27420.1
OG0002982	jg31333	AT1G28130.1
OG0002984	jg31399	AT1G28710.1
OG0002985	jg31416	AT1G29060.1
OG0002986	jg31485, jg31488, jg31493	AT1G29550.1, AT1G29590.1
OG0002987	jg31497	AT1G29640.1
OG0002988	jg31518	AT1G29770.1
OG0002989	jg31530	AT1G29890.2
OG0002989	jg18543	AT2G34410.1
OG0002990	jg31600	AT1G30470.1
OG0002991	jg31612	AT1G30545.2
OG0002991	jg31613	AT1G30550.2
OG0002992	jg31616	AT1G30580.1
OG0002993	jg31651	AT1G30800.1
OG0002994	jg31794	AT1G31660.1
OG0002995	jg31797	AT1G31690.1
OG0002995	jg31796	AT1G31670.1
OG0002996	jg32068	AT1G33980.2
OG0002997	jg16945, jg12947, jg10774, jg6734, jg13973, jg32308, jg32081, jg16952, jg6956, jg21201, jg21203, jg10179	AT1G36970.1, AT4G05555.1, AT3G31560.1
OG0002998	jg21198, jg16955, jg32311, jg32084	AT4G05553.1, AT2G07310.1
OG0002999	jg13770	AT3G33528.1, AT4G07526.1, AT3G43880.1, AT3G29790.1
OG0003000	jg32292, jg32242	AT1G36340.1
OG0003001	jg23494	AT5G64870.1
OG0003002	jg2288, jg32606	AT1G44170.1
OG0003003	jg32849, jg32872	AT1G47980.1
OG0003004	jg32893	AT1G48175.1
OG0003005	jg32897	AT1G48200.1
OG0003006	jg32956	AT1G48760.1
OG0003007	jg33155	AT1G50250.1
OG0003007	jg21138	AT5G42270.1
OG0003008	jg33427	AT1G52370.1
OG0003009	jg33529	AT1G53250.1
OG0003010	jg527	AT1G63480.1
OG0003010	jg528	AT1G63470.1
OG0003011	jg662	AT1G62600.1
OG0003011	jg656, jg652, jg660	AT1G63370.1, AT1G62620.1
OG0003013	jg1448	AT1G56220.3
OG0003014	jg1918, jg21791	AT5G51300.1
OG0003015	jg1919, jg21789	AT4G33370.1, AT5G51280.1
OG0003016	jg1935, jg6425	AT1G65550.1
OG0003017	jg7588	AT4G11900.1
OG0003018	jg2167	AT1G66770.1
OG0003018	jg7438	AT4G10850.1
OG0003019	jg2285	AT1G67520.6
OG0003020	jg2351	AT1G67920.1
OG0003021	jg2397	AT4G08691.1
OG0003021	jg21518	AT5G35760.1, AT1G47770.1, AT5G01080.1, AT3G01345.1, AT5G28919.1
OG0003022	jg9418	AT4G30000.2
OG0003022	jg2498	AT1G69190.1
OG0003023	jg2576	AT1G69818.1
OG0003023	jg2578	AT1G69825.1
OG0003024	jg2637	AT1G70260.1
OG0003025	jg2681	AT1G70670.1
OG0003026	jg2688	AT1G70740.1
OG0003027	jg2697	AT1G70830.1
OG0003027	jg2701	AT1G70850.1
OG0003028	jg2856	AT1G72210.1
OG0003029	jg2877	AT1G72430.1
OG0003030	jg3231	AT1G75750.1
OG0003031	jg3313	AT1G76500.1
OG0003032	jg19205, jg3326	AT1G76640.1
OG0003033	jg3454	AT1G77840.1
OG0003034	jg3481	AT1G78080.1
OG0003035	jg3501	AT1G78240.1
OG0003036	jg3567	AT1G78850.1
OG0003037	jg3649	AT1G79580.1
OG0003038	jg3688	AT1G80730.1
OG0003039	jg3731	AT1G80380.2
OG0003040	jg24125	AT3G02990.1
OG0003041	jg24158	AT3G03260.1
OG0003042	jg24273	AT3G04100.1
OG0003043	jg24312	AT3G04330.1
OG0003043	jg24311	AT3G04320.2
OG0003044	jg24385	AT3G04943.1
OG0003045	jg24395	AT3G05020.1
OG0003046	jg9987	AT4G24840.1
OG0003047	jg24421	AT3G05220.1
OG0003048	jg24625	AT3G06760.2
OG0003049	jg24711	AT3G07560.1
OG0003050	jg24809, jg24810	AT3G08947.1
OG0003051	jg24862, jg26122	AT3G19760.1
OG0003052	jg24869	AT3G09410.1
OG0003053	jg24936	AT3G10050.1
OG0003054	jg24992	AT3G23860.2
OG0003055	jg25017, jg25018, jg25016, jg25015	AT3G10750.1
OG0003056	jg25090, jg15459	AT3G11400.2
OG0003057	jg25093	AT3G11420.1
OG0003058	jg25138	AT3G11840.1
OG0003059	jg25250	AT3G12920.1
OG0003060	jg25328	AT3G13460.1
OG0003061	jg25343	AT3G13590.1
OG0003062	jg25520	AT3G15000.1
OG0003063	jg12085, jg12054	AT5G36690.1, AT5G36780.1
OG0003063	jg25561	AT3G15340.1
OG0003064	jg25576, jg25580	AT3G15380.1
OG0003065	jg25581	AT3G15390.1
OG0003066	jg25584	AT3G15420.1
OG0003067	jg25596	AT3G15510.1
OG0003068	jg25626	AT3G15820.1
OG0003069	jg25760	AT3G16830.1
OG0003070	jg25801	AT3G17140.1
OG0003071	jg25931	AT3G18100.1
OG0003072	jg25950	AT3G18280.2
OG0003073	jg26001	AT3G18690.1
OG0003074	jg26103	AT3G19580.1
OG0003075	jg26141	AT3G19930.1
OG0003076	jg26260	AT3G20898.1
OG0003077	jg26285	AT3G21110.1
OG0003078	jg26321	AT3G21320.1
OG0003079	jg11139	AT4G15640.1
OG0003079	jg26340	AT3G21465.2
OG0003080	jg26369	AT3G21700.3
OG0003081	jg26391	AT3G21865.1
OG0003082	jg26450	AT3G22240.1
OG0003083	jg11252	AT4G14880.1
OG0003083	jg26477	AT3G22460.1
OG0003084	jg26491	AT3G22600.1
OG0003085	jg26520	AT3G22845.1
OG0003086	jg26574	AT3G23250.1
OG0003087	jg21362	AT5G48300.1
OG0003088	jg16200	AT3G61440.1
OG0003089	jg27297, jg13849, jg6933, jg6846, jg6926, jg6929, jg8258, jg6930, jg6923, jg6924, jg6927, jg6931, jg11807, jg27296, jg27295, jg6937, jg6936, jg11890	AT1G41820.1
OG0003090	jg9008, jg27457	AT4G33650.2
OG0003091	jg27549	AT2G15220.1
OG0003091	jg27548	AT2G15130.1
OG0003092	jg27568	AT2G15400.1
OG0003092	jg27569	AT2G15430.1
OG0003093	jg27709, jg7825	AT1G72590.1, AT2G16530.3
OG0003094	jg27796	AT2G16980.4
OG0003095	jg27963	AT2G18160.1
OG0003096	jg28036, jg7594	AT4G11940.1
OG0003096	jg7595, jg7593	AT4G11930.1
OG0003096	jg8524	AT4G38065.1
OG0003097	jg28059	AT2G18790.1
OG0003097	jg11028	AT4G16250.1
OG0003098	jg16771	AT2G23200.1
OG0003100	jg9305	AT4G30940.1
OG0003100	jg16896	AT2G24240.1
OG0003101	jg16928	AT2G24450.1
OG0003102	jg17028	AT2G24950.1
OG0003102	jg12551	AT5G37520.1
OG0003103	jg15304	AT3G53690.1
OG0003104	jg9004	AT4G33680.1
OG0003105	jg17626	AT2G27260.1
OG0003106	jg17795	AT2G28340.1
OG0003107	jg17861	AT2G28815.1
OG0003108	jg18082	AT2G30400.1
OG0003109	jg18085	AT2G30424.1
OG0003110	jg18383	AT2G33000.1
OG0003111	jg18443	AT2G33450.1
OG0003112	jg18476	AT2G33750.1
OG0003113	jg18628	AT2G35120.1
OG0003114	jg18691	AT2G35615.1
OG0003115	jg15200	AT3G52760.1
OG0003115	jg18762	AT2G36300.1
OG0003116	jg18879	AT2G37300.2
OG0003117	jg18963	AT2G37970.1
OG0003118	jg18983	AT2G38150.1
OG0003119	jg15050	AT3G51650.1, AT3G51640.1
OG0003120	jg15500	AT3G55590.1
OG0003120	jg19199	AT2G39770.1
OG0003121	jg12462	AT5G39010.1
OG0003121	jg19201	AT2G39782.1
OG0003122	jg19244	AT2G40080.1
OG0003123	jg19317	AT2G40530.1
OG0003124	jg19418	AT2G41360.1
OG0003125	jg19437	AT2G41510.2
OG0003126	jg19705	AT2G43640.1
OG0003127	jg19752	AT2G44065.1
OG0003128	jg16068	AT3G60120.1
OG0003129	jg19964	AT2G45695.1
OG0003130	jg19974	AT2G45760.1
OG0003131	jg20092	AT2G46870.1
OG0003132	jg20152	AT2G47400.1
OG0003133	jg12945	AT2G01554.1
OG0003134	jg13198	AT2G04030.1
OG0003135	jg12668	AT5G40550.3
OG0003135	jg13491	AT3G27460.4
OG0003136	jg13516	AT3G27610.1
OG0003137	jg13575	AT3G28140.1
OG0003137	jg12621	AT5G40190.1
OG0003138	jg13715	AT3G29075.1
OG0003139	jg13844	AT2G10440.1
OG0003141	jg14615	AT3G48090.1
OG0003141	jg14614	AT3G48080.1
OG0003142	jg23286	AT5G63150.1
OG0003143	jg14813	AT3G49580.1
OG0003143	jg14812	AT3G49570.1
OG0003144	jg14901	AT5G51360.1, AT3G50373.1
OG0003145	jg15041	AT3G51550.1
OG0003146	jg15151	AT3G52400.1
OG0003147	jg15162, jg15692	AT3G56910.1
OG0003148	jg15386	AT3G54530.1
OG0003148	jg15385	AT3G54520.1
OG0003150	jg15630	AT3G56620.1
OG0003151	jg15640	AT3G56710.1
OG0003152	jg15676	AT3G57070.1
OG0003153	jg15751	AT3G57400.1
OG0003154	jg15807	AT3G57870.1
OG0003155	jg15829	AT1G65870.1
OG0003156	jg15887	AT3G58610.1
OG0003157	jg15906	AT2G19610.2
OG0003158	jg15971	AT3G59280.1
OG0003159	jg16069	AT3G60130.1
OG0003160	jg16208	AT3G61530.1
OG0003161	jg16250	AT3G61860.1
OG0003162	jg16267	AT3G62050.1
OG0003163	jg3898	AT5G01290.1
OG0003164	jg4093	AT5G03510.1
OG0003165	jg4253	AT5G05030.1
OG0003165	jg4997	AT5G11660.1
OG0003166	jg4329	AT5G05710.1
OG0003167	jg4526	AT5G07000.1
OG0003167	jg4527	AT5G07010.1
OG0003168	jg12777, jg4663	AT5G08160.1
OG0003169	jg4973, jg7212	AT5G53680.1, AT5G11412.1
OG0003170	jg6514	AT5G26150.2
OG0003170	jg5040	AT5G12000.1
OG0003171	jg5081	AT5G12400.1
OG0003172	jg5094	AT5G12840.1
OG0003173	jg5314	AT5G14930.2
OG0003174	jg5341	AT5G15160.1
OG0003175	jg5435	AT5G16100.2
OG0003176	jg5740	AT5G18890.1
OG0003176	jg5739	AT5G18860.1
OG0003177	jg5910	AT5G20480.1
OG0003178	jg5953	AT5G20885.1
OG0003179	jg5998	AT5G21280.1
OG0003180	jg6035	AT5G22270.1
OG0003181	jg6049	AT5G22380.1
OG0003182	jg6175	AT5G23260.4
OG0003183	jg6204	AT5G27607.1
OG0003184	jg6308	AT5G24440.1
OG0003185	jg6397	AT5G25250.1
OG0003185	jg6398	AT5G25260.1
OG0003186	jg12330	AT5G38250.1, AT5G38240.1
OG0003188	jg7402	AT4G10530.1, AT4G10520.1
OG0003189	jg7808, jg7816	AT4G05440.1
OG0003190	jg7849	AT4G02720.1
OG0003191	jg7980	AT4G02380.3
OG0003192	jg8093	AT4G01450.2
OG0003193	jg8142	AT4G00910.1
OG0003194	jg8222	AT4G00231.1
OG0003195	jg8463	AT4G39670.1
OG0003196	jg8577	AT4G37560.1
OG0003196	jg8578	AT4G37550.5
OG0003197	jg8668	AT4G36690.1
OG0003198	jg8670	AT4G36670.1
OG0003199	jg8745	AT4G35890.1
OG0003200	jg8923	AT4G34330.1
OG0003200	jg8924	AT4G34320.1
OG0003201	jg9161	AT4G32330.1
OG0003202	jg9312	AT4G30870.1
OG0003203	jg9644	AT4G27970.1
OG0003204	jg9700	AT4G27500.1
OG0003205	jg9733	AT4G27220.2
OG0003206	jg9850	AT4G26080.1
OG0003207	jg9973	AT4G25010.1
OG0003209	jg10260	AT4G22710.1, AT4G22690.1
OG0003210	jg10513, jg10510	AT4G20420.1
OG0003211	jg10529, jg10517, jg10522	AT4G20380.8
OG0003212	jg10718	AT4G18690.1
OG0003212	jg10719	AT4G18680.1
OG0003213	jg10762	AT4G18340.1
OG0003214	jg10843	AT4G17718.1, AT2G06166.1
OG0003215	jg10876	AT4G17440.3
OG0003216	jg12326, jg10952	AT4G16690.1
OG0003218	jg11174	AT4G15417.2
OG0003219	jg11486, jg11497	AT4G13510.1
OG0003220	jg12355	AT5G38360.1
OG0003221	jg12412	AT5G38690.1
OG0003222	jg20271	AT5G47650.2
OG0003223	jg20457	AT5G46140.1
OG0003223	jg20458	AT5G46130.1
OG0003224	jg20783, jg20782, jg20781	AT5G44120.3
OG0003225	jg20907	AT5G43290.1
OG0003226	jg21513	AT3G49645.2
OG0003227	jg21674	AT5G50200.1
OG0003228	jg21742	AT5G50830.2
OG0003229	jg21892	AT5G52070.1
OG0003230	jg21994	AT5G52870.1
OG0003231	jg21999	AT5G52900.1
OG0003232	jg22185	AT5G54067.1
OG0003233	jg22226, jg22224	AT5G54310.1
OG0003234	jg22301	AT5G54770.1
OG0003235	jg22329	AT5G55050.1
OG0003236	jg22469	AT5G56200.1
OG0003237	jg22682	AT5G57800.1
OG0003238	jg22703	AT5G58003.1
OG0003239	jg22735	AT5G58290.1
OG0003240	jg22738	AT5G58330.1
OG0003241	jg22868	AT5G59350.1
OG0003242	jg22984	AT5G60440.1
OG0003243	jg23055	AT5G61130.1
OG0003244	jg23295	AT5G63240.1
OG0003244	jg23296	AT5G63250.1
OG0003245	jg23326	AT5G63530.1
OG0003246	jg23422	AT5G64310.1
OG0003265	jg8235	AT4G00110.1
OG0003265	jg28421	AT1G02000.1
OG0003266	jg31680, jg31697	AT1G54590.1
OG0003266	jg28630	AT1G03140.1
OG0003267	jg28742	AT1G04250.1
OG0003268	jg28917	AT1G05720.1
OG0003269	jg28945	AT1G05960.2
OG0003270	jg28974	AT1G06230.1
OG0003271	jg29001	AT1G06515.1
OG0003272	jg29062	AT1G07110.1
OG0003273	jg29146	AT1G07890.1
OG0003274	jg29155	AT1G07950.2
OG0003274	jg30128	AT1G16430.1
OG0003275	jg29362	AT1G09870.1
OG0003276	jg29374	AT1G09970.2
OG0003277	jg29383	AT1G10060.5
OG0003278	jg29457	AT1G10590.3
OG0003279	jg29463	AT1G10640.1
OG0003280	jg29608	AT1G11680.1
OG0003281	jg29649	AT1G12064.1
OG0003282	jg29655	AT1G12120.1
OG0003283	jg29657	AT1G12140.1
OG0003284	jg29680	AT1G12320.1
OG0003285	jg29699	AT1G12560.1
OG0003286	jg29732	AT1G12760.1
OG0003287	jg29743	AT1G12840.1
OG0003288	jg29802	AT1G13390.1
OG0003289	jg29864	AT1G13950.1
OG0003289	jg2524	AT1G69410.1
OG0003290	jg29960	AT1G14750.3
OG0003291	jg29967	AT1G14820.3
OG0003292	jg30079	AT1G15880.1
OG0003293	jg30153, jg30176, jg30164	AT1G16710.1
OG0003294	jg30162, jg30173, jg30185, jg30198	AT1G16790.1
OG0003295	jg30216	AT1G16945.1, AT1G16930.1
OG0003296	jg30218	AT1G16950.1
OG0003297	jg30258	AT1G17340.1
OG0003298	jg30277	AT1G17520.2
OG0003299	jg30330	AT1G18070.3
OG0003300	jg30452	AT1G19250.1
OG0003301	jg30461	AT1G19350.3
OG0003302	jg30516	AT1G19900.1
OG0003303	jg30549	AT1G20220.1
OG0003304	jg30657	AT1G21150.2
OG0003305	jg30693	AT1G21460.1
OG0003306	jg30925	AT1G23530.1
OG0003307	jg30949	AT1G23800.1
OG0003308	jg31782	AT1G31580.1
OG0003309	jg2567	AT1G66590.2, AT1G69750.1
OG0003310	jg2532	AT1G69485.1
OG0003310	jg31081	AT1G26740.1
OG0003311	jg31095	AT1G26610.1
OG0003312	jg31096	AT1G26600.2
OG0003313	jg31196	AT1G25260.1
OG0003314	jg31218	AT1G24580.1
OG0003315	jg31314	AT1G27970.2
OG0003316	jg31337	AT1G28160.1
OG0003317	jg31426	AT1G29140.1
OG0003318	jg31458	AT1G29330.1
OG0003319	jg31465	AT1G29395.1
OG0003320	jg31481	AT1G29520.1
OG0003321	jg31553	AT1G30110.1
OG0003322	jg31560	AT1G30160.2
OG0003323	jg31574	AT1G30280.1
OG0003324	jg31743	AT1G31290.1
OG0003324	jg31742	AT1G31280.1
OG0003325	jg31747	AT1G31330.1
OG0003326	jg31838	AT1G32060.1
OG0003327	jg31929	AT1G32750.1
OG0003327	jg26041	AT3G19040.2
OG0003328	jg31942	AT1G32910.1
OG0003328	jg3586	AT1G78990.1
OG0003330	jg32734	AT1G46768.1
OG0003330	jg6961	AT4G06746.1
OG0003331	jg32743	AT2G01310.1, AT1G47210.2
OG0003332	jg16563	AT2G21465.1
OG0003332	jg32763, jg32762	AT1G47317.1
OG0003333	jg32816, jg32821, jg32819	AT1G47760.1
OG0003334	jg25896	AT3G17820.1
OG0003335	jg19923	AT2G45300.1
OG0003335	jg32970	AT1G48860.1
OG0003336	jg33079	AT1G49600.2
OG0003337	jg6393, jg33168, jg7949, jg16569, jg25257	AT2G22440.1
OG0003338	jg33179	AT1G50420.1
OG0003339	jg26198	AT3G20410.1
OG0003339	jg33207	AT1G50700.2
OG0003340	jg33309	AT1G51510.1
OG0003341	jg33415	AT1G52315.1
OG0003342	jg33479	AT1G52825.1
OG0003342	jg11301	AT4G14615.1
OG0003343	jg33525	AT1G53210.1
OG0003344	jg33617	AT1G53875.1
OG0003344	jg33616	AT1G53870.1, AT1G53890.3
OG0003345	jg33636	AT1G54060.1
OG0003346	jg33755	AT1G55770.1
OG0003347	jg385, jg21794	AT5G51330.1
OG0003348	jg539	AT1G63310.1
OG0003349	jg891	AT1G60900.1
OG0003350	jg930, jg22149	AT5G53870.1
OG0003351	jg1020	AT1G59820.1
OG0003352	jg1153	AT1G58360.1
OG0003353	jg11381	AT4G14096.1, AT4G14103.2
OG0003353	jg1161	AT1G58310.1
OG0003354	jg1211	AT1G58050.1
OG0003354	jg1209	AT1G58060.1
OG0003357	jg2184	AT1G66880.1
OG0003358	jg2449	AT1G68740.1
OG0003359	jg2509	AT1G69295.1
OG0003360	jg2525	AT1G69420.1
OG0003362	jg2793	AT1G71710.1
OG0003363	jg2823	AT1G71960.1
OG0003364	jg2831	AT1G72020.1
OG0003365	jg2855	AT1G72200.1
OG0003366	jg2870	AT1G72350.1
OG0003367	jg2883	AT1G72490.3
OG0003368	jg2918	AT1G72830.2
OG0003369	jg2964, jg18182	AT1G73220.1
OG0003370	jg3802	AT1G80960.1
OG0003371	jg3103	AT1G74500.1
OG0003372	jg3207	AT1G75500.1
OG0003373	jg3248	AT1G75920.1
OG0003374	jg3277	AT1G76180.1
OG0003375	jg3295	AT1G76360.1
OG0003376	jg3342	AT1G76800.1
OG0003377	jg23569	AT5G65560.1
OG0003377	jg3402	AT1G77340.1
OG0003378	jg3492	AT1G78170.1
OG0003379	jg3539	AT1G78600.2
OG0003380	jg3667	AT1G80920.1
OG0003381	jg3685	AT1G80760.1
OG0003382	jg3696	AT1G80670.1
OG0003383	jg3717	AT1G80500.1
OG0003384	jg3733	AT1G80360.1
OG0003385	jg23975	AT3G01280.1
OG0003386	jg24063	AT3G02480.1
OG0003387	jg24183	AT3G03410.1
OG0003388	jg24185	AT3G03430.1
OG0003389	jg24400	AT3G05040.2
OG0003390	jg24518	AT3G05930.1
OG0003391	jg24543	AT3G06120.1
OG0003392	jg24661	AT3G07100.1
OG0003394	jg24726	AT3G07680.1
OG0003395	jg24746	AT3G07890.1
OG0003396	jg24748	AT3G07910.1
OG0003397	jg24847	AT3G09240.3
OG0003398	jg25021	AT3G10780.1
OG0003399	jg25070	AT3G11230.2
OG0003400	jg25107	AT3G11550.1
OG0003401	jg25110	AT3G11580.3
OG0003402	jg25117	AT3G11660.1
OG0003403	jg25137	AT3G11830.1
OG0003404	jg25215	AT3G12600.1
OG0003405	jg25282	AT3G13120.1
OG0003406	jg25375	AT3G13790.1
OG0003407	jg25400	AT3G13960.1
OG0003408	jg25444	AT3G14310.1
OG0003409	jg25523	AT3G15030.1
OG0003410	jg25545	AT3G15210.1
OG0003411	jg25599	AT3G15540.1
OG0003412	jg25631	AT3G15870.1
OG0003413	jg25642, jg25640	AT3G15990.1
OG0003414	jg25671	AT3G16240.1
OG0003415	jg25705	AT3G16500.1
OG0003416	jg25707	AT3G16520.3
OG0003417	jg25747	AT3G16770.1
OG0003418	jg25779	AT3G17010.1
OG0003419	jg25860	AT3G17580.1
OG0003420	jg25971	AT3G18400.1
OG0003421	jg25991	AT3G18600.1
OG0003422	jg26050	AT3G19130.1
OG0003423	jg26243	AT3G20740.1
OG0003424	jg26291	AT3G21140.1
OG0003425	jg26305	AT3G21220.1
OG0003426	jg26306	AT3G21230.1
OG0003427	jg26314	AT3G21270.1
OG0003428	jg26377	AT3G21750.1
OG0003429	jg26378	AT3G21760.1
OG0003430	jg26379	AT2G19820.1
OG0003431	jg26678	AT3G24160.1
OG0003432	jg26689, jg16686	AT2G22590.1
OG0003433	jg26735	AT3G24310.1
OG0003434	jg26940	AT2G04280.1
OG0003434	jg11711	AT4G12700.1
OG0003435	jg27856	AT2G17305.1
OG0003437	jg27353	AT2G11570.1
OG0003438	jg27524	AT2G14860.1
OG0003439	jg27931	AT2G17950.1
OG0003440	jg27941	AT2G18010.1
OG0003441	jg28026	AT2G18570.1
OG0003441	jg28021	AT2G18560.1
OG0003442	jg28093	AT2G19110.1
OG0003443	jg28100	AT2G19160.1
OG0003444	jg8574	AT4G37608.1
OG0003445	jg9361	AT4G30500.1
OG0003445	jg16853	AT2G23940.1
OG0003446	jg6203, jg16943	AT5G23535.1
OG0003447	jg9088	AT4G32990.1
OG0003447	jg17239	AT2G26060.1
OG0003448	jg17241	AT2G26080.1
OG0003448	jg9086	AT4G33010.1
OG0003449	jg17251, jg14441, jg20084	AT2G46780.1
OG0003450	jg17380	AT2G26560.1
OG0003452	jg17612, jg22024, jg22017	AT5G53000.1
OG0003453	jg17948	AT2G29420.1
OG0003454	jg17960	AT2G29450.1
OG0003455	jg18060	AT2G30200.1
OG0003456	jg18066	AT2G30250.1
OG0003457	jg18077	AT2G30360.1
OG0003458	jg18091	AT2G30500.1
OG0003459	jg18178	AT2G31230.1
OG0003460	jg18233, jg18251	AT2G31865.2
OG0003461	jg18265	AT2G31980.1
OG0003462	jg18287	AT2G32170.2
OG0003463	jg18291	AT2G32190.1, AT2G32210.1
OG0003464	jg18337	AT2G32650.1, AT2G32180.1, AT2G27402.1
OG0003465	jg18339	AT2G32660.2
OG0003466	jg18353	AT2G32765.1
OG0003467	jg18379	AT2G32960.1
OG0003468	jg18436	AT2G33380.1
OG0003469	jg18440	AT2G33410.1
OG0003470	jg18563	AT2G34600.1
OG0003471	jg18564	AT2G34610.1
OG0003472	jg18692	AT2G35620.1
OG0003473	jg18734	AT2G36010.2
OG0003474	jg5414, jg18792	AT5G15870.1
OG0003475	jg18831	AT2G36900.1
OG0003476	jg23393	AT5G64020.1
OG0003476	jg18935	AT2G37720.1
OG0003477	jg18958	AT2G37940.1
OG0003478	jg18991	AT2G38195.1, AT2G38220.1
OG0003478	jg18990	AT2G38185.4
OG0003479	jg19050	AT2G38640.1
OG0003481	jg19165	AT2G39450.1
OG0003482	jg19175	AT2G39518.1
OG0003483	jg19275	AT2G40250.1
OG0003485	jg19609	AT2G42870.1
OG0003486	jg19677	AT2G43430.1
OG0003487	jg19772	AT2G44210.2
OG0003488	jg19814	AT2G44581.1
OG0003488	jg19813	AT2G44578.1
OG0003489	jg19818	AT2G44610.1
OG0003490	jg19834	AT2G44740.1
OG0003491	jg19879, jg19882	AT1G65680.1
OG0003492	jg19897	AT2G45110.1, AT1G65681.1
OG0003493	jg19901	AT2G45140.1
OG0003494	jg19910	AT2G45220.1
OG0003495	jg19960	AT2G45660.1
OG0003496	jg20117, jg19992	AT4G16090.1, AT2G45930.1
OG0003497	jg20088	AT2G46820.1
OG0003498	jg20111	AT2G47040.1
OG0003498	jg20110	AT2G47030.1
OG0003499	jg20112	AT2G47050.1
OG0003500	jg20140	AT2G47270.1
OG0003501	jg12907	AT2G01150.2
OG0003502	jg12924	AT2G01340.1
OG0003503	jg13014	AT2G02000.1
OG0003503	jg13015	AT2G02010.2
OG0003504	jg13020	AT2G02060.1
OG0003505	jg13033	AT2G02170.1
OG0003506	jg13070	AT2G02720.1
OG0003507	jg13096	AT2G02950.1
OG0003508	jg13107	AT2G03120.1
OG0003509	jg13208	AT2G04038.1
OG0003510	jg13219	AT3G25590.1
OG0003511	jg13337	AT3G26450.1, AT3G26460.1
OG0003512	jg13359	AT3G26700.1
OG0003513	jg13868	AT3G30390.1
OG0003514	jg13890	AT3G30775.1
OG0003515	jg14032	AT3G43590.1
OG0003516	jg14169	AT3G44550.1
OG0003516	jg14172	AT3G44560.1
OG0003517	jg14276, jg14275	AT3G45140.1
OG0003518	jg14300	AT3G45320.1
OG0003519	jg14727, jg7191	AT3G49000.1
OG0003520	jg14874	AT3G50070.1
OG0003521	jg15095	AT3G51910.1
OG0003522	jg15101	AT3G51970.1
OG0003523	jg15120	AT3G52105.2
OG0003524	jg15259	AT3G53270.1
OG0003525	jg15360	AT3G54200.1
OG0003526	jg15415	AT3G54810.1
OG0003527	jg11813, jg15439	AT3G55010.1
OG0003528	jg15482	AT3G55430.1
OG0003529	jg15484	AT3G55450.2
OG0003530	jg15611	AT3G56400.1
OG0003531	jg15705	AT3G56810.1
OG0003532	jg15785	AT3G57670.1
OG0003533	jg15823	AT3G58030.1
OG0003534	jg15826	AT3G58060.1
OG0003535	jg15958	AT3G59190.2
OG0003536	jg16006	AT3G59610.1, AT3G59590.1
OG0003537	jg16008	AT3G59600.1
OG0003538	jg16065	AT3G60090.1
OG0003539	jg16124	AT3G60650.1
OG0003540	jg16218	AT3G61620.1
OG0003541	jg16362	AT3G62930.1
OG0003542	jg16370	AT3G63010.1
OG0003543	jg3972	AT5G02380.1
OG0003544	jg4012	AT3G28410.1, AT5G02700.1
OG0003545	jg4017	AT5G02840.1
OG0003546	jg4022	AT5G02890.1
OG0003547	jg4097	AT5G03550.1
OG0003548	jg4122	AT5G03790.1
OG0003549	jg4224	AT5G04760.1
OG0003550	jg4244	AT5G04940.1
OG0003551	jg4312, jg4477	AT5G05560.2
OG0003552	jg4378	AT5G06160.1
OG0003553	jg6594	AT5G27010.1
OG0003553	jg4411	AT5G06350.1
OG0003554	jg4693	AT5G08420.1
OG0003555	jg4739	AT5G09240.2
OG0003556	jg5009	AT5G11750.2, AT1G24240.1, AT4G11630.1
OG0003557	jg5067	AT5G12960.1
OG0003557	jg5107	AT5G12950.1
OG0003558	jg5147	AT5G13330.1
OG0003559	jg5158	AT5G13450.1
OG0003560	jg5184	AT5G13740.1
OG0003561	jg5202	AT5G13910.1
OG0003562	jg5336	AT5G15110.1
OG0003563	jg5343	AT5G15180.1
OG0003564	jg5348	AT2G16930.1, AT5G15220.1
OG0003565	jg5381	AT5G15550.1
OG0003566	jg5450	AT5G16270.1
OG0003567	jg5513	AT5G16830.1
OG0003568	jg5549	AT5G17230.3
OG0003569	jg5554	AT5G17270.1
OG0003569	jg5555	AT5G37130.1
OG0003570	jg5617	AT5G17800.1
OG0003571	jg5625	AT5G17870.2
OG0003572	jg5706	AT5G18600.1
OG0003573	jg5715	AT5G18670.1
OG0003574	jg5916	AT5G20540.1
OG0003575	jg5928	AT5G20635.1
OG0003576	jg5932	AT5G20670.1
OG0003577	jg5933	AT5G20680.1
OG0003578	jg5937	AT5G20720.1
OG0003579	jg5941	AT5G20790.1
OG0003580	jg5945	AT5G20820.1
OG0003581	jg5954	AT5G20890.1
OG0003582	jg6047	AT5G22360.1
OG0003583	jg6072	AT5G22560.1
OG0003583	jg6067, jg6070	AT5G22550.2
OG0003584	jg6095	AT5G22740.1
OG0003585	jg6133	AT5G22980.1
OG0003586	jg6177	AT5G23280.1
OG0003587	jg6210	AT5G23610.2
OG0003588	jg6212	AT5G23650.1
OG0003589	jg6448	AT5G25620.2
OG0003590	jg6456	AT5G25770.3
OG0003591	jg6579	AT5G26805.1
OG0003592	jg6623	AT5G27720.1
OG0003593	jg6799, jg6798	AT5G28610.1
OG0003595	jg7164, jg7116	AT5G41160.1
OG0003595	jg7118	AT4G08700.1
OG0003596	jg7395	AT4G10480.1
OG0003597	jg7418	AT4G10695.1
OG0003597	jg7421	AT4G10660.1, AT4G10700.1
OG0003598	jg7530, jg7533, jg7537, jg7535	AT4G11530.1
OG0003599	jg7605	AT4G12040.1
OG0003600	jg7637	AT4G12340.1
OG0003601	jg10275	AT4G22570.1
OG0003601	jg7648	AT4G12440.2
OG0003602	jg10440	AT4G21270.1
OG0003602	jg7783	AT4G05190.1
OG0003603	jg7971	AT4G02450.1
OG0003604	jg8007	AT4G02150.1
OG0003605	jg8411	AT4G39410.1
OG0003606	jg8475	AT4G39770.1
OG0003607	jg8477	AT4G39780.1
OG0003608	jg8559	AT4G37750.1
OG0003609	jg8570	AT4G37650.1
OG0003610	jg8586	AT4G37470.1
OG0003611	jg8604	AT4G37295.1
OG0003612	jg8632	AT4G37070.2
OG0003612	jg8634	AT4G37060.2
OG0003613	jg8673	AT4G36640.1
OG0003614	jg8686	AT4G36500.1
OG0003615	jg8744	AT4G35900.1
OG0003616	jg8833	AT4G35180.1
OG0003617	jg8914	AT4G34410.1
OG0003618	jg8918	AT4G34380.1
OG0003619	jg8968	AT4G33980.2
OG0003620	jg8981	AT4G33880.1
OG0003621	jg9015	AT4G33590.1
OG0003622	jg9017	AT4G33580.2
OG0003623	jg9087	AT4G33000.1
OG0003624	jg9115	AT4G32730.2
OG0003625	jg9196	AT4G32030.1
OG0003626	jg9241	AT4G31610.2
OG0003627	jg9351	AT4G30590.1
OG0003628	jg9357	AT4G30530.1
OG0003629	jg9435	AT4G29840.1
OG0003630	jg9460	AT4G29680.1
OG0003631	jg9515	AT4G29190.1
OG0003632	jg9530	AT4G29030.1
OG0003633	jg9531	AT4G29020.1
OG0003634	jg9589	AT4G28440.1
OG0003635	jg9609	AT4G28270.1
OG0003636	jg9646	AT4G27950.1
OG0003637	jg9672	AT4G27710.1
OG0003638	jg9723	AT4G27310.1
OG0003639	jg9799	AT4G26520.1
OG0003640	jg9995	AT4G24780.1
OG0003641	jg10126	AT4G23690.1
OG0003642	jg10157	AT4G23450.2
OG0003644	jg10208	AT4G23130.2
OG0003645	jg10230	AT4G22950.1
OG0003646	jg10295	AT4G22360.1
OG0003647	jg10296	AT4G22285.1, AT4G22350.2
OG0003648	jg10354	AT4G21940.2
OG0003649	jg10446	AT4G21200.1
OG0003650	jg10458	AT4G21110.1
OG0003651	jg20751	AT5G44320.1
OG0003651	jg10475	AT4G20980.1
OG0003652	jg10565	AT4G20020.1
OG0003653	jg10690	AT4G18980.1
OG0003654	jg10716	AT4G18710.1
OG0003655	jg10741	AT4G18510.1
OG0003656	jg10750	AT4G18430.1
OG0003657	jg10903	AT4G17170.1
OG0003658	jg11030	AT4G16233.1
OG0003659	jg11106	AT4G15802.1
OG0003660	jg11119	AT4G15755.1
OG0003661	jg11512, jg11513, jg11515	AT4G13420.1
OG0003662	jg11539	AT4G13300.1, AT4G13280.2
OG0003663	jg11675	AT4G12790.1
OG0003664	jg22127	AT5G53670.1
OG0003665	jg12045	AT5G36260.1
OG0003666	jg12240	AT5G37740.2
OG0003667	jg12313	AT5G38130.1
OG0003668	jg12823	AT5G41790.1
OG0003669	jg20287	AT5G47520.1
OG0003670	jg20327	AT5G47220.1
OG0003671	jg20330	AT5G47180.1
OG0003672	jg20362	AT5G47000.1
OG0003673	jg20474	AT5G46020.1
OG0003674	jg20612	AT5G45080.1
OG0003675	jg20731	AT5G44390.1
OG0003676	jg20862, jg20865	AT5G43440.1
OG0003676	jg20861	AT5G43450.1
OG0003677	jg21359	AT5G48270.1
OG0003679	jg21504	AT5G49010.1
OG0003680	jg21586	AT5G49520.1
OG0003681	jg21766	AT5G51080.1
OG0003682	jg22534, jg21879	AT5G51960.1
OG0003683	jg22016, jg22023	AT5G52990.1
OG0003684	jg22189	AT5G54095.1
OG0003685	jg22190	AT5G54100.1
OG0003686	jg22223	AT5G54300.1
OG0003687	jg22465	AT5G56170.1
OG0003689	jg22576	AT5G56920.1
OG0003689	jg22577, jg22578	AT5G56910.1
OG0003690	jg22631	AT5G57320.1
OG0003691	jg22632	AT5G57330.1
OG0003692	jg22750	AT5G58390.1
OG0003693	jg22765	AT5G58530.1
OG0003694	jg22782	AT5G58670.1
OG0003695	jg23023	AT5G60830.1
OG0003696	jg23058	AT5G61160.1
OG0003697	jg23120	AT5G61720.1
OG0003698	jg23214	AT5G62620.1
OG0003699	jg23266	AT5G63030.1
OG0003700	jg23492	AT5G64850.1
OG0003701	jg23649	AT5G67310.1
OG0003702	jg23688	AT5G66990.1
OG0003703	jg23691	AT5G66970.1
OG0003704	jg23696	AT5G66920.1
OG0003705	jg209	AT2G07689.1
OG0003728	jg28441	AT1G01790.1
OG0003729	jg28601	AT2G44750.2, AT1G02880.6
OG0003730	jg28790	AT1G04680.1
OG0003731	jg28846	AT1G05120.2
OG0003732	jg28904	AT1G05630.1
OG0003733	jg29032	AT1G06850.1
OG0003734	jg29094	AT1G07410.1
OG0003735	jg29159	AT1G07985.1
OG0003736	jg29166	AT1G08050.1
OG0003737	jg29179	AT1G08160.1
OG0003738	jg29200	AT1G08380.1
OG0003739	jg29214	AT1G08510.1
OG0003740	jg29243	AT1G08820.1
OG0003741	jg29260	AT1G09020.1
OG0003742	jg29265	AT1G09070.1
OG0003743	jg12537	AT5G39650.1
OG0003743	jg29273	AT1G09157.1
OG0003744	jg29295	AT1G09330.1
OG0003745	jg29340	AT1G09700.1
OG0003746	jg29343	AT1G09730.1
OG0003747	jg29346	AT1G09760.1
OG0003748	jg29487	AT1G10820.2
OG0003749	jg29489	AT1G10840.1
OG0003750	jg29517	AT1G11080.2
OG0003751	jg29554	AT1G11303.1
OG0003751	jg29553	AT1G11300.1
OG0003752	jg29644	AT1G12020.1
OG0003753	jg29662	AT1G12190.1
OG0003754	jg605	AT1G62950.1
OG0003754	jg29689	AT1G12460.1
OG0003755	jg29716	AT1G12660.1
OG0003756	jg29729	AT1G12740.2
OG0003757	jg29742	AT1G12830.1
OG0003758	jg29800	AT1G13360.1
OG0003759	jg29840	AT1G13750.1
OG0003760	jg29875	AT1G14040.1
OG0003761	jg29949	AT1G14685.1
OG0003762	jg29970	AT1G14850.1
OG0003763	jg29993	AT1G15060.1
OG0003764	jg30020	AT1G15340.1
OG0003765	jg30182, jg30159, jg30170	AT1G16760.2
OG0003766	jg30200, jg30187	AT1G16810.1
OG0003767	jg30264	AT1G17400.1
OG0003768	jg30296	AT1G17710.1
OG0003769	jg30297	AT1G17720.1
OG0003770	jg30347	AT1G18260.1
OG0003770	jg2996	AT1G73570.1
OG0003771	jg30380	AT1G18570.1
OG0003772	jg30421	AT1G18950.2
OG0003773	jg30435	AT1G19110.1
OG0003774	jg30445	AT1G19180.1
OG0003775	jg30483	AT1G19570.1, AT1G19550.1
OG0003776	jg30511	AT1G19850.1
OG0003778	jg16631, jg30544	AT2G25700.1, AT1G20140.1
OG0003779	jg30601	AT1G20620.6
OG0003780	jg30635	AT1G20900.1
OG0003781	jg30636	AT1G20910.1
OG0003782	jg30684	AT1G21380.1
OG0003783	jg30711	AT1G21630.2
OG0003784	jg30742	AT1G21910.1
OG0003785	jg30767	AT1G22070.1
OG0003786	jg30783	AT1G22220.1
OG0003787	jg30810	AT1G22490.2
OG0003788	jg30928	AT1G23560.1
OG0003789	jg15534	AT3G55780.1
OG0003790	jg31022	AT1G27120.1
OG0003791	jg31057	AT1G26850.1
OG0003792	jg31097	AT1G26590.2
OG0003793	jg31170	AT1G25440.1
OG0003794	jg31179	AT1G25370.1
OG0003795	jg31193	AT1G25280.1
OG0003796	jg31213	AT1G24620.1
OG0003797	jg31217	AT1G24575.1
OG0003798	jg31234, jg31233	AT1G24440.1
OG0003799	jg31241	AT1G24360.1
OG0003800	jg31362	AT1G28360.1
OG0003801	jg31363	AT1G28370.2
OG0003802	jg31373	AT1G28440.1
OG0003803	jg31378, jg31376	AT1G28490.1
OG0003804	jg31408	AT1G29025.1
OG0003804	jg31407	AT1G29020.2
OG0003805	jg31417	AT1G29070.1
OG0003806	jg31441	AT1G29260.1
OG0003807	jg31457	AT1G29320.2
OG0003808	jg31568, jg32588, jg32589	AT1G30240.2
OG0003809	jg31821	AT1G31880.2, AT2G21030.1
OG0003810	jg32002	AT1G24010.1
OG0003811	jg32023	AT1G33680.1
OG0003811	jg7343	AT4G10070.1
OG0003812	jg32182	AT1G35260.1
OG0003812	jg32185	AT1G35310.1
OG0003814	jg27342, jg27252, jg24605, jg27253, jg27036, jg1336, jg27713, jg32360, jg14020	AT3G42160.1, AT2G12945.1
OG0003815	jg300, jg7168, jg11725, jg1568, jg1045, jg1838, jg32416, jg6895, jg6903, jg6876	AT2G06565.1
OG0003816	jg24339	AT3G04600.1
OG0003817	jg15832	AT3G58120.1
OG0003818	jg13237	AT3G25750.2
OG0003818	jg32599	AT1G44080.1
OG0003819	jg8427	AT4G39570.1
OG0003820	jg32892	AT1G48160.1
OG0003821	jg32941	AT1G48620.1
OG0003822	jg32976	AT1G48920.1
OG0003823	jg33037, jg16758	AT1G49330.1
OG0003824	jg33189	AT1G50560.1
OG0003824	jg33191	AT1G50520.1
OG0003825	jg33248, jg26225	AT3G20650.1
OG0003826	jg33266	AT1G51220.1
OG0003827	jg33328	AT1G51690.5
OG0003828	jg25585	AT3G15430.1
OG0003829	jg33571, jg33573	AT1G53580.1
OG0003830	jg33647	AT1G54150.1
OG0003831	jg25404	AT3G13990.1
OG0003832	jg25327	AT3G13450.1
OG0003832	jg33708	AT1G55510.1
OG0003833	jg33800	AT1G30060.1, AT4G00580.1, AT2G01800.1
OG0003833	jg33775, jg33748	AT4G00920.1, AT2G02770.1
OG0003834	jg541	AT1G63290.1
OG0003834	jg23905	AT3G01850.1
OG0003835	jg646	AT1G62660.1
OG0003836	jg822	AT1G61415.1
OG0003837	jg854	AT1G61170.1
OG0003838	jg876, jg877	AT1G61000.1
OG0003839	jg1012	AT1G59890.2
OG0003840	jg4618	AT5G07770.3, AT5G07780.1
OG0003840	jg4619	AT5G07650.1
OG0003840	jg1111	AT5G07760.2
OG0003841	jg1217, jg9606	AT4G28300.1
OG0003842	jg1228	AT1G57906.1
OG0003842	jg27902, jg25535	AT2G17690.1
OG0003843	jg24983	AT3G10455.1
OG0003847	jg16406, jg16397, jg16390	AT3G63190.1
OG0003848	jg2401, jg1734	AT1G68370.1
OG0003849	jg1765	AT1G64980.2
OG0003850	jg16132	AT3G60740.1
OG0003851	jg23724	AT5G66670.1
OG0003851	jg23725	AT5G66660.1
OG0003852	jg2196	AT1G66940.4
OG0003853	jg2261	AT1G67340.1
OG0003855	jg2307	AT1G67650.1
OG0003855	jg2309	AT1G67680.1
OG0003856	jg2316	AT1G67740.1
OG0003857	jg2318	AT1G67750.1
OG0003858	jg2395	AT1G68330.1
OG0003859	jg2407	AT1G68430.1
OG0003860	jg2467	AT1G68870.1
OG0003861	jg2486	AT1G69050.1
OG0003862	jg2494	AT1G69160.1
OG0003863	jg2504	AT1G69250.1
OG0003864	jg2510	AT1G69310.1
OG0003865	jg2545	AT1G69580.2
OG0003866	jg27086	AT1G69680.1
OG0003867	jg2561	AT1G69690.1
OG0003868	jg2570	AT1G69780.1
OG0003869	jg2598	AT1G69970.1
OG0003870	jg2728	AT1G71070.1
OG0003871	jg26427	AT3G22090.1
OG0003871	jg2779	AT1G71470.1
OG0003872	jg2800	AT1G71780.1
OG0003873	jg2846	AT1G72140.1
OG0003874	jg2848	AT1G72150.1
OG0003875	jg2962	AT1G73200.1
OG0003876	jg3020	AT1G73790.1
OG0003876	jg7261	AT4G09550.1
OG0003877	jg3065	AT1G74140.5, AT1G74130.1
OG0003878	jg3075	AT1G74210.1
OG0003879	jg3077	AT1G74230.1
OG0003880	jg3083	AT1G74300.1
OG0003880	jg3082	AT1G74290.1, AT1G74280.1
OG0003881	jg3111	AT1G74590.1
OG0003882	jg3114	AT1G74650.1
OG0003883	jg3159	AT1G75060.1
OG0003884	jg3170	AT1G75180.1
OG0003885	jg3191	AT1G75350.1
OG0003886	jg3206	AT1G75490.1
OG0003887	jg3208	AT1G75510.1
OG0003888	jg3214	AT1G75580.1
OG0003889	jg3256	AT1G76020.1
OG0003890	jg3350	AT1G76880.1
OG0003891	jg3365	AT1G76980.1
OG0003892	jg3447	AT1G77760.1
OG0003893	jg3485	AT1G78110.1
OG0003894	jg3511	AT1G78360.1
OG0003895	jg3521	AT1G78440.1
OG0003896	jg3542	AT1G78630.1
OG0003897	jg3552	AT1G78700.1
OG0003898	jg3563	AT1G78815.1
OG0003899	jg3591	AT1G79040.1
OG0003900	jg3604	AT1G79180.2
OG0003901	jg3616	AT1G79280.2
OG0003902	jg3632	AT1G79430.2
OG0003903	jg3690	AT1G80710.1
OG0003904	jg3703	AT1G80610.1
OG0003905	jg3716	AT1G80510.1
OG0003906	jg12860	AT4G00695.3
OG0003906	jg3745	AT1G80245.1
OG0003907	jg23950	AT3G01470.1
OG0003908	jg23954	AT3G01435.2
OG0003909	jg24053	AT3G02400.1
OG0003910	jg24062	AT3G02470.1
OG0003911	jg24077	AT3G02580.1
OG0003912	jg24097	AT3G02750.3
OG0003913	jg24105	AT3G02830.1
OG0003914	jg24123	AT3G02970.1
OG0003915	jg24199	AT3G03540.1
OG0003915	jg24198	AT3G03530.1
OG0003916	jg5669	AT5G18250.1
OG0003916	jg24266	AT3G04040.1
OG0003917	jg24388	AT3G04970.1
OG0003918	jg24454	AT3G05490.1
OG0003919	jg20792, jg24513	AT3G05870.3
OG0003920	jg24552	AT3G06200.1
OG0003921	jg24613	AT3G66656.1
OG0003922	jg24636	AT3G06860.1
OG0003923	jg24653	AT3G07020.1
OG0003924	jg24655	AT3G07050.1
OG0003925	jg24657	AT3G07070.1
OG0003926	jg24668	AT3G07160.2
OG0003927	jg24678	AT3G07255.1
OG0003928	jg24690	AT3G07360.1
OG0003929	jg24712	AT3G07565.4
OG0003930	jg24718, jg24719	AT3G07610.3
OG0003931	jg24773	AT3G08600.1
OG0003932	jg24778	AT3G08650.2
OG0003933	jg24971	AT3G10370.1
OG0003934	jg24978	AT3G10410.1
OG0003935	jg24997, jg27434	AT3G10572.1
OG0003936	jg25046	AT3G10985.1
OG0003937	jg25067	AT3G11200.1
OG0003938	jg4354	AT5G05980.1
OG0003939	jg25099	AT3G11470.1
OG0003940	jg25120	AT3G11680.2
OG0003941	jg25175	AT3G12160.1
OG0003942	jg25183	AT3G12260.1
OG0003943	jg25232	AT3G12760.1
OG0003944	jg25243	AT3G12890.1
OG0003945	jg25291	AT3G13200.1
OG0003946	jg25308	AT3G13310.1
OG0003947	jg25330	AT3G13480.1
OG0003948	jg25344	AT3G13600.1
OG0003949	jg25519	AT3G14990.1
OG0003950	jg25540	AT3G15170.1
OG0003951	jg25575	AT3G15370.2
OG0003952	jg25582	AT3G15400.1
OG0003953	jg25594	AT3G15490.1
OG0003954	jg25613	AT3G15670.1
OG0003955	jg25649	AT3G16050.1
OG0003956	jg25684	AT3G16330.1
OG0003957	jg25704	AT3G16490.1
OG0003958	jg25733	AT3G16640.1
OG0003959	jg25806	AT3G17480.1
OG0003960	jg25841	AT3G17365.2
OG0003961	jg25879, jg25877	AT3G17700.1
OG0003962	jg25919	AT3G18010.1
OG0003963	jg25938	AT3G18180.1
OG0003963	jg25937	AT3G18170.2
OG0003964	jg25980	AT3G18490.1
OG0003965	jg26004	AT3G18720.1
OG0003966	jg26010	AT3G18773.1
OG0003967	jg26015	AT3G18810.1
OG0003968	jg26033	AT3G18950.1
OG0003969	jg26066	AT3G19290.3
OG0003970	jg26096	AT3G19550.1
OG0003971	jg26155	AT3G20050.1
OG0003972	jg26185	AT3G20300.1
OG0003973	jg26224	AT3G20640.1
OG0003974	jg26244	AT3G20750.1
OG0003975	jg26262	AT3G20920.1
OG0003976	jg26282	AT3G21070.3
OG0003977	jg26370	AT3G21710.2
OG0003978	jg26466	AT3G22380.2
OG0003979	jg26468	AT3G22410.1
OG0003980	jg26486	AT3G22550.1
OG0003981	jg26495	AT3G22640.1
OG0003982	jg26497	AT3G22660.1
OG0003983	jg26499	AT3G22680.1
OG0003984	jg26566	AT3G23180.1
OG0003985	jg26610	AT3G23600.1
OG0003986	jg26611	AT3G23605.1
OG0003987	jg26614	AT3G23630.1
OG0003988	jg26640	AT3G23770.1
OG0003989	jg26857, jg26856	AT3G25180.1
OG0003990	jg26913, jg6452	AT5G25754.1, AT5G25757.1
OG0003991	jg27143, jg27147, jg23473	AT5G64680.3
OG0003992	jg27382	AT2G12900.1
OG0003992	jg27383	AT2G13150.1, AT2G12940.1
OG0003993	jg27518	AT2G14830.1
OG0003994	jg27851	AT2G17265.1
OG0003995	jg28089	AT2G19060.1
OG0003995	jg28088	AT2G19050.1
OG0003996	jg28146	AT2G19570.1
OG0003997	jg28244	AT2G20300.1
OG0003998	jg28251	AT2G20360.1
OG0003999	jg28260	AT2G20430.1
OG0004000	jg16568	AT2G21510.2
OG0004001	jg16654	AT2G22250.2
OG0004002	jg19498	AT2G42000.2
OG0004002	jg16780	AT2G23240.1
OG0004003	jg17021	AT2G24840.1
OG0004004	jg5843, jg17273	AT5G19820.1
OG0004005	jg17318, jg22304	AT5G54800.1
OG0004006	jg11903, jg17327	AT2G26320.1
OG0004007	jg17549	AT2G26975.1
OG0004007	jg14479	AT3G46900.1
OG0004008	jg17569	AT2G27040.1
OG0004009	jg20636, jg17666	AT2G27505.1
OG0004010	jg17692	AT2G27680.1
OG0004011	jg17739	AT2G28000.1
OG0004012	jg17769	AT2G28160.1
OG0004013	jg17823	AT2G28520.1
OG0004014	jg17883, jg17892	AT1G51840.1
OG0004015	jg17977	AT2G29590.1
OG0004016	jg18032	AT2G29980.1
OG0004017	jg18071, jg18070	AT2G30300.1
OG0004018	jg18088	AT2G30470.1
OG0004019	jg18141	AT2G31300.2, AT2G30910.1
OG0004020	jg18171	AT2G31180.1
OG0004021	jg18186	AT2G31270.1
OG0004022	jg18213	AT2G31490.1
OG0004023	jg18227	AT2G31660.1
OG0004024	jg18347	AT2G32710.1
OG0004025	jg18348	AT2G32720.1
OG0004026	jg18388	AT2G33040.1
OG0004027	jg18414	AT2G33210.1
OG0004028	jg18442	AT2G33435.1
OG0004029	jg19256, jg18638	AT2G35190.1
OG0004030	jg18649	AT2G35270.1
OG0004031	jg18735	AT2G36020.1
OG0004032	jg18784	AT2G36480.1
OG0004033	jg18786	AT2G36490.1
OG0004034	jg18789	AT2G36540.1
OG0004035	jg18826	AT2G36870.1
OG0004036	jg18887	AT2G37390.1
OG0004037	jg18903, jg18906	AT2G37480.1
OG0004038	jg18915	AT2G37580.1
OG0004039	jg18921	AT2G37630.1
OG0004040	jg18957	AT2G37930.3
OG0004041	jg18980	AT2G38120.1
OG0004042	jg19031	AT2G38470.1
OG0004043	jg19163	AT2G39445.1
OG0004044	jg19189	AT2G39700.1
OG0004045	jg19195	AT2G39730.1
OG0004046	jg19251	AT2G40116.1
OG0004047	jg19273, jg5900	AT2G40230.1
OG0004048	jg19289	AT2G40330.1
OG0004049	jg19292	AT2G40360.1
OG0004051	jg19719	AT2G43740.1
OG0004052	jg19309	AT2G40460.1
OG0004053	jg19316	AT2G40520.1
OG0004054	jg19327	AT2G40610.1
OG0004055	jg19363	AT2G40900.1
OG0004056	jg19454	AT2G41660.1
OG0004057	jg19490	AT2G41940.1
OG0004058	jg19494	AT2G41970.1
OG0004059	jg19624	AT2G43000.1
OG0004060	jg19639	AT2G43140.2
OG0004061	jg19642	AT2G43160.1
OG0004062	jg19742	AT2G43940.1
OG0004063	jg19779	AT2G44290.1
OG0004063	jg19780	AT2G44300.1
OG0004064	jg19835	AT2G44745.1
OG0004065	jg19861	AT2G44940.1
OG0004066	jg19912	AT4G34080.1, AT4G33320.1, AT4G36100.1
OG0004067	jg19927	AT2G45340.1
OG0004068	jg19999	AT2G46000.1
OG0004069	jg20085	AT2G46670.1, AT2G46790.1
OG0004070	jg20158	AT2G47460.1
OG0004071	jg12943	AT2G01540.1
OG0004072	jg13005	AT2G01940.3
OG0004073	jg13022	AT2G02070.1
OG0004074	jg13057	AT2G02450.2
OG0004075	jg13149	AT2G03480.1
OG0004076	jg13172, jg13170	AT2G03690.1
OG0004077	jg13171	AT2G03680.1
OG0004078	jg13188	AT2G03870.1
OG0004079	jg13261	AT3G25882.1
OG0004080	jg13397	AT3G26935.1
OG0004081	jg13404	AT3G27025.1
OG0004082	jg13475	AT3G27400.2
OG0004083	jg13508	AT3G27520.1
OG0004084	jg13509	AT3G27530.1
OG0004085	jg13520	AT3G27650.1
OG0004086	jg13578	AT3G28180.1
OG0004087	jg13615	AT3G28455.1
OG0004088	jg13705	AT3G29010.1
OG0004089	jg13707	AT3G29030.1
OG0004090	jg13721	AT3G29090.1
OG0004091	jg13769	AT3G29340.1
OG0004091	jg13771	AT4G04404.1
OG0004092	jg13818	AT3G29635.1
OG0004093	jg13856	AT3G30260.1
OG0004094	jg13892	AT3G30841.1
OG0004094	jg7259	AT4G09520.1
OG0004095	jg14382	AT3G46020.1
OG0004096	jg14406	AT3G46240.1
OG0004097	jg14481	AT3G47130.1
OG0004097	jg14510	AT3G47150.1
OG0004098	jg14658	AT3G48430.1
OG0004099	jg14661	AT3G48450.1
OG0004100	jg14761	AT3G49220.3
OG0004101	jg14782	AT3G49430.1
OG0004102	jg14838	AT3G49790.1
OG0004103	jg15026	AT3G51400.1
OG0004104	jg15046	AT3G51600.1
OG0004105	jg15052	AT3G51670.1
OG0004106	jg15084	AT3G51850.1
OG0004107	jg15135	AT3G52270.1
OG0004108	jg15155	AT3G52450.1
OG0004109	jg15203	AT3G52800.1
OG0004110	jg15242	AT3G53110.1
OG0004111	jg15246	AT3G53150.1
OG0004112	jg15284	AT3G53520.4
OG0004113	jg15286	AT3G53540.2
OG0004114	jg15307	AT3G53720.1
OG0004115	jg15335	AT3G53990.1
OG0004116	jg15336	AT3G54000.1
OG0004117	jg15349	AT3G54110.1
OG0004118	jg15427	AT3G54900.1
OG0004119	jg15496	AT3G55560.1
OG0004120	jg15592	AT3G56220.1
OG0004121	jg15627	AT3G56590.2
OG0004122	jg15679	AT3G57040.1
OG0004123	jg15767	AT3G57550.2
OG0004124	jg15787	AT3G57700.1
OG0004124	jg15799	AT3G57770.1
OG0004125	jg15863	AT3G58370.1
OG0004126	jg15885	AT3G58580.1
OG0004127	jg15961	AT3G59220.1
OG0004128	jg15993	AT3G59480.1
OG0004129	jg16003	AT3G59550.1
OG0004131	jg16093	AT3G60360.1
OG0004132	jg16139	AT3G60820.1
OG0004133	jg16182	AT3G61310.1
OG0004134	jg16215	AT3G61590.4
OG0004135	jg16280	AT3G62100.1
OG0004137	jg16326	AT3G62600.1
OG0004138	jg16356	AT3G62900.1
OG0004139	jg16409, jg16393	AT3G63210.1
OG0004140	jg3840	AT5G01750.2
OG0004141	jg3961	AT5G02260.1
OG0004142	jg3970	AT5G02330.1, AT2G13900.1, AT5G02350.1, AT5G02340.1, AT2G13950.1
OG0004142	jg21587	AT1G53340.2, AT2G13895.1
OG0004143	jg4008	AT5G02760.1
OG0004144	jg4064	AT5G03330.1
OG0004145	jg4081	AT5G03430.1
OG0004146	jg4112	AT5G03680.1
OG0004147	jg4142	AT5G03960.2
OG0004148	jg4189	AT5G04390.1
OG0004149	jg4198	AT5G04470.1
OG0004150	jg4222	AT5G04740.1
OG0004151	jg4272	AT5G05170.1
OG0004152	jg4288	AT5G05340.1
OG0004153	jg4293	AT5G05370.1
OG0004154	jg4377	AT5G06150.1, AT3G27185.1, AT1G34460.5
OG0004155	jg4567	AT5G07300.1
OG0004156	jg4588	AT5G07460.1
OG0004157	jg4659	AT5G08130.8
OG0004158	jg4665	AT5G08180.1
OG0004159	jg4719	AT5G08620.1
OG0004160	jg4729	AT5G08730.1
OG0004161	jg4734	AT5G08790.1
OG0004162	jg4757	AT5G09430.1
OG0004163	jg4812	AT5G09920.1
OG0004164	jg4858	AT5G10280.1
OG0004165	jg4880	AT5G10510.3
OG0004166	jg4901	AT5G10720.1
OG0004167	jg9200	AT4G31980.1
OG0004167	jg4957	AT5G11290.2
OG0004168	jg5011	AT5G11770.1
OG0004169	jg5028	AT5G11890.1
OG0004170	jg5037	AT5G11970.1
OG0004171	jg5046	AT5G12060.1
OG0004172	jg5047	AT5G12080.1
OG0004173	jg5097	AT5G12870.1
OG0004175	jg5132	AT5G13180.1
OG0004176	jg5136	AT5G13220.7
OG0004177	jg5160	AT5G13470.1
OG0004178	jg5213	AT5G13990.1
OG0004179	jg5217	AT5G14030.1
OG0004180	jg5226	AT5G14110.1
OG0004181	jg5261	AT5G14420.1
OG0004182	jg5337	AT5G15120.1
OG0004183	jg5453	AT5G16300.1
OG0004184	jg5459, jg5461	AT5G16360.1
OG0004185	jg5512	AT5G16820.1
OG0004186	jg5514	AT5G16840.2
OG0004187	jg5585	AT5G17520.1
OG0004188	jg5651	AT5G18110.1
OG0004189	jg5678	AT5G18330.1
OG0004189	jg5675	AT5G18320.1
OG0004190	jg5689	AT5G18450.1
OG0004191	jg5698	AT5G18520.1
OG0004192	jg5850	AT5G19875.1
OG0004193	jg5861	AT5G19980.1
OG0004194	jg5889	AT5G20240.1
OG0004195	jg5944	AT5G20810.2
OG0004196	jg6001	AT5G22000.1
OG0004197	jg6012	AT5G22100.1
OG0004198	jg6056	AT5G22460.1
OG0004199	jg6124	AT5G22890.1
OG0004200	jg6266	AT5G24140.1
OG0004201	jg6388	AT5G25160.1
OG0004202	jg6391	AT5G25190.1
OG0004203	jg6447	AT5G25610.1
OG0004204	jg6467	AT5G25830.1
OG0004205	jg6486	AT5G25930.1
OG0004206	jg6509	AT5G26110.1
OG0004207	jg6540	AT5G26340.1
OG0004208	jg6567	AT5G26620.1
OG0004209	jg6648	AT5G27540.1
OG0004210	jg6689	AT5G27220.1
OG0004211	jg6716	AT5G27980.1
OG0004212	jg7271	AT4G09610.1
OG0004213	jg7344	AT4G10080.1
OG0004214	jg7358	AT4G10150.1
OG0004214	jg7360, jg7361, jg7362	AT4G10160.1
OG0004215	jg7380	AT4G10340.1
OG0004216	jg7432	AT4G10810.1
OG0004217	jg7463	AT4G11040.1
OG0004218	jg7480	AT4G11150.1
OG0004219	jg7683	AT4G04020.1
OG0004220	jg7699	AT4G04460.1
OG0004221	jg7966	AT4G02500.1
OG0004222	jg7993	AT4G02250.1
OG0004223	jg8107	AT4G01270.1, AT4G01245.1
OG0004224	jg8138	AT4G00960.1
OG0004225	jg8182	AT4G00585.1
OG0004226	jg8354	AT4G38870.1
OG0004227	jg8446, jg8460, jg8453, jg8433	AT4G39630.1
OG0004228	jg8492	AT4G39900.1
OG0004229	jg8496	AT4G39940.1
OG0004230	jg8663	AT4G36740.2
OG0004231	jg8687	AT4G36470.1
OG0004232	jg8705	AT4G36250.1
OG0004233	jg11720	AT4G12720.4
OG0004234	jg8759	AT4G35790.1
OG0004235	jg8792	AT4G35550.1
OG0004236	jg8849	AT4G35070.1
OG0004237	jg8866	AT4G34880.2
OG0004238	jg8893	AT4G34590.1
OG0004239	jg8906	AT4G34460.1
OG0004240	jg8950	AT4G34150.1
OG0004241	jg8956	AT4G34110.1, AT2G15500.1
OG0004242	jg9010	AT4G33630.1
OG0004243	jg9040	AT4G33430.2
OG0004244	jg9044	AT4G33400.1
OG0004245	jg9113, jg9054	AT4G32760.2
OG0004246	jg9101	AT4G32870.1
OG0004247	jg9102	AT4G32860.1
OG0004248	jg9109	AT4G32800.1
OG0004249	jg9145	AT4G32480.1
OG0004250	jg9163	AT4G32300.1
OG0004251	jg9164	AT4G32295.1
OG0004252	jg9216	AT4G31840.1
OG0004253	jg9272	AT4G31300.2
OG0004254	jg9303	AT4G30960.1
OG0004255	jg9310	AT4G30890.1
OG0004256	jg9332	AT4G30780.1
OG0004257	jg9390	AT4G30210.3
OG0004258	jg9395	AT4G30160.2
OG0004259	jg9462	AT4G29660.1
OG0004260	jg9532	AT4G29010.1
OG0004261	jg9539	AT4G28930.1
OG0004261	jg11649	AT4G12930.1
OG0004262	jg9544	AT4G28880.1
OG0004263	jg9579	AT4G28530.1
OG0004264	jg9628	AT4G28085.1
OG0004265	jg9746	AT4G27040.1
OG0004266	jg9750	AT4G27000.1
OG0004267	jg22350	AT5G55230.2
OG0004268	jg9786	AT4G26640.2
OG0004269	jg9800	AT4G26510.1
OG0004270	jg9820	AT4G26340.1
OG0004271	jg9873	AT4G25870.1
OG0004272	jg9895	AT4G25700.1
OG0004273	jg9911	AT4G25550.1
OG0004274	jg9943, jg12017	AT4G25260.1
OG0004275	jg9944	AT4G25250.1
OG0004276	jg9956	AT4G25140.1
OG0004277	jg9970	AT4G25030.1
OG0004278	jg9989	AT4G24820.1
OG0004279	jg9996	AT4G24770.1
OG0004280	jg10132	AT4G23630.1
OG0004281	jg10173	AT4G23330.1
OG0004282	jg10249	AT4G22780.1
OG0004283	jg10267	AT4G22650.1
OG0004283	jg10268	AT4G22640.2
OG0004284	jg10343	AT4G21970.1
OG0004285	jg10371	AT4G21850.1
OG0004286	jg10380	AT4G21790.1
OG0004287	jg10388	AT4G21710.1
OG0004288	jg10488	AT4G20860.1
OG0004289	jg10542	AT4G20270.1
OG0004290	jg10638	AT4G19450.1
OG0004291	jg10672, jg10674	AT4G19080.1
OG0004292	jg10727	AT4G18610.1
OG0004293	jg10739	AT4G18530.1
OG0004294	jg10789	AT4G18190.1
OG0004295	jg10805	AT4G18030.1
OG0004296	jg10887	AT4G17330.1
OG0004297	jg11001	AT4G16447.1
OG0004298	jg11012	AT4G16380.3
OG0004299	jg11110	AT4G15770.1
OG0004300	jg11200	AT4G15236.1, AT4G15233.1
OG0004301	jg11262	AT4G14805.1
OG0004302	jg11426	AT4G13850.1
OG0004303	jg11561, jg12704	AT5G40840.2
OG0004304	jg12693	AT5G40740.1
OG0004305	jg12746	AT5G41190.1
OG0004306	jg12747	AT5G41240.1, AT5G41220.1
OG0004307	jg12749	AT5G41250.1
OG0004308	jg20275	AT5G47620.4
OG0004309	jg20313	AT5G47320.1
OG0004310	jg20339	AT5G47110.1
OG0004311	jg20359	AT5G47030.1
OG0004312	jg20433	AT5G46350.1
OG0004313	jg20446	AT5G46230.1
OG0004314	jg20462	AT5G46090.1
OG0004315	jg20539	AT5G45470.1
OG0004316	jg20556	AT5G45350.1
OG0004317	jg20627	AT5G44990.1
OG0004318	jg20730	AT5G44400.1
OG0004320	jg20795	AT5G44020.1
OG0004321	jg20797	AT5G44005.1
OG0004322	jg20801	AT5G43970.1
OG0004323	jg21196, jg21387	AT5G48490.1
OG0004323	jg21386	AT5G48485.1
OG0004324	jg21347	AT5G48150.1
OG0004325	jg21358	AT5G48250.1
OG0004326	jg21429	AT5G48655.1
OG0004327	jg21460	AT5G48850.1
OG0004328	jg21704, jg21719	AT5G50115.1
OG0004329	jg21727	AT5G50670.1, AT5G50570.1
OG0004330	jg21743	AT5G50840.2
OG0004331	jg21744	AT5G50850.1
OG0004332	jg21754	AT5G50960.1
OG0004333	jg21830	AT5G51590.1
OG0004334	jg21863, jg22266, jg22275	AT5G51830.1
OG0004336	jg21991	AT5G52840.1
OG0004337	jg22015, jg22022	AT5G52980.1
OG0004338	jg22028	AT5G53045.1
OG0004339	jg22044	AT5G53210.1
OG0004340	jg22061	AT5G53400.1
OG0004341	jg22102	AT5G53620.1
OG0004342	jg22232	AT5G54370.1
OG0004343	jg22292	AT5G54680.1
OG0004344	jg22382	AT5G55490.1
OG0004345	jg22407	AT5G55710.1
OG0004346	jg22431	AT5G55910.1
OG0004347	jg22571	AT5G56860.1
OG0004348	jg22590	AT5G57000.1
OG0004349	jg22592	AT5G57015.1
OG0004350	jg22693	AT5G57910.1
OG0004351	jg22710	AT5G58060.2
OG0004352	jg22755	AT5G58430.1
OG0004353	jg22759	AT5G58470.1
OG0004354	jg22824	AT5G52370.1, AT5G58990.1
OG0004355	jg22919	AT5G59820.1
OG0004356	jg22965	AT5G60200.1
OG0004357	jg23005	AT5G60660.1
OG0004358	jg23009	AT5G60690.1
OG0004359	jg23021	AT5G60800.2
OG0004360	jg23050	AT5G61060.2
OG0004361	jg23061, jg23063	AT5G61190.5
OG0004362	jg23085	AT5G61410.1
OG0004363	jg23088	AT5G61430.1
OG0004364	jg23102	AT5G61550.2
OG0004365	jg23161	AT5G62110.1
OG0004366	jg23178	AT5G62260.1
OG0004367	jg23180	AT5G62280.1
OG0004368	jg23191	AT5G62380.1
OG0004369	jg23202	AT5G62500.1
OG0004370	jg23222	AT5G62680.1
OG0004371	jg23285	AT5G63140.1
OG0004372	jg23316	AT5G63450.2
OG0004373	jg23320	AT5G63490.1
OG0004374	jg23349	AT5G63720.1
OG0004376	jg23418	AT5G64270.1
OG0004377	jg23457	AT5G64530.1
OG0004378	jg23482	AT5G64750.1
OG0004379	jg23554	AT5G65410.1
OG0004380	jg23560	AT5G65480.1
OG0004381	jg23579	AT5G65660.1
OG0004382	jg23600	AT5G65790.1
OG0004383	jg23619	AT5G67600.1
OG0004384	jg23633	AT5G67450.1
OG0004385	jg23640	AT5G67390.1
OG0004386	jg23676	AT5G67070.1
OG0004387	jg23730	AT5G66620.1
OG0004388	jg132, jg286	AT2G07785.1
OG0004388	jg23834	ATCG01110.1
OG0004389	jg200, jg23828	ATCG00270.1
OG0004420	jg28452	AT1G01690.1
OG0004421	jg28550	AT1G02410.1
OG0004422	jg28604	AT1G02900.1
OG0004423	jg28619	AT1G03050.1
OG0004424	jg28688	AT1G03730.1
OG0004424	jg7823	AT4G03600.1
OG0004425	jg28703	AT1G03850.1
OG0004426	jg28724	AT1G04040.1
OG0004427	jg28736	AT1G04190.1
OG0004428	jg28745	AT1G04280.1
OG0004429	jg28758	AT1G04400.1
OG0004430	jg28761	AT1G04430.1
OG0004431	jg28785	AT1G04640.1
OG0004432	jg28788	AT1G04660.1
OG0004433	jg28818	AT1G04945.3
OG0004434	jg28844	AT4G20720.1, AT1G05090.1, AT1G05087.1
OG0004435	jg28861	AT1G05260.1
OG0004436	jg29007	AT1G06560.1
OG0004437	jg29020	AT1G06720.2
OG0004438	jg29030	AT1G06830.1
OG0004439	jg29101	AT1G07473.1
OG0004439	jg29102	AT1G07476.1
OG0004440	jg29116	AT1G07640.3
OG0004441	jg29123	AT1G07690.2
OG0004441	jg17838	AT1G54950.1
OG0004442	jg29191	AT1G08290.1
OG0004443	jg29209	AT1G08465.1
OG0004444	jg29228	AT1G08650.1
OG0004445	jg29241	AT1G08800.1
OG0004446	jg29246	AT1G08845.2
OG0004447	jg29251	AT1G08910.1
OG0004448	jg29256	AT1G08980.1
OG0004449	jg29289	AT1G09270.1
OG0004450	jg29293	AT1G09310.1
OG0004451	jg29300	AT1G09380.1
OG0004452	jg29344	AT1G09740.1
OG0004453	jg29347	AT1G09770.1
OG0004454	jg29370	AT1G09935.1
OG0004455	jg29391	AT1G10140.1
OG0004456	jg29410	AT1G10270.1
OG0004457	jg29512	AT1G11040.1
OG0004458	jg29555	AT1G11310.1
OG0004459	jg29557	AT1G11330.2
OG0004460	jg29631	AT1G11910.2
OG0004461	jg29651	AT1G12080.2
OG0004462	jg29669	AT1G12260.1
OG0004463	jg29685	AT1G12410.1
OG0004464	jg29688	AT1G12450.1
OG0004465	jg604	AT1G62960.1
OG0004466	jg29698	AT1G12550.1
OG0004467	jg29760	AT1G13030.1
OG0004468	jg29761	AT1G13040.1
OG0004469	jg29774	AT1G13120.1
OG0004470	jg29788	AT1G13260.1
OG0004471	jg29847	AT1G13800.1
OG0004472	jg29865	AT1G13960.1
OG0004473	jg29912	AT1G14370.1
OG0004474	jg29958	AT1G14740.1
OG0004475	jg29968	AT1G14830.1
OG0004476	jg30022	AT1G15360.1
OG0004477	jg30023	AT1G15370.1
OG0004478	jg30031	AT1G15420.1
OG0004479	jg30069	AT1G15790.3
OG0004480	jg30095	AT1G16040.1
OG0004481	jg30141	AT1G16570.2
OG0004482	jg30186, jg30199, jg30174, jg30163	AT1G16800.2
OG0004483	jg30192, jg30204	AT1G16860.1
OG0004484	jg30227	AT1G17060.1
OG0004485	jg30269	AT1G17450.2
OG0004486	jg30351	AT1G18290.1
OG0004487	jg6068, jg30370	AT1G18480.1
OG0004488	jg30384	AT1G18610.1
OG0004489	jg30387	AT1G18650.1
OG0004490	jg30416	AT1G18880.1
OG0004491	jg30459	AT1G19330.3
OG0004492	jg30497	AT1G19715.3
OG0004493	jg30512	AT1G19860.2
OG0004494	jg30583	AT1G20470.1
OG0004495	jg30597	AT1G20570.3
OG0004496	jg30616	AT1G20720.2
OG0004497	jg30627	AT1G20823.1
OG0004498	jg30647	AT1G21050.2
OG0004499	jg30687	AT5G34780.1, AT1G21400.5
OG0004500	jg30766	AT1G22065.1
OG0004501	jg30792	AT1G22280.3
OG0004502	jg30811, jg30812	AT1G22500.1
OG0004503	jg30907	AT1G23350.1
OG0004504	jg27188, jg27187, jg31000, jg30998, jg31008	AT1G27250.1
OG0004505	jg31085	AT1G26710.1
OG0004505	jg31084	AT1G26720.1
OG0004506	jg31094	AT1G26620.1
OG0004507	jg31109	AT1G26480.1
OG0004508	jg31130	AT1G26270.1
OG0004509	jg31172	AT1G25422.1
OG0004510	jg31177	AT1G25380.1
OG0004511	jg31223	AT1G24530.1
OG0004512	jg31231	AT1G24460.1
OG0004513	jg31240	AT1G24388.1
OG0004514	jg31253	AT1G24260.2
OG0004515	jg31282	AT1G27530.1
OG0004516	jg31285	AT1G27600.1
OG0004517	jg31300	AT1G27760.3
OG0004518	jg31312	AT1G27950.1
OG0004519	jg31324	AT1G28050.1
OG0004520	jg31340	AT1G28190.1
OG0004521	jg31348	AT1G28260.1
OG0004522	jg31349	AT1G28270.1
OG0004523	jg31371	AT1G28420.1
OG0004524	jg31428	AT1G29160.1
OG0004525	jg31463	AT1G29380.1
OG0004526	jg31476, jg33222, jg31475	AT1G29480.1
OG0004527	jg31498	AT1G29660.1
OG0004528	jg31571	AT1G30270.1
OG0004529	jg31578	AT1G30300.1
OG0004530	jg31584	AT1G30380.1
OG0004531	jg31601	AT1G30473.1
OG0004532	jg31721	AT1G31150.1
OG0004533	jg31733, jg2670	AT1G31220.1
OG0004534	jg31745	AT1G31310.1
OG0004535	jg18688	AT2G35610.1
OG0004536	jg31811	AT1G31810.1
OG0004538	jg31842	AT1G32100.1
OG0004539	jg31861	AT1G32200.1
OG0004540	jg31878	AT1G32280.1
OG0004540	jg22528	AT5G56480.1
OG0004541	jg31943	AT1G32920.1
OG0004542	jg32067	AT1G33970.1
OG0004543	jg32215	AT1G35460.1
OG0004544	jg32270	AT1G36050.1
OG0004546	jg32348, jg32343, jg32352, jg33496	AT1G52980.1
OG0004547	jg33233, jg2512, jg23070, jg32405	AT5G61250.1
OG0004550	jg15713, jg15647	AT3G56780.2
OG0004551	jg32754	AT1G47270.1
OG0004552	jg32769	AT1G47380.1
OG0004553	jg32877	AT1G48020.1
OG0004554	jg32909	AT1G48330.1
OG0004555	jg13191, jg13200	AT2G04032.1
OG0004556	jg33021	AT1G49230.1
OG0004557	jg798	AT1G61570.1
OG0004558	jg33112	AT1G49850.1
OG0004559	jg33263	AT1G51200.1
OG0004560	jg33274	AT1G51340.2
OG0004561	jg33370	AT1G51950.1
OG0004562	jg33409	AT1G52245.1
OG0004563	jg33424	AT1G52342.1
OG0004564	jg33459	AT1G52690.1
OG0004565	jg33509	AT1G53070.1
OG0004566	jg25521	AT3G15010.1
OG0004567	jg33544	AT1G53345.1
OG0004568	jg33598	AT1G53720.1
OG0004569	jg33619	AT1G53903.1, AT1G53885.1
OG0004570	jg33631	AT1G54030.1
OG0004571	jg33644	AT1G54120.1
OG0004572	jg33653	AT1G54200.1
OG0004573	jg33733, jg33732, jg33736, jg33727	AT1G55620.2
OG0004574	jg16198	AT3G61420.1
OG0004574	jg33750	AT1G55750.1
OG0004575	jg33764	AT1G55850.1
OG0004576	jg379	AT1G64510.2
OG0004577	jg430	AT1G64140.1
OG0004578	jg518	AT1G63570.2
OG0004578	jg520	AT1G63550.1
OG0004579	jg548, jg551	AT1G63240.1
OG0004580	jg554	AT1G63220.1
OG0004581	jg560	AT1G63205.1
OG0004582	jg677	AT1G62450.1
OG0004583	jg683	AT1G62400.1
OG0004584	jg693	AT1G62310.1
OG0004585	jg9986	AT4G24860.1
OG0004585	jg723	AT1G62130.1
OG0004586	jg773	AT1G61740.1
OG0004587	jg795	AT1G61610.1
OG0004588	jg1084, jg26966, jg1076, jg21402, jg17014	AT2G11462.1
OG0004589	jg1191, jg1192	AT1G58190.2
OG0004590	jg14179, jg2211, jg20821, jg19288, jg1412, jg20823	AT3G32960.1
OG0004591	jg1437, jg1438	AT1G56250.1, AT1G56240.1
OG0004592	jg25939	AT3G18190.1
OG0004593	jg28128	AT2G19440.1
OG0004593	jg1713	AT1G64760.1
OG0004594	jg1776, jg12766	AT4G07666.1
OG0004596	jg2113	AT1G66500.1, AT5G43620.1
OG0004597	jg2115, jg22457	AT5G56090.1
OG0004598	jg7567, jg7476, jg7561, jg27439, jg2204	AT4G11690.1
OG0004599	jg2247	AT1G67260.1
OG0004600	jg2253	AT1G67290.1
OG0004601	jg2294	AT1G67570.1
OG0004602	jg2315	AT1G67730.1
OG0004603	jg2326	AT1G67810.1
OG0004604	jg2330, jg2335	AT1G67850.1
OG0004605	jg2350	AT1G67910.1
OG0004606	jg2383	AT1G68210.1
OG0004607	jg2392	AT1G68320.1
OG0004608	jg2403	AT1G68390.1
OG0004609	jg2428	AT1G68570.1
OG0004610	jg2446	AT1G68730.1
OG0004611	jg2466	AT1G68850.1
OG0004612	jg2490	AT1G69120.1
OG0004613	jg2547	AT1G69588.1
OG0004614	jg2588, jg13738	AT1G69890.1
OG0004615	jg2593	AT1G69920.1
OG0004616	jg2594	AT1G69930.1
OG0004617	jg2636	AT1G70250.1
OG0004618	jg2684	AT1G70700.3
OG0004619	jg2749	AT1G71250.1
OG0004620	jg2775	AT1G71430.1
OG0004621	jg2830	AT1G72010.1
OG0004622	jg2871	AT1G72360.2
OG0004623	jg2888	AT1G72540.1
OG0004624	jg2893	AT1G72610.1
OG0004625	jg2929	AT1G72880.1
OG0004626	jg2930	AT1G72890.2
OG0004627	jg2957	AT1G73165.1
OG0004628	jg2961	AT1G73190.1
OG0004629	jg2991	AT1G73530.1
OG0004630	jg5684	AT5G18400.2
OG0004631	jg3123	AT1G74710.2
OG0004632	jg3131	AT1G74800.1
OG0004633	jg3135	AT1G74840.1
OG0004634	jg3177	AT1G75240.1
OG0004635	jg3209	AT1G75520.1
OG0004636	jg3211	AT1G75540.1
OG0004638	jg3228	AT1G75710.1
OG0004639	jg3247	AT1G75900.1
OG0004640	jg3280	AT1G76200.1
OG0004641	jg3403	AT1G77350.1
OG0004642	jg3431	AT1G77620.1
OG0004643	jg3449	AT1G77770.1
OG0004644	jg3450	AT1G77790.1
OG0004645	jg3490	AT1G78160.2
OG0004646	jg3551	AT2G01280.1
OG0004647	jg3627	AT1G79380.1
OG0004648	jg3643	AT1G79550.1
OG0004649	jg3675	AT1G80850.1
OG0004650	jg3676	AT1G80840.1, AT3G32090.1
OG0004651	jg3693	AT1G80700.1, AT1G80980.1
OG0004652	jg3724	AT1G80460.1
OG0004653	jg3772	AT1G79985.1
OG0004654	jg21502, jg23956	AT3G01420.1
OG0004655	jg23996	AT3G01090.2
OG0004656	jg24046	AT3G02310.1
OG0004657	jg24050	AT3G02350.1
OG0004658	jg24055	AT3G02420.1
OG0004659	jg24074	AT3G02555.1
OG0004660	jg24134	AT3G03060.1
OG0004661	jg24138	AT3G03090.1
OG0004662	jg24139	AT3G03100.1
OG0004663	jg24190	AT3G03480.1
OG0004664	jg24220	AT3G03720.1
OG0004665	jg24307	AT3G04280.1
OG0004666	jg24309	AT3G04300.1
OG0004668	jg24401	AT3G05050.1
OG0004669	jg24451	AT3G05470.1
OG0004670	jg24460	AT3G05520.2
OG0004671	jg24510	AT3G05858.1
OG0004672	jg5305, jg24554	AT3G06220.1
OG0004674	jg24593	AT3G06490.1
OG0004675	jg24597	AT3G06530.4
OG0004676	jg24604	AT3G06590.1
OG0004678	jg24628	AT3G06780.1
OG0004679	jg24641	AT3G06920.2
OG0004680	jg24695	AT3G07420.1
OG0004681	jg24696	AT3G07425.1
OG0004682	jg24745	AT3G07880.1
OG0004683	jg24797	AT3G08840.7
OG0004684	jg24804	AT3G08900.1
OG0004685	jg24852	AT3G09290.1
OG0004686	jg24985	AT3G10470.1
OG0004687	jg25038	AT3G10920.1
OG0004688	jg4285	AT5G05300.1
OG0004689	jg25051	AT3G11020.1
OG0004690	jg25065	AT3G11170.1
OG0004691	jg25112	AT3G11600.1
OG0004692	jg25126	AT3G11730.1
OG0004693	jg25127	AT3G11740.1
OG0004694	jg25133	AT3G11780.2
OG0004695	jg25156	AT3G12030.1
OG0004695	jg4445	AT5G06660.1
OG0004696	jg25162, jg25160	AT3G12070.1
OG0004696	jg5062	AT5G12210.1
OG0004697	jg25185	AT3G12280.1
OG0004698	jg25221	AT3G12660.1
OG0004699	jg25236	AT2G07640.1, AT1G36580.1, AT3G12800.1
OG0004700	jg25245	AT3G12900.1
OG0004701	jg25246	AT3G12910.1
OG0004702	jg25362	AT3G13690.1
OG0004703	jg25391	AT3G13882.2
OG0004704	jg25430	AT3G14205.1
OG0004705	jg25438	AT3G14260.1
OG0004706	jg25457	AT3G14440.1
OG0004707	jg25501	AT3G14850.2
OG0004708	jg25512	AT3G14950.1
OG0004709	jg25524	AT3G15040.1
OG0004710	jg25543	AT3G15190.1
OG0004711	jg25601	AT3G15570.1
OG0004712	jg25637	AT3G15950.1
OG0004713	jg25643	AT3G16000.1
OG0004714	jg25700	AT3G16450.1
OG0004714	jg25699	AT3G16440.2
OG0004716	jg25780	AT3G17020.1
OG0004717	jg25799	AT3G17120.1
OG0004718	jg25800	AT3G17130.1
OG0004719	jg25854	AT3G17510.1
OG0004720	jg25890	AT3G17800.2
OG0004721	jg25902	AT3G17860.1
OG0004722	jg25990	AT3G18590.1
OG0004723	jg25992	AT3G18610.1
OG0004724	jg25996	AT3G18650.1
OG0004725	jg26002	AT3G18710.1
OG0004726	jg26008	AT3G18760.1
OG0004727	jg26009	AT3G18770.1
OG0004728	jg26048	AT3G19100.1
OG0004729	jg26129	AT3G19820.1
OG0004730	jg26140	AT3G19920.2
OG0004731	jg26144	AT3G19950.2
OG0004732	jg26148	AT3G19990.2
OG0004733	jg26173	AT3G20210.1
OG0004734	jg26184	AT3G20290.1
OG0004735	jg26189	AT3G20340.1
OG0004736	jg26203	AT3G20460.1
OG0004737	jg26216	AT3G20570.1
OG0004738	jg26217	AT3G20580.1
OG0004739	jg26292	AT3G21150.1
OG0004740	jg26299	AT3G21180.1
OG0004741	jg26302	AT3G21210.1
OG0004742	jg26325	AT3G21351.1
OG0004743	jg26348	AT3G21520.1
OG0004744	jg26351	AT3G21550.1
OG0004745	jg26361	AT3G21640.1
OG0004746	jg26443	AT3G22200.2
OG0004747	jg13517	AT3G27620.1
OG0004747	jg26464	AT3G22360.1
OG0004748	jg26492	AT3G22620.1
OG0004749	jg26514	AT3G22790.1
OG0004750	jg26515	AT3G22800.1
OG0004751	jg26519	AT3G22840.1
OG0004752	jg26568	AT3G23200.1
OG0004753	jg26651	AT3G23820.1
OG0004754	jg26666, jg26665	AT3G28870.1, AT3G24260.1
OG0004755	jg5750	AT5G18990.1
OG0004755	jg26682	AT3G24130.1
OG0004756	jg21317, jg21325, jg26698	AT3G24090.1
OG0004757	jg26848	AT3G25100.1
OG0004758	jg27007, jg13182	AT2G03800.2
OG0004760	jg17592	AT1G27535.1
OG0004760	jg27109	AT1G67635.1
OG0004761	jg27122	AT2G33030.1
OG0004762	jg27146, jg27151, jg27142	AT2G06020.1
OG0004763	jg27166, jg27169, jg27172	AT2G06050.1
OG0004764	jg27356	AT2G11520.1
OG0004765	jg27371	AT2G12646.1
OG0004766	jg15966	AT3G59250.1
OG0004767	jg27521	AT2G14835.1
OG0004768	jg27618	AT2G16810.1
OG0004769	jg9078	AT4G33050.5
OG0004770	jg19736, jg27629, jg27630	AT2G43890.1
OG0004771	jg27705	AT2G16485.1
OG0004772	jg8858	AT4G34980.1
OG0004773	jg27761	AT2G16710.3
OG0004774	jg27792	AT2G16950.1
OG0004775	jg27840	AT2G17170.1
OG0004776	jg27913	AT2G17770.2
OG0004777	jg27939	AT2G17990.3
OG0004778	jg28003	AT2G18400.1
OG0004779	jg28126	AT2G19410.2
OG0004780	jg28134	AT2G19490.1
OG0004781	jg28141	AT2G19520.1
OG0004782	jg28148	AT2G19580.1
OG0004783	jg28149	AT2G19590.1
OG0004784	jg28187	AT2G19880.2
OG0004785	jg28239	AT2G20280.1
OG0004786	jg16540	AT2G21270.3
OG0004787	jg16547	AT2G21340.1
OG0004788	jg16584	AT2G21680.1
OG0004789	jg8504, jg16666	AT4G39990.1
OG0004790	jg16677	AT2G22500.1
OG0004791	jg16708	AT2G22790.1
OG0004792	jg16753	AT2G23070.1
OG0004793	jg16783	AT2G23270.1
OG0004794	jg16815	AT2G23540.1
OG0004795	jg16876	AT2G24090.1
OG0004796	jg16883	AT2G24150.1
OG0004797	jg17015	AT2G24820.1
OG0004798	jg12163	AT5G37350.1
OG0004798	jg17033	AT2G24990.1
OG0004799	jg17091	AT2G25305.1
OG0004800	jg5778, jg5772, jg5777, jg5773	AT5G19175.1, AT5G19172.1
OG0004801	jg17199	AT2G25840.2
OG0004803	jg10823, jg17261	AT2G26140.1
OG0004804	jg7935	AT4G03390.1
OG0004805	jg17555	AT2G26990.1
OG0004806	jg17574	AT2G27080.1
OG0004807	jg17598	AT2G27180.1
OG0004808	jg17609	AT2G27190.1
OG0004809	jg17668, jg17684, jg17657	AT2G27520.1
OG0004810	jg17661	AT2G27490.1
OG0004811	jg7224	AT4G09070.1
OG0004811	jg17783	AT2G28230.1
OG0004812	jg17792	AT2G28315.1
OG0004813	jg17802	AT2G28390.1
OG0004814	jg17812	AT2G28480.1
OG0004815	jg17815	AT2G28500.1
OG0004816	jg17985	AT2G29640.1
OG0004817	jg17994	AT2G29720.1
OG0004817	jg18698	AT2G35660.1
OG0004818	jg18046	AT2G30110.1
OG0004819	jg18063	AT2G30230.1
OG0004820	jg18135	AT2G30840.1
OG0004820	jg18133	AT2G30830.1
OG0004821	jg18169	AT2G31160.1
OG0004822	jg18214	AT2G31500.1
OG0004823	jg18220	AT2G31570.1
OG0004824	jg18222	AT2G31600.1
OG0004824	jg15322	AT3G53860.1
OG0004825	jg18250, jg18234	AT2G31862.1, AT2G31720.1, AT2G18810.1
OG0004826	jg18244	AT2G31810.1
OG0004827	jg18253	AT2G31880.1
OG0004828	jg18266	AT2G31990.2
OG0004829	jg18274	AT2G32020.1
OG0004830	jg18311	AT2G32400.1
OG0004831	jg18326	AT2G32550.2
OG0004832	jg18351	AT2G32750.2
OG0004833	jg18367	AT2G32870.1
OG0004833	jg18368	AT2G32880.1
OG0004834	jg18445	AT2G33470.1
OG0004835	jg18487	AT2G33810.1
OG0004836	jg18490	AT2G33835.1
OG0004837	jg18496	AT2G33860.1
OG0004838	jg18503	AT2G34000.1
OG0004839	jg18519	AT2G34180.1
OG0004840	jg18595	AT2G34780.1
OG0004841	jg18689	AT2G35612.1
OG0004842	jg18701	AT2G35680.1
OG0004843	jg18717	AT2G35840.1
OG0004844	jg18726	AT2G35930.1
OG0004845	jg18728	AT2G35940.1
OG0004846	jg18736	AT2G36026.1
OG0004847	jg18775	AT2G36400.1
OG0004848	jg18781	AT2G36450.1
OG0004849	jg18886	AT2G37380.1
OG0004850	jg18931	AT2G37690.1
OG0004851	jg18961	AT2G37950.1
OG0004852	jg18962	AT2G37960.1
OG0004853	jg18977	AT2G38090.1
OG0004854	jg18989	AT2G38180.1
OG0004855	jg19008	AT2G38310.1
OG0004856	jg19010	AT2G38330.1
OG0004857	jg19017	AT2G38400.2
OG0004858	jg19047	AT2G38670.1
OG0004859	jg19049	AT2G38650.1
OG0004860	jg19070	AT2G38870.1
OG0004861	jg19119	AT2G39340.1
OG0004862	jg19122	AT2G39300.1
OG0004863	jg19125	AT2G39290.1
OG0004864	jg19160	AT2G39430.1
OG0004865	jg19193	AT2G39720.1
OG0004866	jg19197	AT2G39750.1
OG0004867	jg19231	AT2G39990.1
OG0004868	jg19254	AT2G40120.1
OG0004869	jg19281	AT2G40290.1
OG0004870	jg19304	AT2G40430.2
OG0004871	jg5868, jg19377	AT5G20040.3
OG0004872	jg19400	AT2G41240.1
OG0004873	jg19407, jg19409	AT2G41290.1
OG0004874	jg19411	AT2G07440.1, AT2G41310.1
OG0004875	jg19428	AT2G41430.1
OG0004876	jg19486	AT2G41905.1
OG0004877	jg19503	AT2G42040.1
OG0004878	jg19577	AT2G42610.1
OG0004880	jg19664	AT2G43340.1
OG0004881	jg19691	AT2G43550.1
OG0004882	jg19709	AT2G43680.1
OG0004883	jg19825	AT2G44670.1
OG0004884	jg19843	AT2G44820.1
OG0004885	jg19849	AT2G44860.1
OG0004886	jg14567, jg19893	AT3G47630.2
OG0004887	jg19907	AT2G45190.1
OG0004888	jg19961	AT2G45670.1
OG0004889	jg19963	AT2G45690.1
OG0004890	jg20021	AT2G46220.1
OG0004891	jg20033	AT2G46310.1
OG0004893	jg20061, jg15962	AT2G46535.1
OG0004894	jg20066	AT2G46590.2
OG0004895	jg20067	AT2G46600.1
OG0004896	jg20068	AT2G46620.1
OG0004897	jg20073	AT2G46680.1
OG0004898	jg20087	AT2G46810.1
OG0004899	jg20186	AT2G47710.1
OG0004900	jg20210	AT2G47950.2
OG0004901	jg20231	AT2G48130.1
OG0004902	jg12903	AT2G01110.1
OG0004903	jg12914	AT2G01240.1
OG0004904	jg12931	AT2G01430.1
OG0004905	jg12991	AT2G01880.1
OG0004906	jg13137	AT2G03370.2, AT2G03360.2
OG0004907	jg13173	AT2G03710.1
OG0004908	jg13185	AT2G03830.1
OG0004909	jg13212, jg13211	AT3G25550.1
OG0004910	jg13224	AT3G25640.2
OG0004911	jg10943, jg13266	AT3G25910.1
OG0004912	jg23760, jg13290	AT5G66330.1
OG0004913	jg13293	AT3G26100.2
OG0004914	jg13398	AT3G26940.1
OG0004915	jg13410	AT3G27060.1
OG0004916	jg13474	AT3G27390.1
OG0004917	jg13565	AT3G28040.1
OG0004918	jg13666	AT3G28857.1
OG0004919	jg13679	AT3G28910.1
OG0004920	jg13740	AT3G29200.1
OG0004921	jg14301	AT3G45330.1
OG0004921	jg13753	AT3G45390.1
OG0004922	jg13805	AT3G29400.1
OG0004923	jg13857	AT3G30280.1
OG0004924	jg13864	AT3G30340.1
OG0004925	jg14190	AT3G44620.2
OG0004926	jg14272	AT3G45093.1
OG0004927	jg14281	AT3G45180.1
OG0004928	jg14711	AT3G48870.1
OG0004928	jg14312	AT3G45450.1
OG0004929	jg14397	AT3G46160.1
OG0004930	jg14413	AT3G46270.2, AT3G46260.1
OG0004931	jg14416	AT3G46290.1
OG0004932	jg14437	AT3G46560.1
OG0004933	jg14471	AT3G46840.1
OG0004933	jg14472	AT3G46850.1
OG0004934	jg14519	AT3G47340.1
OG0004935	jg14588	AT3G47840.1
OG0004936	jg14598	AT3G47960.1
OG0004937	jg14621	AT3G48140.1
OG0004938	jg14656	AT3G48420.1
OG0004939	jg14779	AT3G49390.1
OG0004940	jg14837	AT3G49780.1
OG0004941	jg14906	AT3G50410.1
OG0004942	jg14963	AT3G50870.1
OG0004943	jg14990	AT3G51070.1
OG0004944	jg14996	AT3G51120.1
OG0004945	jg15000	AT3G51150.2
OG0004946	jg15010	AT3G51270.1
OG0004947	jg15081, jg15066, jg15059	AT3G51820.1
OG0004948	jg15072, jg15065	AT3G51730.1
OG0004949	jg15083	AT3G51840.1
OG0004950	jg15104	AT2G05850.1
OG0004950	jg15108, jg15109	AT3G52010.1
OG0004950	jg15107	AT3G52000.1
OG0004951	jg15126	AT3G52180.1
OG0004952	jg15165, jg15731, jg15650	AT3G57280.1
OG0004953	jg15168	AT3G52500.1
OG0004954	jg15380	AT3G54470.1
OG0004955	jg15408	AT3G54740.2
OG0004956	jg15414	AT3G54800.1
OG0004957	jg15451	AT3G55130.1
OG0004958	jg15487	AT3G55490.1, AT1G19080.1
OG0004959	jg15579	AT3G56100.1
OG0004960	jg15587	AT3G56180.2
OG0004961	jg15671	AT3G57100.1
OG0004962	jg15689	AT3G56950.2
OG0004963	jg15701	AT3G56850.1
OG0004964	jg15740	AT3G57290.1
OG0004965	jg15756	AT3G57450.1
OG0004966	jg15761	AT3G57500.1
OG0004967	jg15773	AT3G57610.1
OG0004968	jg15809	AT3G57890.2
OG0004969	jg15817	AT3G57980.2
OG0004970	jg15838	AT3G58180.1
OG0004971	jg15843	AT3G58230.1
OG0004972	jg15952	AT3G59110.1
OG0004973	jg15979	AT3G59350.6
OG0004974	jg16009	AT3G59630.1
OG0004975	jg16013	AT3G59650.2
OG0004976	jg16030	AT3G59820.2
OG0004977	jg16116	AT3G60580.1
OG0004978	jg16119	AT3G60600.1
OG0004979	jg16129	AT3G60720.3
OG0004980	jg16175	AT3G61230.1
OG0004981	jg16192	AT3G61380.1
OG0004982	jg16207	AT5G28370.1, AT3G61520.1, AT5G28460.1
OG0004983	jg16214	AT3G61580.1
OG0004984	jg16237	AT5G36000.1, AT3G61730.1
OG0004985	jg16279	AT3G62090.2
OG0004986	jg16282	AT3G62120.1
OG0004987	jg16288	AT3G62170.1
OG0004988	jg16367	AT3G62980.1
OG0004989	jg3823	AT5G01860.1
OG0004990	jg3845	AT5G01700.2
OG0004991	jg3852	AT4G00020.2, AT5G01630.1
OG0004992	jg3883	AT5G01430.1, AT3G49420.1
OG0004993	jg3888	AT5G01380.1
OG0004994	jg3933	AT5G02030.1
OG0004995	jg3942	AT5G02110.1
OG0004996	jg3963	AT5G02280.1
OG0004997	jg3982	AT5G02470.1
OG0004998	jg4009	AT5G02770.1
OG0004999	jg4025	AT5G02930.1
OG0005001	jg4045	AT5G03150.1
OG0005002	jg4063	AT5G03320.1
OG0005003	jg4079	AT5G03415.1
OG0005005	jg4133	AT5G03880.1
OG0005006	jg4195	AT5G04430.2
OG0005007	jg4205	AT5G04540.1
OG0005008	jg4208	AT5G04590.1
OG0005009	jg4236	AT5G04885.2
OG0005010	jg4252	AT5G05010.1
OG0005011	jg4296	AT5G05410.1
OG0005012	jg4406	AT5G06320.1
OG0005013	jg4416	AT5G05650.1, AT5G06390.1
OG0005014	jg4429	AT5G06500.1
OG0005015	jg4550	AT5G07200.1
OG0005016	jg4551	AT2G27070.1, AT5G07210.1
OG0005017	jg4582	AT1G69940.1, AT5G07410.1
OG0005018	jg4585	AT5G07440.1
OG0005019	jg4673	AT5G08280.1
OG0005020	jg4707	AT5G08520.1
OG0005021	jg4814	AT5G09940.1
OG0005022	jg4976	AT5G11440.1
OG0005023	jg5013	AT5G11790.1
OG0005024	jg5045	AT5G12050.1
OG0005025	jg5078	AT5G12370.1
OG0005026	jg5082	AT5G12410.1
OG0005027	jg5109	AT5G12980.1
OG0005028	jg5110	AT5G12990.1
OG0005029	jg5113	AT5G13020.1
OG0005030	jg5131	AT5G13170.1
OG0005031	jg5139	AT5G13250.1
OG0005032	jg5143	AT5G13290.2
OG0005033	jg5155	AT5G13420.1
OG0005034	jg5183	AT5G13730.1
OG0005035	jg5188	AT5G13780.1
OG0005036	jg5192	AT5G13820.1
OG0005037	jg5193	AT5G13825.1
OG0005038	jg5198	AT5G13870.1
OG0005039	jg5228	AT5G14130.2
OG0005040	jg5233	AT5G14170.1
OG0005041	jg5236	AT5G14210.2
OG0005042	jg5239	AT5G14230.1
OG0005043	jg5250	AT5G14320.1
OG0005044	jg5255	AT5G14360.1
OG0005045	jg5334	AT5G15090.1
OG0005046	jg5338	AT5G15130.1
OG0005047	jg5345	AT5G15190.1
OG0005048	jg5358	AT5G15310.1
OG0005049	jg5451	AT5G16280.1
OG0005050	jg5464	AT5G16390.1
OG0005051	jg5470	AT5G16453.1
OG0005052	jg5472	AT5G16470.1
OG0005053	jg5483	AT5G16550.1
OG0005054	jg5484	AT5G16560.1
OG0005055	jg5519	AT5G16890.1
OG0005056	jg5587	AT5G17540.1
OG0005057	jg5593	AT5G17590.1
OG0005058	jg5614	AT5G17770.1
OG0005059	jg5626	AT5G17880.1
OG0005060	jg5627	AT5G17900.1, AT4G08580.1
OG0005062	jg5653	AT5G18130.1
OG0005063	jg5671	AT5G18270.1
OG0005064	jg5686	AT5G18420.2
OG0005065	jg5690	AT5G18460.1
OG0005066	jg5702	AT5G18560.1
OG0005067	jg5712	AT5G18650.1
OG0005068	jg5744	AT5G18930.1
OG0005069	jg5815	AT5G19530.1
OG0005070	jg5837	AT5G19760.1
OG0005071	jg5840	AT5G19790.1
OG0005072	jg5883	AT5G20180.1
OG0005073	jg5893	AT5G20270.1
OG0005074	jg5901	AT5G20350.1
OG0005075	jg5926	AT5G20610.1
OG0005076	jg5930	AT5G20650.1
OG0005077	jg5947	AT5G20840.1
OG0005078	jg5957	AT5G20920.1
OG0005079	jg5978	AT5G21130.1
OG0005080	jg5979	AT5G21140.1
OG0005081	jg5996	AT5G21960.1
OG0005082	jg6010	AT5G22080.1
OG0005083	jg6031	AT5G22220.2
OG0005084	jg6041	AT5G22330.1
OG0005085	jg6043	AT5G22350.1
OG0005086	jg6159	AT5G23140.1
OG0005087	jg6178	AT5G23290.1
OG0005088	jg6179	AT5G23300.1
OG0005089	jg6232	AT5G23810.1
OG0005090	jg6236	AT5G23870.3
OG0005091	jg6264	AT5G24120.1
OG0005092	jg10821, jg6349	AT4G17890.1
OG0005093	jg6350	AT5G24800.1
OG0005094	jg6362	AT5G24890.1
OG0005095	jg6373	AT5G25010.1, AT5G24990.1, AT5G25020.1
OG0005096	jg6375	AT5G25050.1
OG0005097	jg6436	AT5G25510.1
OG0005098	jg6458	AT5G25800.2
OG0005099	jg6461	AT5G25810.1
OG0005100	jg6464	AT5G25820.1
OG0005101	jg6516	AT5G26170.1
OG0005102	jg6530, jg6525, jg6527	AT5G26200.1
OG0005103	jg6531	AT5G26210.1
OG0005104	jg6544	AT5G26667.1
OG0005105	jg6558	AT5G26660.1
OG0005106	jg6612	AT5G27830.4
OG0005107	jg6780	AT5G28490.1
OG0005108	jg6874	AT5G29000.2
OG0005109	jg6907	AT5G30490.1
OG0005110	jg7246	AT4G09320.1
OG0005111	jg7331	AT4G09980.1
OG0005112	jg7396	AT4G10490.1
OG0005113	jg7491	AT4G11260.1
OG0005114	jg7549	AT4G11600.1
OG0005115	jg7633	AT4G12290.1
OG0005115	jg7630	AT4G12270.1
OG0005116	jg7727	AT4G04740.2
OG0005116	jg7725	AT4G04720.1
OG0005117	jg7734	AT4G04810.1
OG0005117	jg7735	AT4G04830.1
OG0005118	jg10416	AT4G21490.1
OG0005118	jg7764	AT4G05020.2
OG0005119	jg7772	AT4G05090.1
OG0005120	jg9892	AT4G25730.1
OG0005121	jg7822	AT4G03610.4
OG0005122	jg7842	AT4G03500.1, AT1G03670.1, AT4G03495.1, AT4G03460.1
OG0005123	jg7952	AT4G02620.1
OG0005124	jg7957	AT4G02580.1
OG0005125	jg8073	AT4G01650.1
OG0005126	jg8079	AT4G01590.1, AT4G35685.1
OG0005127	jg8127	AT4G01060.1
OG0005128	jg8218	AT4G00300.1
OG0005129	jg8240	AT4G00050.1
OG0005130	jg8244	AT4G00026.1
OG0005131	jg8302, jg8309	AT4G38470.1
OG0005132	jg8384	AT4G39140.1
OG0005133	jg8386	AT4G39160.2
OG0005134	jg8410	AT4G39400.1
OG0005135	jg8481	AT4G39810.1
OG0005136	jg8516	AT4G40090.1
OG0005137	jg8536	AT4G37950.1
OG0005138	jg8573	AT4G37610.1
OG0005139	jg8596	AT4G37400.1
OG0005140	jg8648	AT4G37240.1
OG0005141	jg8655	AT4G36820.1
OG0005142	jg8665	AT4G36720.1
OG0005143	jg8682	AT4G36550.1
OG0005144	jg8764	AT4G35750.1
OG0005145	jg8773	AT4G35700.1
OG0005146	jg8881	AT4G34700.1
OG0005147	jg8882	AT4G34680.1
OG0005148	jg8890	AT4G34600.1
OG0005149	jg8972	AT4G33940.1
OG0005150	jg8995	AT4G33740.1
OG0005151	jg9011	AT4G33625.1
OG0005152	jg9020	AT4G33550.1
OG0005153	jg9099	AT4G32890.1
OG0005154	jg9116	AT4G32720.1
OG0005155	jg9146	AT4G32470.1
OG0005156	jg9184	AT4G32150.1
OG0005157	jg9195	AT4G32040.1
OG0005158	jg9248	AT4G31550.1
OG0005159	jg9271	AT4G31320.1
OG0005160	jg9286	AT4G31130.1
OG0005161	jg9307	AT4G30930.1
OG0005162	jg9331	AT4G30790.1
OG0005163	jg9338	AT4G30740.1, AT4G30710.1
OG0005164	jg9346	AT4G30640.1
OG0005165	jg9372	AT4G30400.1
OG0005166	jg9417	AT4G30010.1
OG0005167	jg9423	AT4G29960.1
OG0005168	jg9432	AT4G29870.1
OG0005169	jg9455	AT4G29735.2
OG0005170	jg9457	AT4G29720.1
OG0005171	jg9463	AT4G29658.2
OG0005172	jg9520	AT4G29140.1
OG0005173	jg9524	AT4G29100.1
OG0005174	jg9542	AT4G28910.1
OG0005175	jg9543	AT4G28890.1
OG0005176	jg9578	AT4G28540.1
OG0005177	jg9605	AT1G52270.1, AT4G28310.1
OG0005178	jg9612	AT4G28240.1
OG0005179	jg9641	AT4G27990.1
OG0005180	jg9647	AT4G27940.1
OG0005181	jg9684	AT4G27610.1
OG0005182	jg9787	AT4G26630.1
OG0005183	jg9853	AT4G26050.1
OG0005184	jg9906	AT4G25610.1
OG0005185	jg9933	AT4G25340.1
OG0005186	jg9957	AT4G25130.1
OG0005187	jg9988	AT4G24830.1
OG0005188	jg10008	AT4G24680.1
OG0005189	jg10025	AT4G24520.1
OG0005190	jg10033	AT4G24440.1
OG0005191	jg10062	AT4G24200.1
OG0005192	jg10063	AT4G24190.1
OG0005193	jg10077	AT4G24060.1
OG0005194	jg10152	AT4G23496.1
OG0005195	jg10153	AT4G23493.1
OG0005196	jg10158	AT4G23440.1
OG0005197	jg10214	AT4G10220.1
OG0005197	jg10215	AT4G10210.1, AT4G23080.1
OG0005198	jg10233	AT4G22920.1
OG0005199	jg10255	AT4G22740.1
OG0005200	jg10298	AT4G22330.1
OG0005201	jg10341	AT4G21990.1
OG0005202	jg10370	AT4G21860.1
OG0005203	jg10396	AT4G21660.3
OG0005204	jg10400	AT4G21620.1
OG0005205	jg10420	AT4G21445.1
OG0005206	jg11297, jg10430	AT4G14640.1
OG0005207	jg10456	AT4G21120.1
OG0005208	jg10480	AT4G20940.1
OG0005209	jg20657, jg10559	AT4G20080.1
OG0005209	jg20658	AT5G44760.1
OG0005210	jg10636	AT4G19460.1
OG0005211	jg10693	AT4G18960.1
OG0005212	jg10748	AT4G18450.1
OG0005213	jg10751	AT4G18425.1
OG0005214	jg10754	AT4G18390.1
OG0005215	jg10780	AT4G18250.1
OG0005216	jg10782	AT4G18230.1
OG0005217	jg10807	AT4G18010.1
OG0005218	jg10815	AT4G17920.1
OG0005219	jg10819	AT4G17900.1
OG0005220	jg10863	AT4G17550.1
OG0005221	jg10871	AT4G17486.1
OG0005222	jg10872	AT4G17483.1
OG0005224	jg10917	AT4G17030.1
OG0005225	jg10930	AT4G16830.1
OG0005226	jg10931	AT4G16820.1
OG0005227	jg10957	AT4G16640.1
OG0005228	jg10959	AT4G16620.1
OG0005229	jg10960	AT4G16610.1
OG0005230	jg10974	AT4G16550.1, AT4G16560.1
OG0005231	jg10997	AT4G16470.1
OG0005232	jg11124	AT4G15740.1
OG0005233	jg11219, jg11223	AT4G15093.1
OG0005234	jg11235	AT4G15040.1
OG0005235	jg11306	AT4G14580.1
OG0005236	jg11312	AT4G14540.1
OG0005237	jg11329	AT4G14420.1
OG0005238	jg11436	AT4G13770.1
OG0005239	jg11502, jg11503, jg11501	AT4G13490.1
OG0005240	jg11835	AT5G32440.3
OG0005241	jg11926	AT5G35360.3
OG0005242	jg11958	AT5G35620.1
OG0005243	jg12063, jg12068	AT5G36890.1
OG0005244	jg12116	AT5G37020.1
OG0005245	jg12145	AT5G37190.1, AT4G00930.1
OG0005246	jg12299	AT5G38040.1
OG0005246	jg12291, jg12286	AT5G38010.1
OG0005247	jg12325	AT5G38210.2
OG0005248	jg12689	AT5G40700.2
OG0005249	jg12762	AT5G41370.1
OG0005249	jg12761	AT5G41360.1
OG0005250	jg12839	AT5G41910.1
OG0005251	jg12848	AT5G42000.1
OG0005252	jg20263	AT5G47730.1
OG0005253	jg20272	AT5G47640.1
OG0005254	jg20276	AT5G47610.1
OG0005255	jg20281	AT5G47570.1
OG0005256	jg20356	AT5G47050.1
OG0005257	jg20381	AT5G46800.1
OG0005258	jg20388	AT5G46740.1
OG0005259	jg20391	AT5G46710.1
OG0005260	jg20397	AT5G46630.2
OG0005261	jg20403	AT5G46570.1
OG0005262	jg20440	AT5G46290.3
OG0005263	jg20444	AT5G46250.1
OG0005264	jg20445	AT5G46240.1
OG0005265	jg20559	AT5G45320.1
OG0005266	jg20607	AT5G45100.1
OG0005267	jg20624	AT5G45010.1
OG0005268	jg20663	AT5G44720.1
OG0005269	jg20664	AT5G44710.1
OG0005270	jg20673	AT5G44630.1
OG0005271	jg21870, jg20679	AT5G51890.1
OG0005272	jg20681, jg21868	AT5G51870.3
OG0005273	jg20712	AT5G44495.1
OG0005274	jg20721	AT5G44450.2
OG0005275	jg20746	AT5G44350.1
OG0005276	jg20766	AT5G44260.1
OG0005277	jg20883	AT5G43390.1
OG0005277	jg20881	AT5G43400.1
OG0005278	jg20902	AT5G43320.1
OG0005279	jg21127, jg21129	AT5G42350.1, AT5G42360.1
OG0005280	jg21276	AT5G47890.1
OG0005281	jg21374	AT5G48385.1
OG0005282	jg21385	AT5G48480.1
OG0005283	jg21404	AT5G48580.1
OG0005284	jg21456	AT5G48810.1
OG0005285	jg21509	AT5G49030.3
OG0005286	jg21529	AT5G49120.1
OG0005287	jg21547	AT5G49220.1
OG0005288	jg21644	AT5G49940.1
OG0005289	jg21724	AT5G50375.2
OG0005290	jg21747	AT5G50890.1
OG0005291	jg21772	AT5G51120.2
OG0005293	jg21923	AT5G52300.1
OG0005294	jg22018	AT5G53010.1
OG0005295	jg22036	AT5G53120.6
OG0005296	jg22039	AT5G53150.2
OG0005297	jg22147	AT5G53850.5
OG0005298	jg22249, jg22245	AT5G54440.1
OG0005299	jg22289	AT5G54650.1
OG0005300	jg22344	AT5G55180.2
OG0005301	jg22419	AT5G55810.2
OG0005302	jg22475	AT5G56250.1
OG0005303	jg22476	AT5G56260.3
OG0005304	jg22530	AT5G56510.1
OG0005305	jg22531	AT5G56520.1
OG0005306	jg22547	AT5G56650.1, AT5G56660.1
OG0005307	jg22624, jg22626	AT5G57270.1
OG0005308	jg22650	AT5G57500.1
OG0005309	jg22652	AT5G57520.1
OG0005310	jg22661	AT5G57580.1
OG0005311	jg22666	AT5G57630.1, AT5G57565.4
OG0005312	jg22671	AT5G57685.1
OG0005313	jg22702	AT5G57990.1
OG0005314	jg22711	AT5G58070.1
OG0005315	jg22719	AT5G58140.1
OG0005316	jg22740	AT5G58350.1
OG0005317	jg22772	AT5G58580.1
OG0005318	jg22781	AT5G58660.1
OG0005319	jg22785	AT5G58700.1
OG0005320	jg22787	AT5G58720.1
OG0005321	jg22802	AT5G58850.1
OG0005322	jg22805	AT5G58880.1
OG0005323	jg22871	AT5G59380.1
OG0005324	jg22909	AT5G59730.1
OG0005325	jg22964	AT5G60190.1
OG0005326	jg22996	AT5G60580.2
OG0005327	jg23028	AT5G60880.1
OG0005328	jg23032	AT5G60910.1
OG0005329	jg23042	AT5G60980.2
OG0005330	jg23069	AT5G61240.2
OG0005331	jg23114	AT5G61660.1
OG0005332	jg23197	AT5G62440.1
OG0005333	jg23248	AT5G62890.1
OG0005334	jg23264	AT5G63010.1
OG0005335	jg23271	AT5G63063.1
OG0005336	jg23415	AT5G64240.2
OG0005337	jg23447	AT5G64440.1
OG0005338	jg23466	AT5G64620.1
OG0005339	jg23477	AT5G64700.1
OG0005340	jg23507	AT5G65000.1
OG0005341	jg23526	AT5G65170.1
OG0005342	jg23543	AT5G65310.1
OG0005343	jg23566	AT5G65530.1
OG0005344	jg23609	AT5G65870.1
OG0005345	jg23616	AT5G67630.1
OG0005346	jg23620	AT5G67590.1
OG0005347	jg23634	AT5G67440.1
OG0005348	jg23636	AT5G67420.1
OG0005349	jg23708	AT5G66816.1
OG0005350	jg134, jg288	AT2G07675.1
OG0005397	jg28396	AT1G02190.1
OG0005398	jg28462	AT1G01580.2
OG0005399	jg28473	AT1G01490.4
OG0005400	jg33286, jg28490	AT1G01370.1
OG0005401	jg28506	AT4G07950.1, AT1G01210.1
OG0005402	jg28511	AT1G01160.2
OG0005403	jg28513	AT1G01140.3
OG0005404	jg28534	AT1G02280.1
OG0005405	jg28552	AT1G02430.1
OG0005405	jg15142	AT1G02440.1
OG0005406	jg28553	AT1G02450.1
OG0005407	jg28566	AT1G02580.1
OG0005408	jg28586	AT1G02750.1
OG0005409	jg28613	AT1G02990.3
OG0005410	jg28627	AT1G03110.1
OG0005411	jg28634	AT1G03170.1
OG0005412	jg28642	AT1G03270.1
OG0005413	jg28648	AT1G03330.1
OG0005414	jg28670	AT1G03550.1
OG0005415	jg28672	AT1G03590.1
OG0005416	jg28689	AT1G03740.1
OG0005417	jg28695	AT1G03790.1
OG0005418	jg28713	AT1G03940.1
OG0005419	jg28721	AT1G04010.1
OG0005420	jg28732	AT1G04140.2
OG0005421	jg28763	AT1G04445.2
OG0005422	jg28779	AT1G04590.2
OG0005423	jg28798	AT1G04770.1
OG0005424	jg28853	AT1G05190.1
OG0005425	jg28858	AT1G05230.1
OG0005426	jg28864	AT1G05290.1
OG0005427	jg28871	AT1G05350.1
OG0005428	jg28885	AT1G05470.1
OG0005429	jg28926	AT1G05790.3
OG0005430	jg28947	AT1G05990.1
OG0005431	jg28949	AT1G06010.1
OG0005432	jg28952	AT1G06040.1
OG0005433	jg28956	AT1G06080.1
OG0005434	jg28959	AT1G06110.1
OG0005435	jg28965	AT1G06160.1
OG0005436	jg28971	AT1G06210.1
OG0005437	jg28972	AT5G25230.1, AT1G06220.1
OG0005438	jg28976	AT1G06250.1
OG0005439	jg29026	AT1G06780.2
OG0005440	jg29039	AT1G06900.1
OG0005441	jg29047	AT1G06950.1
OG0005442	jg29057	AT1G07050.2
OG0005443	jg29074	AT1G07210.1
OG0005444	jg29075	AT1G07220.1
OG0005445	jg29079	AT1G07260.1
OG0005446	jg29083	AT1G07290.1
OG0005447	jg29096	AT1G07430.1
OG0005448	jg29114	AT1G07615.1
OG0005449	jg29127	AT1G07720.2
OG0005450	jg29160	AT1G07990.1
OG0005451	jg29176	AT1G08130.1
OG0005452	jg17582	AT2G27120.2
OG0005452	jg29188	AT1G08260.1
OG0005453	jg29199	AT1G08370.1
OG0005454	jg29252	AT1G08920.2
OG0005455	jg29267	AT1G09090.2
OG0005456	jg29299	AT1G09370.1
OG0005457	jg29324	AT1G09580.1
OG0005458	jg29336	AT1G09660.1
OG0005459	jg29357	AT1G09830.1
OG0005460	jg29375	AT1G09980.1
OG0005461	jg29379	AT1G10020.1
OG0005462	jg29380	AT1G10030.1
OG0005463	jg29390	AT1G10130.1
OG0005464	jg29398	AT1G10200.1
OG0005465	jg29411	AT1G10280.1
OG0005466	jg26372, jg26903, jg13848	AT3G28918.1
OG0005467	jg29459	AT1G10610.1
OG0005468	jg29460	AT1G10620.1
OG0005469	jg29468	AT1G10657.1
OG0005470	jg29481	AT1G10770.1
OG0005471	jg29524	AT1G11130.1
OG0005472	jg29531	AT1G11170.1
OG0005473	jg831	AT1G61350.1
OG0005474	jg29544, jg29542	AT1G11260.1
OG0005475	jg29569	AT1G11440.1
OG0005476	jg29586	AT1G11500.3
OG0005477	jg29599	AT1G11600.1
OG0005478	jg29605	AT1G11655.1
OG0005479	jg29618	AT1G11770.1
OG0005480	jg29627	AT1G11880.1
OG0005481	jg29634	AT1G11925.1
OG0005482	jg29637	AT1G11940.1
OG0005483	jg29650	AT1G12070.1
OG0005484	jg29654	AT1G12110.1
OG0005485	jg29683	AT1G12380.1
OG0005486	jg29686	AT1G12420.1
OG0005487	jg29694	AT1G12500.1
OG0005488	jg29696	AT1G12530.1
OG0005489	jg29701	AT1G12580.1
OG0005490	jg29740	AT1G12810.2
OG0005491	jg29814	AT1G13520.1
OG0005492	jg29857	AT1G13880.2
OG0005493	jg29868	AT1G13970.1
OG0005494	jg29871	AT1G14000.1
OG0005495	jg29878	AT1G14060.1
OG0005496	jg29890	AT1G14180.1
OG0005497	jg29917	AT1G14420.1
OG0005498	jg29937	AT1G14570.1
OG0005499	jg29941	AT1G14600.1
OG0005500	jg29944	AT1G14630.1
OG0005501	jg29965	AT1G14790.1
OG0005502	jg29966	AT1G14810.1
OG0005503	jg29969	AT1G14840.1
OG0005504	jg29989	AT1G15020.2
OG0005505	jg29995	AT1G15100.1
OG0005506	jg30000	AT1G15140.1
OG0005507	jg30009	AT1G15220.1
OG0005508	jg30068	AT1G15780.2
OG0005509	jg30071	AT1G15810.1
OG0005510	jg30072	AT1G15820.1
OG0005511	jg30502	AT1G19780.1
OG0005511	jg30090	AT1G15990.1
OG0005512	jg30093	AT1G16022.1
OG0005513	jg30103	AT1G16150.1
OG0005514	jg30107	AT1G16180.1
OG0005515	jg30112	AT1G16250.1
OG0005516	jg30117	AT1G16310.1
OG0005517	jg30119	AT1G16330.1
OG0005518	jg30123	AT1G16370.1
OG0005519	jg30126	AT1G16400.1
OG0005520	jg30156, jg30179, jg30167	AT1G16740.1
OG0005521	jg30190	AT1G16840.1
OG0005522	jg30191, jg30203	AT1G16850.1
OG0005523	jg30209	AT1G16900.1
OG0005524	jg30221	AT1G16980.1
OG0005525	jg30232, jg30230	AT1G17090.1
OG0005526	jg30235	AT1G17130.2
OG0005527	jg30238	AT1G17147.1
OG0005528	jg30242	AT1G17180.1
OG0005529	jg30259	AT1G17345.1
OG0005530	jg30288	AT1G17620.1
OG0005531	jg30293	AT1G17680.1
OG0005532	jg30307	AT1G17820.1
OG0005533	jg30309	AT1G17840.1
OG0005534	jg30311	AT1G17860.1
OG0005536	jg30321	AT1G17950.1
OG0005537	jg30324	AT1G17980.1
OG0005538	jg30337	AT1G18150.1
OG0005539	jg30343	AT1G18210.1
OG0005540	jg30344	AT1G18197.2
OG0005541	jg30353	AT1G18320.1, AT3G10110.1
OG0005542	jg30356	AT1G18340.1
OG0005543	jg30361	AT1G18390.2
OG0005544	jg30369	AT1G18470.1
OG0005545	jg30385	AT1G18620.2
OG0005546	jg30386	AT1G18640.2
OG0005547	jg30389	AT1G18660.4
OG0005548	jg30398	AT1G18740.1
OG0005549	jg30412	AT1G18840.1
OG0005550	jg30414	AT1G18860.1
OG0005551	jg30415	AT1G18870.1
OG0005552	jg30425	AT1G18990.1
OG0005553	jg30428	AT1G19020.1
OG0005554	jg30431	AT1G19050.1
OG0005555	jg30482	AT1G19540.1
OG0005556	jg30495	AT1G19700.1
OG0005557	jg30513	AT1G19870.1
OG0005558	jg30519	AT1G19940.1
OG0005559	jg30522	AT1G19960.1
OG0005560	jg30525	AT1G19980.1
OG0005561	jg30526	AT1G19990.1
OG0005562	jg30546	AT1G20180.1
OG0005563	jg30554	AT1G20270.1
OG0005564	jg30577	AT1G20410.1
OG0005565	jg30605	AT1G20670.1
OG0005566	jg30631	AT1G20860.2
OG0005567	jg30645	AT1G21000.1
OG0005568	jg30649	AT1G21065.1
OG0005569	jg30651	AT1G21080.3
OG0005570	jg30661	AT1G21200.1
OG0005571	jg30680	AT1G21340.1
OG0005572	jg30692	AT1G21450.1
OG0005573	jg30695	AT1G21480.1
OG0005574	jg30697	AT1G21500.1
OG0005575	jg30702	AT1G21540.1
OG0005576	jg30716	AT1G21660.1
OG0005577	jg30722	AT1G21700.1
OG0005578	jg30735	AT1G21830.1
OG0005579	jg30739	AT1G21880.2
OG0005580	jg30741	AT1G21900.1
OG0005581	jg30745, jg3436	AT3G42150.1, AT1G21930.1
OG0005582	jg19632	AT2G43080.1
OG0005583	jg30795	AT1G22330.1
OG0005584	jg30843	AT1G22810.1
OG0005585	jg30864	AT1G23030.1
OG0005586	jg30873	AT1G23120.2
OG0005587	jg30884	AT1G23205.1
OG0005588	jg30892	AT1G23260.1
OG0005589	jg30893, jg30897	AT1G23270.1
OG0005590	jg30904	AT1G23320.1
OG0005591	jg32006, jg30915	AT1G23420.2
OG0005592	jg30917	AT1G23440.1
OG0005593	jg30926	AT1G23540.1
OG0005594	jg30948	AT1G23790.1
OG0005595	jg30962	AT1G23980.1
OG0005596	jg31026	AT1G27090.1
OG0005597	jg31029	AT1G27060.1
OG0005598	jg31045	AT1G26945.1
OG0005599	jg31058	AT1G26870.1
OG0005600	jg31090	AT1G26670.1
OG0005601	jg31098	AT1G26580.1
OG0005602	jg31137	AT1G26210.1
OG0005603	jg31149	AT1G26110.1
OG0005604	jg31152	AT1G25988.1, AT1G25682.1
OG0005605	jg31158	AT1G25540.1
OG0005606	jg31171	AT1G25425.1
OG0005607	jg31197	AT1G25250.3
OG0005608	jg31224	AT1G24520.1
OG0005609	jg31258	AT1G27310.1
OG0005610	jg31271	AT1G27435.1
OG0005611	jg31273	AT1G27450.3
OG0005612	jg31294	AT1G27710.1
OG0005613	jg31355	AT1G28310.2
OG0005614	jg31380	AT1G28510.1
OG0005615	jg31381	AT1G28520.1
OG0005616	jg31401	AT1G28815.1
OG0005617	jg31431, jg13356	AT3G26670.1
OG0005618	jg31437	AT1G29195.1
OG0005619	jg31453	AT1G29290.1
OG0005620	jg31454	AT1G29300.1
OG0005621	jg12201	AT5G37510.2
OG0005622	jg31516	AT1G29750.2
OG0005623	jg31517	AT1G29760.1
OG0005624	jg26963	AT1G29960.1
OG0005624	jg31538	AT1G23465.1
OG0005625	jg31547	AT1G30040.1
OG0005626	jg31548	AT1G30050.1
OG0005627	jg31550	AT1G30080.1
OG0005628	jg31557	AT1G30135.1
OG0005629	jg31563	AT1G30190.1
OG0005630	jg31579	AT1G30320.1
OG0005631	jg31582	AT1G30360.1
OG0005632	jg32136	AT1G34575.1
OG0005632	jg31629	AT1G30710.1
OG0005633	jg31656	AT1G30840.1
OG0005634	jg31661	AT1G30870.1
OG0005635	jg31691	AT1G31040.1
OG0005636	jg667, jg12681, jg596	AT1G22080.1
OG0005637	jg31741	AT1G31260.1
OG0005638	jg31801	AT1G31730.1
OG0005639	jg19648	AT2G43220.1
OG0005640	jg1434	AT1G56270.1
OG0005641	jg31866	AT1G32230.1
OG0005642	jg31944	AT1G32928.1
OG0005643	jg31989	AT1G33390.1
OG0005644	jg32020, jg23176	AT5G62240.1
OG0005645	jg32035	AT1G33760.1
OG0005646	jg32070	AT1G34000.1
OG0005647	jg32071	AT1G34010.2
OG0005648	jg32075, jg18371	AT2G32900.1
OG0005649	jg32113	AT1G34340.1
OG0005650	jg32114	AT1G34350.2
OG0005651	jg32134	AT1G34550.1
OG0005652	jg24227	AT3G03776.2
OG0005653	jg32342	AT1G43970.1
OG0005654	jg1912, jg32458, jg32449	AT1G42440.1
OG0005655	jg16186, jg32491	AT3G61350.1
OG0005656	jg32536	AT1G43710.1
OG0005657	jg32538, jg32539	AT1G43770.2
OG0005658	jg32720	AT1G53790.2
OG0005661	jg32605	AT1G44160.1
OG0005662	jg32645	AT1G44800.1
OG0005663	jg32646	AT1G44820.1
OG0005664	jg32652	AT1G44835.2
OG0005665	jg21394, jg32666	AT5G48530.1
OG0005665	jg24698	AT3G07440.1
OG0005666	jg32739	AT1G47128.1
OG0005667	jg32745	AT1G47230.2
OG0005668	jg32753	AT1G47260.1
OG0005669	jg32800, jg32805, jg32803	AT1G66030.1, AT1G47620.1
OG0005670	jg32828	AT1G47830.1
OG0005671	jg32890	AT1G48130.1
OG0005672	jg32902	AT1G48260.1
OG0005673	jg21275	AT5G47880.1
OG0005674	jg33017	AT1G49190.2
OG0005675	jg33078	AT1G49590.1
OG0005676	jg33146	AT1G50120.2
OG0005677	jg33183	AT1G50460.1
OG0005678	jg33227	AT1G50910.1
OG0005679	jg33284	AT1G51405.1
OG0005680	jg33288	AT1G51420.2
OG0005681	jg33318	AT1G51590.1
OG0005682	jg33322	AT1G51630.1
OG0005683	jg33394	AT1G52150.2
OG0005684	jg33408	AT1G52240.1
OG0005685	jg33432	AT1G52400.1
OG0005686	jg33454	AT1G52630.1
OG0005687	jg33458	AT1G52680.1
OG0005688	jg33495, jg33493	AT1G52970.1
OG0005689	jg33524	AT1G53200.1
OG0005690	jg33538	AT1G53320.1
OG0005691	jg33548	AT1G53390.1
OG0005692	jg33558	AT1G53510.1, AT4G01595.1
OG0005693	jg33560	AT1G53530.1
OG0005694	jg33592	AT1G53650.1
OG0005695	jg33678	AT1G55190.1
OG0005696	jg33683	AT1G55230.1
OG0005696	jg33682, jg33684	AT1G55240.1
OG0005697	jg33687	AT1G55270.1
OG0005698	jg33694	AT1G55340.1
OG0005699	jg33716	AT1G55550.1
OG0005700	jg33756	AT1G55775.1
OG0005701	jg33771	AT1G55900.1
OG0005702	jg33820	AT1G54330.1
OG0005703	jg371	AT1G64590.1
OG0005704	jg393	AT1G64390.1
OG0005705	jg412	AT1G64280.1
OG0005706	jg433, jg436, jg440	AT1G64107.1
OG0005707	jg543	AT1G63280.1, AT1G51330.1
OG0005708	jg480	AT1G63840.1
OG0005709	jg546	AT2G07750.1, AT1G63250.1
OG0005711	jg599	AT1G62990.1
OG0005712	jg3687	AT1G80740.1
OG0005713	jg813	AT1G61520.1
OG0005714	jg23918	AT3G01760.1
OG0005714	jg838	AT1G61270.1
OG0005715	jg858	AT1G61130.1
OG0005716	jg867	AT1G61080.5
OG0005718	jg8358	AT4G38905.1
OG0005719	jg8597	AT4G37390.1
OG0005719	jg1112	AT1G59500.1
OG0005720	jg1120, jg24833, jg11550	AT3G09110.1
OG0005721	jg1178	AT1G58250.2
OG0005722	jg1197, jg19681	AT2G43470.1
OG0005723	jg1199	AT1G58110.1
OG0005724	jg1240, jg1215	AT1G58025.2
OG0005725	jg1252, jg12380	AT5G38470.1
OG0005727	jg1333	AT1G57610.1
OG0005728	jg1424	AT5G37070.1
OG0005729	jg1515, jg26022	AT3G18860.1
OG0005731	jg1554	AT1G54460.1
OG0005732	jg1600	AT3G29750.1, AT3G30770.1, AT3G42723.1
OG0005732	jg1605	AT5G27800.1
OG0005732	jg1598, jg1593	AT5G25920.1
OG0005734	jg2006	AT1G65810.1
OG0005735	jg2024	AT1G65930.1
OG0005736	jg2043	AT1G66070.1
OG0005737	jg2068	AT1G66245.1
OG0005738	jg2174	AT1G66820.1
OG0005739	jg2177	AT1G66850.1
OG0005740	jg2216	AT1G67035.2
OG0005741	jg2217	AT1G67040.2
OG0005742	jg2242	AT1G67220.1
OG0005743	jg2243	AT1G67230.1
OG0005744	jg23401	AT5G64100.1
OG0005745	jg2269	AT1G67420.4
OG0005746	jg2279	AT1G67480.1
OG0005747	jg2296	AT1G67590.1
OG0005748	jg2379	AT1G68180.1
OG0005749	jg2396	AT1G68340.1
OG0005750	jg2410	AT1G68460.1
OG0005752	jg2421	AT1G68550.1
OG0005753	jg2430	AT1G68585.1
OG0005754	jg2519	AT1G69370.1
OG0005755	jg2522	AT1G69390.1
OG0005756	jg2592	AT5G35917.1
OG0005756	jg4281	AT5G05260.2
OG0005757	jg2627	AT1G70160.1
OG0005758	jg2635	AT1G70230.1
OG0005759	jg2638	AT1G70280.2
OG0005760	jg2646	AT1G70350.1
OG0005761	jg2739	AT1G71160.1
OG0005762	jg2742	AT1G71180.1
OG0005762	jg2740	AT1G71170.1
OG0005763	jg2744	AT1G71200.4
OG0005764	jg2751	AT1G71270.1
OG0005764	jg2753	AT1G71300.1
OG0005765	jg2767	AT1G71360.2
OG0005766	jg2783	AT1G71520.1
OG0005767	jg2784	AT1G71530.1
OG0005768	jg2805	AT1G71820.2
OG0005769	jg2807	AT1G71840.1
OG0005770	jg2824	AT1G71970.1
OG0005771	jg2853	AT1G72180.1
OG0005772	jg2854	AT1G72190.1
OG0005773	jg2858	AT1G72220.1
OG0005774	jg2861	AT1G72250.3
OG0005775	jg2866	AT1G72310.1
OG0005776	jg2879	AT1G72450.1
OG0005777	jg2885	AT1G72510.1, AT2G09970.1
OG0005778	jg2899	AT1G72650.2
OG0005779	jg2917	AT1G72820.1
OG0005780	jg2952	AT1G73120.1
OG0005781	jg2963	AT1G73210.1
OG0005782	jg2969	AT1G73260.1
OG0005783	jg3006	AT1G73650.3
OG0005784	jg3010	AT1G73680.2
OG0005785	jg3015	AT1G73730.1
OG0005786	jg3018	AT1G73760.1
OG0005787	jg3023	AT1G73820.2
OG0005788	jg3032	AT1G73885.1
OG0005789	jg3038	AT1G73940.1
OG0005790	jg3100	AT1G74470.1
OG0005791	jg3105	AT1G74520.1
OG0005792	jg3145	AT1G74930.1
OG0005793	jg3146	AT1G74940.1
OG0005794	jg3147	AT1G74950.1
OG0005795	jg3149	AT1G74970.1
OG0005796	jg3153	AT1G75020.1
OG0005797	jg3192	AT1G75360.1
OG0005798	jg3224	AT1G75660.1
OG0005799	jg3225	AT1G75680.1
OG0005800	jg3237	AT1G75800.1
OG0005801	jg3253	AT1G75980.1
OG0005802	jg3255	AT1G76010.1
OG0005803	jg3260	AT1G76060.1
OG0005804	jg3262	AT1G76070.1
OG0005805	jg3293	AT1G76340.1
OG0005806	jg3304	AT1G76420.1
OG0005807	jg3315	AT1G76520.1
OG0005808	jg3351	AT1G76890.2
OG0005809	jg3353	AT1G76900.1
OG0005810	jg3378	AT1G77120.1
OG0005811	jg3386	AT1G77200.1
OG0005812	jg3388	AT1G77220.1
OG0005813	jg3391	AT1G77250.1
OG0005814	jg3415	AT1G77470.1
OG0005815	jg3419	AT1G77510.1
OG0005816	jg3448	AT1G77765.4
OG0005817	jg3462	AT1G77885.1
OG0005818	jg3475	AT1G78020.1
OG0005819	jg3476	AT1G78040.1
OG0005820	jg3486	AT1G78120.1
OG0005821	jg3505	AT1G78290.2
OG0005822	jg3515	AT1G78390.1
OG0005823	jg3517	AT1G78410.1
OG0005824	jg3550	AT1G78690.1
OG0005825	jg3615	AT1G79270.1
OG0005826	jg3655	AT1G79640.1
OG0005827	jg3702	AT1G80620.1
OG0005828	jg3728	AT1G80410.2
OG0005829	jg3783	AT1G79870.1
OG0005830	jg3785	AT1G79850.1
OG0005831	jg23930	AT3G01650.1
OG0005832	jg23941	AT3G01530.1
OG0005833	jg23951	AT3G01460.1
OG0005834	jg23974	AT3G01290.1
OG0005835	jg23980	AT3G01230.1
OG0005836	jg23983	AT3G01200.1
OG0005837	jg23984	AT3G01190.1
OG0005838	jg24020	AT3G02140.1
OG0005839	jg24076	AT3G02570.1
OG0005840	jg24078, jg24079	AT3G02590.1
OG0005841	jg24098	AT3G02760.1
OG0005842	jg24100	AT3G02780.1
OG0005843	jg24102	AT3G02800.1
OG0005844	jg24106	AT3G02840.1
OG0005845	jg24110	AT3G02870.1
OG0005846	jg24135	AT3G03070.1
OG0005847	jg24148	AT3G03170.1
OG0005848	jg24202	AT3G03570.1
OG0005849	jg24207	AT3G03600.1
OG0005850	jg24212	AT3G03650.1
OG0005851	jg5632	AT5G17990.1
OG0005852	jg24234	AT3G03810.1
OG0005853	jg24320	AT3G04470.1
OG0005854	jg24367	AT3G04790.1
OG0005855	jg24422	AT3G05230.1
OG0005856	jg24431	AT3G05320.1
OG0005857	jg24434	AT3G05330.1
OG0005858	jg24441	AT3G05380.2
OG0005859	jg24455	AT3G05500.1
OG0005860	jg24521	AT3G05937.1
OG0005861	jg24526	AT3G05970.1
OG0005862	jg24529	AT3G05990.1
OG0005863	jg24534	AT3G06020.1
OG0005864	jg24540	AT3G06080.2
OG0005865	jg24547	AT3G06150.1
OG0005866	jg24560	AT3G06290.1
OG0005867	jg24568	AT3G06330.1
OG0005868	jg24576	AT3G06410.1
OG0005869	jg24607	AT3G06610.1
OG0005870	jg24616	AT3G36659.1
OG0005871	jg24627	AT3G06778.1
OG0005872	jg24680	AT3G07270.1
OG0005873	jg24691	AT3G07370.1
OG0005874	jg24704	AT3G07490.1
OG0005875	jg24706	AT3G07510.3
OG0005876	jg24715	AT3G07580.1
OG0005877	jg24724	AT3G07660.1
OG0005878	jg24731	AT3G07730.1, AT4G01170.1
OG0005879	jg24734	AT3G07760.3
OG0005880	jg24736	AT3G07790.1
OG0005881	jg24737	AT3G07800.1
OG0005882	jg24738	AT3G07810.2
OG0005883	jg24780	AT3G08670.1
OG0005884	jg24785	AT3G08710.1
OG0005885	jg24788	AT3G08740.1
OG0005886	jg24816	AT3G08980.1
OG0005887	jg24818	AT3G09000.1
OG0005888	jg24820	AT3G09020.1
OG0005889	jg24822	AT3G09032.1
OG0005890	jg24826	AT3G09050.1
OG0005891	jg24831	AT3G09090.1
OG0005892	jg24837	AT3G09150.2
OG0005893	jg24846	AT3G09230.1
OG0005894	jg24857	AT3G09330.1, AT3G09340.1
OG0005895	jg24887	AT3G09600.1
OG0005896	jg24904	AT3G09770.1
OG0005897	jg24910	AT3G09830.1
OG0005898	jg24933	AT3G10020.1
OG0005899	jg24935	AT3G10040.1
OG0005900	jg24948	AT3G10120.1
OG0005901	jg24972	AT3G10380.1
OG0005902	jg4212	AT5G04630.1
OG0005902	jg24995	AT3G10560.1
OG0005903	jg25019	AT3G10760.1
OG0005904	jg25037	AT3G10915.7
OG0005905	jg25049	AT3G11000.2
OG0005906	jg25053	AT3G11040.3, AT3G61010.1
OG0005907	jg25075	AT3G11280.1
OG0005908	jg25077, jg25078	AT3G11310.1
OG0005908	jg25076	AT3G11290.1
OG0005909	jg25092	AT3G11410.1
OG0005910	jg25096	AT3G11450.1
OG0005911	jg25113	AT3G11620.1
OG0005912	jg25121	AT3G11690.1
OG0005913	jg25125	AT3G11720.3
OG0005914	jg25129	AT3G11750.1
OG0005915	jg25134	AT3G11800.1
OG0005916	jg7522	AT3G11825.1
OG0005917	jg25150	AT3G11980.1
OG0005918	jg25184	AT3G12270.1
OG0005919	jg25186	AT3G12290.1
OG0005920	jg25219	AT3G12640.2
OG0005921	jg25220	AT3G12650.1
OG0005922	jg25222	AT3G12670.1
OG0005923	jg25241	AT3G12870.1
OG0005924	jg25264	AT3G13000.2
OG0005925	jg25270	AT3G13040.1
OG0005926	jg25271	AT3G13050.1
OG0005927	jg25303	AT3G13230.1
OG0005928	jg25366	AT3G13730.1
OG0005929	jg25371	AT5G47780.1
OG0005930	jg25384	AT3G13840.1
OG0005931	jg25387	AT3G13850.1
OG0005932	jg25389	AT3G13870.1
OG0005933	jg25395	AT3G13910.2
OG0005934	jg25397	AT3G13930.1
OG0005935	jg25416	AT3G14080.1
OG0005936	jg25423	AT3G14160.1
OG0005937	jg25435	AT3G14230.1
OG0005938	jg25452	AT3G14395.1
OG0005939	jg25475	AT3G14595.1
OG0005940	jg25506	AT3G14890.1
OG0005941	jg25595	AT3G15500.1
OG0005942	jg25612	AT3G15660.1
OG0005943	jg25617	AT3G15720.1
OG0005944	jg25650	AT3G16060.1
OG0005945	jg25662	AT3G16170.1
OG0005946	jg25666	AT3G16200.1
OG0005947	jg25669	AT3G16220.1
OG0005948	jg25672	AT3G16250.1
OG0005949	jg25681	AT3G16300.1
OG0005950	jg25689	AT3G16380.1
OG0005951	jg25721	AT3G16570.1
OG0005952	jg25743	AT3G16730.1
OG0005953	jg25765	AT3G16870.1
OG0005954	jg25791	AT3G17100.1
OG0005955	jg25813	AT3G17205.1
OG0005956	jg25851	AT3G17465.1
OG0005957	jg25855	AT3G17520.1
OG0005958	jg25862	AT3G17609.2
OG0005959	jg25863	AT3G17611.1
OG0005960	jg25885	AT3G17720.1, AT3G17760.1
OG0005961	jg25915	AT3G17950.1
OG0005962	jg25936	AT3G18165.1
OG0005963	jg25941	AT3G18210.1
OG0005964	jg25943	AT3G18215.1
OG0005965	jg25974	AT3G18430.1
OG0005966	jg25989	AT3G18580.1
OG0005967	jg26017	AT3G18830.1
OG0005968	jg26021	AT3G18850.1
OG0005969	jg26051	AT3G19150.1
OG0005970	jg26064	AT3G19270.2
OG0005971	jg26073	AT3G19360.1
OG0005972	jg26087	AT3G19460.3
OG0005973	jg26151	AT3G20020.3
OG0005974	jg26156	AT3G20070.1
OG0005975	jg26165	AT3G20155.1
OG0005976	jg26176	AT3G20240.1
OG0005977	jg26186	AT3G20310.1
OG0005978	jg26212	AT3G20550.1
OG0005979	jg26219	AT3G20600.1
OG0005980	jg26251	AT3G20820.1
OG0005981	jg26261	AT3G20910.1
OG0005982	jg26301	AT3G21200.1
OG0005983	jg26311, jg26308	AT3G21250.4
OG0005984	jg26332	AT3G21400.1
OG0005985	jg26336	AT3G21420.1
OG0005986	jg26339	AT3G21460.1
OG0005987	jg26342	AT3G21480.1
OG0005988	jg26345	AT3G21490.1
OG0005989	jg26352	AT3G21560.1
OG0005990	jg26358	AT3G21610.1
OG0005991	jg26451	AT3G22250.1
OG0005992	jg26456	AT3G22300.1
OG0005993	jg26465	AT3G22370.1
OG0005994	jg26467	AT3G22400.1
OG0005995	jg26479	AT3G22480.1
OG0005996	jg26488	AT3G22560.1
OG0005997	jg26511	AT3G22750.1
OG0005998	jg26529	AT3G22930.1
OG0005999	jg26534	AT3G22960.1
OG0006000	jg26538	AT3G23000.1
OG0006001	jg26547	AT3G23050.1
OG0006002	jg26551	AT3G23090.3
OG0006003	jg26572	AT3G23230.1
OG0006004	jg8400, jg26583	AT4G39300.1
OG0006005	jg26591	AT3G23380.1
OG0006006	jg26646	AT3G23805.1
OG0006007	jg26654	AT3G23840.1
OG0006008	jg26663	AT3G23900.1
OG0006009	jg26677	AT3G24170.1
OG0006010	jg26679	AT3G24150.1
OG0006011	jg26683	AT3G24120.2
OG0006012	jg26684	AT3G24110.1
OG0006013	jg26717	AT3G23980.1
OG0006014	jg26724	AT3G23940.1
OG0006015	jg26748	AT3G24420.1
OG0006017	jg26779	AT3G24570.1
OG0006018	jg26852	AT3G25140.1
OG0006019	jg26912	AT2G04100.1
OG0006019	jg26911	AT2G04090.1
OG0006020	jg26997	AT2G04790.10
OG0006022	jg27410	AT2G13790.1
OG0006023	jg27426, jg6455	AT5G25760.1
OG0006024	jg27552	AT2G15240.1
OG0006025	jg27570	AT2G15440.1
OG0006026	jg27587	AT2G15620.1
OG0006027	jg27653, jg27656, jg27654, jg27658	AT2G16190.1
OG0006028	jg27819, jg27826	AT2G17090.1
OG0006029	jg27893	AT2G17620.1
OG0006030	jg27905	AT2G17710.1
OG0006031	jg27912	AT2G17760.1
OG0006032	jg27919	AT5G42460.1, AT2G17830.1
OG0006033	jg27920	AT2G17840.1
OG0006034	jg27949	AT2G18040.1
OG0006035	jg27961	AT2G18130.1, AT3G46120.1
OG0006036	jg27962	AT2G18150.1
OG0006037	jg28002	AT2G18390.1
OG0006038	jg28011	AT2G18500.1
OG0006039	jg28013, jg5177	AT5G13670.1
OG0006040	jg28028	AT2G18590.1
OG0006041	jg28069	AT2G18915.2
OG0006042	jg28084	AT2G19000.1
OG0006043	jg28086	AT2G19045.1, AT2G19030.1
OG0006044	jg28090	AT2G19070.1
OG0006045	jg28091	AT2G19080.1
OG0006046	jg28124	AT2G19390.1
OG0006047	jg28129	AT2G19450.1
OG0006048	jg28173	AT2G19780.1
OG0006049	jg28175	AT2G19800.1
OG0006050	jg28194	AT2G19940.2
OG0006051	jg16726, jg28205	AT2G22870.1
OG0006052	jg16727, jg28206	AT2G22880.1
OG0006053	jg10258	AT4G22720.1
OG0006054	jg28259	AT2G20420.1
OG0006055	jg28280	AT2G20585.6
OG0006056	jg28295	AT2G20720.1
OG0006057	jg16499, jg16496	AT2G20930.1
OG0006058	jg16508	AT2G21050.1
OG0006059	jg16515	AT2G21120.1
OG0006060	jg16574	AT2G21560.1
OG0006061	jg16578, jg16577	AT2G21610.2
OG0006062	jg16593	AT2G21780.1
OG0006063	jg16626	AT2G22000.1
OG0006064	jg16647	AT2G22170.1
OG0006065	jg16649	AT2G22180.1
OG0006066	jg16673	AT2G22470.1
OG0006067	jg16676	AT2G22490.2
OG0006068	jg16681	AT2G22540.1
OG0006069	jg16687	AT2G22600.1
OG0006070	jg16698	AT2G22720.2
OG0006071	jg16762	AT2G23140.1
OG0006072	jg16766	AT2G23180.1
OG0006073	jg16796	AT2G23360.1
OG0006074	jg16804	AT2G23440.1
OG0006075	jg16832	AT2G23690.1
OG0006076	jg16844	AT2G23810.1
OG0006077	jg16871	AT2G24070.1
OG0006078	jg16879	AT2G24120.1
OG0006079	jg16174	AT3G61220.3
OG0006079	jg16890	AT2G24190.2
OG0006080	jg16926	AT2G24430.1
OG0006081	jg16949	AT2G24550.1
OG0006082	jg16965	AT2G24640.1
OG0006083	jg17022	AT2G24850.1
OG0006084	jg17036, jg17037	AT3G31900.1, AT3G32280.1, AT3G32330.1
OG0006085	jg17122, jg21555	AT1G54475.1
OG0006086	jg17172	AT2G25735.1
OG0006087	jg17177	AT2G25740.1
OG0006088	jg5976	AT5G21105.1
OG0006089	jg17228	AT2G25930.1
OG0006090	jg17465	AT2G26730.1
OG0006091	jg17547	AT2G26960.1
OG0006092	jg17597	AT2G27170.1
OG0006093	jg17635	AT2G27310.1
OG0006094	jg17647	AT2G27389.1
OG0006095	jg17658	AT2G27460.1
OG0006096	jg14273, jg17675	AT3G45100.1
OG0006097	jg17703	AT2G27730.1
OG0006098	jg17726	AT2G27900.1
OG0006099	jg4494	AT5G06740.2
OG0006100	jg17759	AT2G28085.1
OG0006101	jg17770	AT2G28180.1
OG0006102	jg17801	AT2G28380.1
OG0006103	jg17804	AT2G28410.1
OG0006104	jg17808	AT2G28440.1
OG0006106	jg17825	AT2G28540.2
OG0006107	jg17832	AT2G28610.1
OG0006108	jg17850	AT2G28710.1
OG0006109	jg17858	AT2G28790.2
OG0006110	jg17872	AT2G28930.1
OG0006111	jg17874	AT2G28950.1
OG0006112	jg17899	AT2G29040.1
OG0006113	jg17904	AT2G29080.1
OG0006114	jg17946	AT2G29400.1
OG0006115	jg17988	AT2G29670.1
OG0006116	jg17996	AT2G29740.1
OG0006116	jg17997	AT2G29750.1
OG0006117	jg18037	AT2G30020.1
OG0006118	jg18038	AT2G30040.1
OG0006119	jg18043	AT2G30090.1
OG0006120	jg18053	AT2G30130.1
OG0006121	jg18075	AT2G30340.2
OG0006122	jg18076	AT2G30350.2
OG0006123	jg18081	AT2G30395.1
OG0006124	jg18084	AT2G30410.1
OG0006125	jg18095	AT2G30540.1
OG0006126	jg18098	AT2G30570.1
OG0006127	jg18100	AT2G30580.1
OG0006128	jg18132	AT2G30820.1
OG0006129	jg18149	AT2G30970.1
OG0006130	jg18199	AT2G31380.1
OG0006131	jg18201	AT2G31400.1
OG0006132	jg18280	AT2G32070.1
OG0006133	jg18294	AT2G32235.1
OG0006134	jg18296	AT2G32260.1
OG0006135	jg18301	AT2G32300.2
OG0006136	jg18305	AT2G32360.1
OG0006137	jg18310	AT2G32390.5
OG0006138	jg18322	AT2G32520.2
OG0006139	jg18380	AT2G32970.2
OG0006140	jg20943, jg18405	AT2G33200.1
OG0006142	jg18421, jg18419	AT2G33255.1
OG0006143	jg18429	AT2G33310.2
OG0006144	jg18433	AT2G33350.5
OG0006145	jg18449	AT2G33510.2
OG0006146	jg18470	AT2G33710.2
OG0006147	jg18489	AT2G33830.2
OG0006148	jg18492	AT2G33845.1
OG0006149	jg18530	AT2G34310.1
OG0006150	jg18541	AT2G34390.1, AT2G29870.1
OG0006151	jg18542	AT2G34400.1
OG0006152	jg18557	AT2G34555.1
OG0006153	jg18566	AT2G34630.2
OG0006154	jg18597	AT2G34810.1
OG0006155	jg18609	AT2G34920.2
OG0006156	jg18623	AT2G35050.1
OG0006157	jg18642	AT2G35215.1
OG0006158	jg18643	AT2G35230.1
OG0006159	jg18648	AT2G35260.1
OG0006160	jg18671	AT2G35470.1
OG0006161	jg18708	AT2G35760.1
OG0006162	jg18709	AT2G35765.1
OG0006163	jg18721	AT2G35880.1
OG0006164	jg18723	AT2G35900.1
OG0006165	jg18737	AT2G36050.1
OG0006166	jg18750	AT2G36190.1
OG0006167	jg18765	AT2G36320.1
OG0006168	jg18829	AT2G36890.2
OG0006169	jg18837	AT2G36950.1
OG0006170	jg18868	AT2G37200.2
OG0006171	jg18899	AT2G37440.1
OG0006172	jg18911	AT2G37540.1
OG0006173	jg18919	AT2G37610.1
OG0006174	jg18937	AT2G37740.1
OG0006175	jg18938	AT2G37750.1
OG0006176	jg18952	AT2G37880.1
OG0006177	jg18993	AT2G38240.1
OG0006178	jg18994	AT2G38250.1
OG0006179	jg19004, jg18997	AT2G38280.1
OG0006180	jg19040	AT2G38560.1
OG0006181	jg19044	AT2G38600.1
OG0006182	jg19052	AT2G38690.1
OG0006183	jg19064	AT2G38800.1
OG0006184	jg19066	AT2G38820.2
OG0006185	jg19068	AT2G38840.1
OG0006186	jg19095	AT2G39110.1
OG0006187	jg19115	AT2G39370.1
OG0006188	jg19170	AT2G39490.1
OG0006189	jg19198	AT2G39760.1
OG0006190	jg19230	AT2G39980.1
OG0006191	jg19242, jg19240	AT2G40060.1
OG0006192	jg19246, jg9203	AT2G40090.1
OG0006193	jg19257	AT2G40130.2
OG0006194	jg19276	AT2G40260.1
OG0006195	jg12838, jg19296	AT5G41900.1
OG0006196	jg19310	AT2G40470.1
OG0006197	jg19343	AT2G40760.1
OG0006198	jg19352	AT2G40820.4
OG0006199	jg19389	AT2G41130.1
OG0006200	jg19394	AT2G41180.1
OG0006201	jg19397	AT2G41210.1
OG0006202	jg19415, jg19417	AT2G41350.2
OG0006203	jg19426	AT2G41415.1
OG0006204	jg19432	AT2G41473.1
OG0006205	jg19493	AT2G41960.1
OG0006206	jg19519	AT2G42190.1
OG0006207	jg19522	AT2G42200.1
OG0006208	jg19547	AT2G42430.1
OG0006209	jg19565	AT2G42490.1
OG0006210	jg19605	AT2G42840.1
OG0006211	jg19610	AT2G42880.1
OG0006212	jg19626	AT2G43020.1
OG0006213	jg19633	AT2G43090.1
OG0006214	jg19638	AT2G43130.1
OG0006215	jg19667	AT2G43370.1
OG0006216	jg19686	AT2G43500.2
OG0006217	jg19688	AT2G43520.1
OG0006218	jg19726	AT2G43790.1
OG0006219	jg19743	AT2G43950.1
OG0006220	jg19750	AT2G44040.1
OG0006221	jg19760	AT2G44130.1
OG0006222	jg19784	AT2G44340.1
OG0006223	jg19846	AT2G44840.1
OG0006224	jg19932	AT2G45400.1
OG0006225	jg19935	AT2G45430.1
OG0006226	jg19962	AT2G45680.1
OG0006227	jg13401	AT3G27000.1
OG0006228	jg19977	AT2G45800.1
OG0006229	jg19980	AT2G45830.1
OG0006230	jg19989	AT2G45910.1
OG0006231	jg19997	AT2G45980.1
OG0006232	jg20001	AT2G46030.3
OG0006233	jg20004	AT2G46060.1
OG0006234	jg20009	AT2G46090.1
OG0006235	jg20032	AT2G46300.1
OG0006236	jg20040	AT2G46400.1
OG0006237	jg20053	AT2G46493.1
OG0006237	jg20054	AT1G28040.1
OG0006238	jg20100	AT2G46940.1
OG0006239	jg20130	AT2G47210.1
OG0006240	jg20138	AT2G47260.1
OG0006241	jg20154	AT2G47420.1
OG0006242	jg20200	AT2G47850.1
OG0006243	jg20208	AT2G47930.1
OG0006244	jg20218	AT2G48030.1
OG0006245	jg12933	AT2G01450.1
OG0006246	jg12937	AT2G01480.1
OG0006248	jg12962	AT2G01610.1
OG0006249	jg12970	AT2G01690.2
OG0006250	jg12996	AT2G01913.1
OG0006251	jg13018	AT2G02040.1
OG0006252	jg13066	AT2G02640.1, AT2G02610.1
OG0006252	jg13067	AT2G02700.1
OG0006253	jg13083	AT2G02860.1
OG0006254	jg13085	AT2G02870.1
OG0006255	jg13101	AT2G02990.1
OG0006256	jg13103	AT2G03060.2
OG0006257	jg13135	AT2G03340.1
OG0006258	jg13152	AT2G03510.1
OG0006259	jg13235	AT3G25730.1
OG0006260	jg13242	AT3G25790.1
OG0006261	jg13271	AT3G25930.1
OG0006262	jg13274	AT3G25970.1
OG0006263	jg13276	AT3G25990.1
OG0006264	jg13344	AT3G26560.1
OG0006265	jg12298	AT5G38030.1
OG0006265	jg13347	AT3G26590.1
OG0006266	jg13360	AT3G26710.1
OG0006267	jg13412	AT3G27090.1
OG0006268	jg13417	AT3G27160.2
OG0006269	jg13426	AT3G27210.1
OG0006270	jg13452	AT3G27250.1
OG0006271	jg13453	AT3G27260.3
OG0006272	jg13469	AT3G27350.2
OG0006273	jg13511	AT3G27550.2
OG0006274	jg13566	AT3G28050.1
OG0006275	jg13580	AT3G28200.1
OG0006276	jg13603, jg13607	AT3G28370.5
OG0006277	jg13613	AT3G28430.1
OG0006278	jg13655	AT3G28740.1
OG0006279	jg13698	AT3G28960.1
OG0006280	jg13714	AT3G29070.1
OG0006281	jg13733	AT3G29160.1
OG0006282	jg13744	AT3G29240.1
OG0006283	jg13767	AT3G29320.1
OG0006284	jg13830	AT3G29780.1
OG0006285	jg13851	AT3G30210.1
OG0006286	jg13867	AT3G30380.1
OG0006287	jg15845	AT3G58240.1
OG0006288	jg14148	AT3G44330.1
OG0006289	jg14254	AT3G45020.1
OG0006290	jg14508	AT3G47120.1
OG0006291	jg14569	AT3G47650.1
OG0006292	jg14596	AT3G47940.1
OG0006293	jg14597	AT3G47950.1
OG0006293	jg23221	AT5G62670.1
OG0006294	jg14600	AT3G47990.1
OG0006295	jg14700	AT3G48750.1
OG0006296	jg14712	AT3G48880.1
OG0006297	jg14713	AT3G48890.1
OG0006298	jg14750	AT3G49142.1
OG0006299	jg14766	AT3G49250.1
OG0006300	jg14805	AT3G49530.1
OG0006301	jg14808	AT3G49550.1
OG0006302	jg14816	AT3G49601.1
OG0006303	jg14853	AT3G49930.1
OG0006304	jg14854	AT3G49940.1
OG0006305	jg14936	AT3G50670.1
OG0006306	jg14943	AT3G50740.1
OG0006307	jg14967	AT3G50900.1
OG0006308	jg14968	AT3G50910.1
OG0006309	jg14989	AT3G51060.1
OG0006310	jg14998	AT3G51130.1
OG0006311	jg15033	AT3G51470.1
OG0006312	jg15068, jg15061, jg15056	AT3G51720.1
OG0006313	jg15074	AT3G51750.1
OG0006314	jg15097	AT3G51930.1
OG0006315	jg15099	AT3G51950.1
OG0006316	jg15134	AT3G52260.3
OG0006317	jg15146	AT3G52360.1
OG0006318	jg15149	AT3G52380.1
OG0006319	jg15197	AT3G52740.1
OG0006320	jg15216	AT3G52910.1
OG0006321	jg15249	AT3G53180.1
OG0006322	jg15250	AT3G53190.1
OG0006323	jg15253	AT3G53220.1
OG0006324	jg15257	AT3G53250.2
OG0006325	jg15281	AT3G53490.1
OG0006326	jg15302	AT3G53670.1
OG0006327	jg15325	AT3G53900.2
OG0006328	jg15351	AT3G54130.1
OG0006329	jg15419	AT3G54826.1
OG0006330	jg15426	AT3G54890.1
OG0006331	jg15441	AT3G55030.1
OG0006332	jg15453	AT3G55150.1
OG0006334	jg15480	AT3G55410.1
OG0006335	jg15483	AT3G55440.1
OG0006336	jg15485	AT3G55470.1
OG0006337	jg15513	AT3G55620.1
OG0006338	jg15544, jg15551	AT3G55890.1
OG0006339	jg15564	AT3G55960.1
OG0006340	jg15588	AT3G56190.1
OG0006341	jg15595	AT3G56250.3
OG0006342	jg15613	AT3G56420.1
OG0006343	jg15620	AT3G56480.1
OG0006344	jg15621	AT3G56490.1
OG0006345	jg15669	AT3G57130.1
OG0006346	jg15688	AT3G56960.1
OG0006347	jg15762	AT3G57510.1
OG0006348	jg15772	AT3G57600.1
OG0006349	jg15784	AT3G57660.1
OG0006350	jg15812	AT3G57930.1
OG0006351	jg15814	AT3G57950.1
OG0006352	jg15818	AT3G57990.1
OG0006353	jg15836	AT3G58160.1
OG0006354	jg15839	AT3G58190.1
OG0006355	jg15881	AT3G58550.1
OG0006356	jg15890	AT3G58630.1
OG0006357	jg15894	AT3G58670.1
OG0006358	jg15900	AT3G58730.1
OG0006359	jg15903	AT3G58760.3
OG0006360	jg15914	AT3G58850.1
OG0006361	jg15960	AT3G59210.1
OG0006361	jg15964	AT3G59230.1
OG0006362	jg15968	AT3G59260.1
OG0006363	jg16000	AT3G59530.1
OG0006364	jg16015	AT3G59670.1
OG0006365	jg16067	AT3G60110.1
OG0006366	jg16075	AT3G60200.1
OG0006368	jg16155	AT3G61070.1
OG0006369	jg16177	AT3G61250.1
OG0006370	jg16181	AT3G61300.1
OG0006371	jg16183	AT3G61320.3
OG0006372	jg16202	AT3G61460.1
OG0006373	jg16203	AT3G61470.1
OG0006374	jg16217	AT3G61610.1
OG0006375	jg16219	AT3G61630.1
OG0006376	jg16231	AT3G61690.1
OG0006377	jg16252	AT3G61880.2
OG0006378	jg16255	AT3G61920.1
OG0006379	jg16278	AT3G62080.2
OG0006380	jg16281	AT3G62110.1
OG0006381	jg16289	AT3G62180.2
OG0006382	jg16312	AT3G62410.1
OG0006383	jg16329	AT3G62630.1
OG0006384	jg16334	AT3G62670.1
OG0006385	jg16360	AT3G62910.1
OG0006386	jg16363	AT3G62940.2
OG0006387	jg16388	AT3G63170.1
OG0006388	jg16392, jg16408, jg16399, jg16400	AT3G63200.1
OG0006389	jg16442	AT3G63460.1
OG0006390	jg16448	AT3G63520.1
OG0006391	jg22241, jg3835	AT5G01800.1
OG0006392	jg3906	AT5G01220.1
OG0006393	jg3923	AT5G01090.1
OG0006394	jg3935	AT5G02050.1
OG0006395	jg3953	AT5G02220.1
OG0006396	jg3976	AT5G02420.1
OG0006397	jg3981	AT5G02460.1
OG0006398	jg3983	AT5G02480.1
OG0006399	jg3989	AT5G02530.1
OG0006400	jg4007	AT5G02750.1
OG0006401	jg4014	AT5G02810.1
OG0006402	jg4039	AT5G03050.1
OG0006403	jg4048	AT5G03180.2
OG0006404	jg4077	AT5G03390.1
OG0006405	jg4096	AT5G03540.3
OG0006406	jg4105	AT5G03610.1
OG0006407	jg4116	AT5G03730.1
OG0006408	jg4128	AT2G44510.1
OG0006409	jg4135	AT5G03900.2
OG0006410	jg4152, jg4151	AT5G04045.1
OG0006411	jg4159	AT5G04120.1
OG0006412	jg4180	AT5G04310.1
OG0006413	jg4190	AT5G04410.1
OG0006414	jg4209	AT5G04600.1
OG0006415	jg4240, jg4363, jg4301, jg4392	AT5G05460.1
OG0006416	jg4299	AT5G05440.1
OG0006417	jg4331	AT5G05730.2
OG0006418	jg4394	AT5G06270.1
OG0006419	jg4412	AT5G06360.1
OG0006420	jg4454, jg4437	AT5G06570.3
OG0006421	jg4497	AT5G06760.1
OG0006422	jg4525	AT5G06990.1
OG0006423	jg4543	AT5G07160.1
OG0006424	jg4556	AT5G07240.2
OG0006425	jg4584	AT5G07430.1
OG0006426	jg4612	AT5G07690.1
OG0006427	jg4631	AT5G07910.1
OG0006428	jg4640	AT5G08005.1
OG0006429	jg4664	AT5G08170.1
OG0006430	jg4702	AT5G08490.1
OG0006431	jg4708	AT5G08530.1
OG0006432	jg4771	AT5G09550.1
OG0006433	jg4796	AT5G09805.1
OG0006434	jg4818	AT5G09960.1
OG0006435	jg4833	AT5G10090.1
OG0006436	jg4868	AT5G10370.1, AT4G01020.1
OG0006437	jg4878	AT5G10490.1
OG0006438	jg4897	AT5G10660.2
OG0006439	jg4909	AT5G10780.2
OG0006440	jg4911	AT5G10800.1
OG0006440	jg6376	AT5G25060.1
OG0006441	jg4937	AT5G11070.1
OG0006442	jg4954	AT5G11260.2
OG0006443	jg4982	AT5G11500.1
OG0006444	jg4994	AT5G11630.1
OG0006445	jg5002	AT5G11700.2
OG0006446	jg5016	AT5G11810.1
OG0006447	jg5039	AT5G11990.1
OG0006448	jg5073	AT5G12310.1
OG0006449	jg5080	AT5G12390.1
OG0006450	jg5091	AT5G12470.1
OG0006451	jg5120	AT5G13060.1
OG0006452	jg5152	AT5G13390.2
OG0006453	jg5164	AT5G13510.1
OG0006454	jg5182	AT5G13720.1
OG0006455	jg5185	AT5G13750.1
OG0006456	jg5186	AT5G13760.1
OG0006457	jg5201	AT5G13900.1
OG0006458	jg5214	AT5G14000.3
OG0006459	jg5216	AT5G14020.1
OG0006460	jg5221	AT5G14070.1
OG0006461	jg5223	AT5G14090.1
OG0006462	jg5225	AT5G14105.1
OG0006463	jg5252	AT5G14340.1
OG0006464	jg5256	AT5G14370.1
OG0006465	jg5258	AT5G14390.1
OG0006466	jg5279	AT5G14580.1
OG0006467	jg5302	AT5G14780.1
OG0006468	jg5303	AT5G14790.1
OG0006469	jg5304	AT5G14800.1
OG0006470	jg5312	AT5G14910.1
OG0006471	jg5316	AT5G14940.1
OG0006472	jg5317	AT5G14950.1
OG0006473	jg5324	AT5G15000.1
OG0006473	jg5322	AT5G14995.1
OG0006474	jg5326	AT5G15020.1
OG0006475	jg5340	AT5G15150.1
OG0006476	jg5349	AT5G15230.1
OG0006477	jg5352	AT5G15260.1
OG0006478	jg5362	AT5G15350.1
OG0006479	jg5368	AT5G15430.1
OG0006480	jg5383	AT5G15580.1
OG0006481	jg5400	AT5G15770.1
OG0006482	jg5403	AT5G15800.2
OG0006483	jg5406	AT5G15810.1
OG0006484	jg5426	AT5G16010.1
OG0006485	jg5428	AT5G16030.3
OG0006486	jg5437	AT5G16120.4
OG0006487	jg5446	AT5G16220.1
OG0006488	jg5454	AT5G16310.1
OG0006489	jg5456	AT5G16330.1
OG0006490	jg5503	AT5G16730.1
OG0006491	jg5509	AT5G16800.3
OG0006492	jg5568	AT5G17350.1
OG0006493	jg5576	AT5G17430.1
OG0006494	jg5578	AT5G17450.1
OG0006495	jg5589	AT5G17560.1
OG0006496	jg5603	AT5G17690.3
OG0006497	jg5612	AT5G17750.1
OG0006497	jg5611	AT5G17740.1
OG0006498	jg5613	AT5G17760.1
OG0006499	jg5618	AT5G17810.1
OG0006500	jg5619	AT5G17820.2
OG0006501	jg5691	AT5G18470.1
OG0006502	jg5704	AT5G18580.1
OG0006503	jg5708	AT5G18610.1
OG0006504	jg5736	AT5G18830.3
OG0006505	jg5765	AT5G19120.1
OG0006506	jg5767	AT5G19140.1
OG0006507	jg5780	AT5G19190.1
OG0006508	jg5798	AT5G19390.1
OG0006509	jg5799	AT5G19400.1
OG0006510	jg5806	AT5G19470.2
OG0006510	jg5805	AT5G19460.1
OG0006511	jg5831	AT5G19690.1
OG0006512	jg5848	AT5G19860.1
OG0006513	jg5874	AT5G20100.1
OG0006514	jg5879	AT5G20150.1
OG0006515	jg5890	AT5G20250.4
OG0006516	jg5896	AT5G20310.1
OG0006517	jg5939	AT5G20740.2
OG0006518	jg5955	AT5G20900.1
OG0006519	jg5963	AT5G20960.1
OG0006520	jg6016	AT5G22140.1
OG0006522	jg6039	AT5G22310.1
OG0006523	jg6055	AT5G22450.1
OG0006524	jg6085	AT5G22630.1
OG0006525	jg6097	AT5G22760.1
OG0006526	jg6129	AT5G22940.2
OG0006527	jg6146	AT5G23080.1
OG0006528	jg6148	AT5G23100.1
OG0006529	jg6211	AT5G23630.1
OG0006530	jg6248	AT5G23990.2
OG0006531	jg6263	AT5G24110.1
OG0006532	jg6278	AT5G24270.1
OG0006533	jg6311	AT5G24470.1
OG0006534	jg6328	AT5G24610.1
OG0006535	jg6351	AT5G24810.2
OG0006536	jg6379	AT5G25090.1
OG0006537	jg6412	AT5G25350.1
OG0006538	jg6434	AT5G25490.1
OG0006539	jg6522	AT5G26180.1
OG0006540	jg6534	AT5G26230.1
OG0006541	jg6545	AT5G26742.2
OG0006542	jg6554	AT5G26690.1
OG0006543	jg6557	AT5G26670.1
OG0006544	jg6587, jg6586	AT5G26920.1
OG0006545	jg6613	AT5G27820.1
OG0006546	jg6621	AT5G27740.1
OG0006547	jg6642	AT5G27620.2
OG0006548	jg6647	AT5G27550.1
OG0006549	jg6717	AT5G27990.1
OG0006550	jg6760	AT5G28150.1
OG0006552	jg7087, jg7154	AT4G08455.1
OG0006553	jg7265, jg22675	AT5G57720.1
OG0006554	jg7277	AT4G09650.1
OG0006555	jg7302	AT4G09830.1
OG0006557	jg7381	AT4G10350.1
OG0006558	jg7490	AT4G11240.1
OG0006559	jg7558	AT4G11660.1
OG0006560	jg7581	AT4G11820.2
OG0006561	jg7583	AT4G11830.2, AT4G11840.1
OG0006561	jg7582	AT4G11850.1
OG0006562	jg7587	AT4G11890.3
OG0006563	jg7602	AT4G12010.1
OG0006564	jg7603	AT4G12020.2
OG0006565	jg7644	AT4G12410.1
OG0006566	jg7661	AT4G12580.1
OG0006567	jg7669	AT4G12620.1
OG0006567	jg11289	AT4G14700.1
OG0006568	jg7687	AT4G04190.1
OG0006569	jg7689	AT4G04210.1
OG0006570	jg7698	AT4G04450.1
OG0006571	jg7701	AT4G04480.1
OG0006572	jg7718	AT4G04640.1
OG0006573	jg7731	AT4G04770.1
OG0006574	jg10443	AT4G21220.1
OG0006574	jg7785	AT4G05210.1
OG0006575	jg7805	AT4G05410.1
OG0006576	jg7838	AT4G03520.1
OG0006577	jg7895, jg22258	AT5G54540.1
OG0006578	jg7897	AT4G02980.1
OG0006579	jg7910	AT4G03120.1
OG0006580	jg7920	AT4G03240.1
OG0006581	jg7922	AT4G03260.1
OG0006582	jg8043	AT4G01950.2
OG0006583	jg8081	AT4G01575.1
OG0006584	jg8089	AT4G01500.1
OG0006585	jg8094	AT4G01440.1
OG0006586	jg8100, jg8162	AT4G00780.1
OG0006587	jg8113	AT4G01210.1
OG0006588	jg8120	AT4G01110.1
OG0006589	jg8159	AT4G00830.1
OG0006590	jg8165	AT4G00755.1
OG0006591	jg8169	AT4G00730.1
OG0006592	jg8174, jg10656	AT4G19200.1
OG0006593	jg8190	AT4G00530.1
OG0006595	jg8378	AT4G39090.1
OG0006596	jg8395	AT4G39240.1
OG0006597	jg8419	AT4G39520.1
OG0006598	jg8468	AT4G39720.2
OG0006599	jg8514	AT4G40070.1
OG0006600	jg8542	AT4G37910.1
OG0006601	jg8548	AT4G37880.1
OG0006602	jg8551	AT4G37830.3
OG0006603	jg8567	AT4G37680.3, AT4G38320.1
OG0006604	jg8609	AT4G37260.1
OG0006605	jg8617	AT4G36930.1
OG0006606	jg8624	AT4G36990.1
OG0006607	jg8638	AT4G37130.1
OG0006608	jg8643	AT4G37180.2
OG0006609	jg8661	AT4G36760.2
OG0006610	jg8664	AT4G36730.1
OG0006611	jg8681	AT4G36570.1
OG0006612	jg8722	AT4G36110.1
OG0006613	jg8732	AT4G36020.1
OG0006614	jg8739	AT4G35940.1
OG0006615	jg8741	AT4G35920.1
OG0006616	jg8763	AT4G35760.2
OG0006617	jg8765	AT4G35740.1
OG0006618	jg8771	AT4G35720.1
OG0006619	jg8797	AT4G35500.2
OG0006620	jg8799	AT4G35480.1
OG0006621	jg8819	AT4G35280.1
OG0006622	jg8827	AT4G35230.1
OG0006623	jg8845	AT4G35110.3
OG0006624	jg8859	AT4G34970.1
OG0006625	jg8867	AT4G34860.1
OG0006626	jg8868	AT4G34850.1
OG0006627	jg8873	AT4G34790.1
OG0006628	jg8880	AT4G34710.1
OG0006629	jg8949	AT4G34160.1
OG0006630	jg8955	AT4G34120.1
OG0006631	jg8961	AT4G34050.3
OG0006632	jg8963	AT4G34030.1
OG0006633	jg8975	AT4G33920.1
OG0006635	jg8992	AT4G33780.1
OG0006636	jg9005	AT4G33670.1
OG0006637	jg9036	AT4G33467.1
OG0006638	jg9051	AT4G33300.1
OG0006639	jg9059	AT4G33250.1
OG0006640	jg9062	AT4G33220.1
OG0006641	jg9072	AT4G33100.1
OG0006642	jg9121	AT4G32680.1
OG0006643	jg9137	AT4G32540.2
OG0006644	jg9165	AT4G32290.1
OG0006645	jg9167	AT4G32280.1
OG0006646	jg9180	AT4G32180.1
OG0006647	jg9199	AT4G31990.3
OG0006648	jg9204	AT4G31940.1
OG0006648	jg9202	AT4G31950.1, AT4G31970.1
OG0006649	jg9221	AT4G31800.1
OG0006650	jg9237	AT4G31630.1
OG0006651	jg9245	AT4G31570.1
OG0006652	jg9270	AT4G31330.1
OG0006653	jg9279	AT4G31210.1
OG0006654	jg9283	AT4G31160.1
OG0006655	jg9287	AT4G31120.1
OG0006656	jg9304	AT4G30950.1
OG0006657	jg9412	AT4G30050.1
OG0006658	jg9333	AT4G30770.1
OG0006659	jg9350	AT4G30600.1
OG0006660	jg9366	AT4G30460.1
OG0006661	jg9370	AT4G30420.2
OG0006662	jg9384	AT4G30270.1
OG0006663	jg9389	AT4G30220.2
OG0006664	jg9391	AT4G30200.2
OG0006665	jg9393	AT4G30180.1
OG0006666	jg9394	AT4G30170.1
OG0006667	jg9397	AT4G30140.1
OG0006668	jg9404	AT4G30080.1
OG0006669	jg9426	AT4G29930.3
OG0006671	jg9461	AT4G29670.2
OG0006672	jg9512	AT4G29230.1
OG0006673	jg9514	AT4G29210.1
OG0006674	jg9546	AT4G28840.1
OG0006675	jg9549	AT4G28820.3
OG0006676	jg9558	AT4G28720.1
OG0006677	jg9562	AT4G28700.1
OG0006678	jg9597	AT4G28395.1
OG0006679	jg9603	AT4G28330.1
OG0006680	jg9607	AT4G28290.1
OG0006681	jg9629	AT4G28080.1
OG0006682	jg9632	AT4G28050.1
OG0006683	jg9679	AT4G27652.1
OG0006684	jg9691	AT4G27580.1
OG0006685	jg9772	AT4G26780.1
OG0006686	jg9791	AT4G26590.1
OG0006687	jg9806	AT4G26470.3
OG0006688	jg9811	AT4G26440.1
OG0006689	jg9815	AT4G26410.1
OG0006690	jg9864	AT4G25950.1
OG0006691	jg9872	AT4G25880.4
OG0006692	jg9937	AT4G25315.1
OG0006693	jg9977	AT4G24970.1
OG0006694	jg10016	AT4G24620.1
OG0006695	jg10021	AT4G24560.1
OG0006696	jg10022	AT4G24550.2
OG0006697	jg10039	AT4G24380.3
OG0006698	jg10045	AT4G24330.1
OG0006699	jg10047, jg10049	AT4G24310.1
OG0006700	jg10056	AT4G24250.1
OG0006701	jg10057	AT4G24240.1
OG0006702	jg10058	AT4G24230.6
OG0006703	jg10059	AT4G24220.1
OG0006704	jg10061	AT4G24204.3
OG0006705	jg10064	AT4G24180.3
OG0006706	jg10068	AT4G24150.1
OG0006707	jg10071	AT4G24120.1
OG0006708	jg10103	AT4G23870.1
OG0006709	jg10107	AT4G23820.1
OG0006710	jg10109	AT4G23810.1
OG0006711	jg10124	AT4G23710.1
OG0006712	jg10127	AT4G23680.1
OG0006713	jg10129	AT4G23660.3
OG0006714	jg10130	AT4G23650.1
OG0006715	jg10155	AT4G23470.1
OG0006717	jg10232	AT4G22930.1
OG0006718	jg10248	AT4G22790.1
OG0006719	jg10261	AT4G22680.1
OG0006720	jg10262	AT4G22670.1
OG0006721	jg10270	AT4G22620.1
OG0006722	jg10306	AT4G22270.1
OG0006723	jg10308	AT4G22250.1
OG0006724	jg10332	AT4G22090.1, AT4G22080.1
OG0006725	jg10385	AT4G21740.1
OG0006726	jg10421	AT4G21440.1
OG0006727	jg10422	AT4G21430.1
OG0006728	jg10444	AT4G21215.2
OG0006729	jg10448	AT4G21192.1
OG0006730	jg10459	AT4G21105.1
OG0006731	jg10486	AT4G20880.1
OG0006732	jg10502	AT4G20460.1
OG0006733	jg10564	AT4G20030.1
OG0006734	jg10569	AT4G19990.2
OG0006735	jg10596	AT4G19840.1
OG0006736	jg10607	AT2G12290.1, AT4G19700.1
OG0006737	jg10609	AT4G19680.2
OG0006738	jg10627	AT4G19550.2
OG0006739	jg10628	AT4G19540.1
OG0006740	jg10640	AT4G19430.1
OG0006741	jg10655	AT4G19210.1
OG0006742	jg10666	AT4G19120.1
OG0006743	jg10668	AT4G19110.2
OG0006744	jg10711	AT4G18770.1
OG0006745	jg10737	AT4G18550.2
OG0006746	jg10757	AT4G18372.1
OG0006747	jg10792	AT4G18160.1
OG0006748	jg10801	AT4G18070.1
OG0006749	jg10806	AT4G18020.1
OG0006750	jg10810	AT4G17980.2
OG0006751	jg10828	AT4G17840.1
OG0006752	jg10849	AT4G17670.1
OG0006753	jg10859	AT4G17570.2
OG0006754	jg10869	AT4G17500.1
OG0006755	jg10885	AT4G17350.1
OG0006756	jg10889	AT4G17300.2
OG0006757	jg10896	AT4G17230.1
OG0006758	jg10899	AT4G17210.1
OG0006759	jg10909	AT4G17090.1
OG0006760	jg11099	AT4G15880.1
OG0006761	jg11199	AT4G15240.1
OG0006762	jg11201	AT4G15230.1
OG0006762	jg11202	AT4G15215.11
OG0006763	jg11206	AT4G15200.1
OG0006764	jg11294, jg11295	AT4G14660.1
OG0006765	jg11344	AT4G14340.1
OG0006766	jg11351	AT4G14290.1
OG0006767	jg11380	AT4G14110.1
OG0006768	jg11384	AT4G14080.1
OG0006769	jg11428	AT4G13830.2
OG0006770	jg11628	AT4G13010.1
OG0006772	jg12075, jg12093	AT5G36930.2
OG0006773	jg11687	AT4G12740.1
OG0006774	jg11935	AT5G35430.1
OG0006775	jg22856	AT5G59030.1
OG0006776	jg11994	AT5G35870.1
OG0006777	jg12022	AT5G35980.1
OG0006778	jg12103	AT5G36970.1
OG0006779	jg12118	AT5G37055.1
OG0006780	jg12539	AT5G39670.1
OG0006781	jg12686	AT5G40670.1
OG0006782	jg12764	AT5G41390.1
OG0006783	jg12842	AT5G41940.1
OG0006784	jg12847	AT5G41990.1
OG0006785	jg12855	AT5G42030.2
OG0006786	jg12857	AT5G42050.1
OG0006787	jg20265	AT5G47710.1
OG0006788	jg20337	AT5G47140.1
OG0006789	jg20351	AT5G47070.1
OG0006790	jg20371	AT5G46910.1
OG0006791	jg20401	AT5G46590.1
OG0006792	jg20449	AT5G46210.1
OG0006793	jg20460	AT5G46110.4
OG0006794	jg20461	AT5G46100.1
OG0006795	jg20463	AT5G46080.1
OG0006796	jg20488	AT5G45900.1
OG0006797	jg20527	AT5G45590.1
OG0006798	jg20535	AT5G45510.1
OG0006799	jg20547	AT5G45400.1
OG0006800	jg20554	AT5G45370.2
OG0006801	jg20568	AT5G45275.1
OG0006802	jg20615	AT5G45040.1
OG0006803	jg20651	AT5G44820.1
OG0006804	jg20665	AT5G44700.1
OG0006805	jg20670	AT5G44660.1
OG0006806	jg20704	AT5G44540.1
OG0006807	jg20764	AT5G44280.2
OG0006808	jg20774	AT5G44190.1
OG0006809	jg20802	AT5G43960.1
OG0006810	jg20848	AT5G43650.1
OG0006811	jg20852	AT5G43570.2
OG0006812	jg20916	AT5G43260.1
OG0006813	jg21005	AT5G42870.1
OG0006814	jg21013, jg21011	AT5G42830.1
OG0006815	jg21069	AT5G42520.1
OG0006817	jg21388, jg21195	AT5G48500.1, AT2G10930.1
OG0006818	jg21244	AT5G47820.1
OG0006819	jg21273	AT5G47870.1
OG0006820	jg21297	AT5G48030.1
OG0006821	jg21354	AT5G48230.2
OG0006822	jg21435, jg21438	AT5G48710.1
OG0006823	jg21439	AT5G48720.2
OG0006824	jg21457	AT5G48820.2
OG0006825	jg21511	AT5G49050.1
OG0006826	jg21527	AT5G49100.1
OG0006827	jg21537	AT5G49170.1
OG0006828	jg21545	AT5G49215.1
OG0006829	jg21569	AT5G49360.1
OG0006830	jg21578	AT5G49450.1
OG0006831	jg21594	AT5G49540.1
OG0006832	jg21621	AT5G49740.1
OG0006832	jg21620	AT5G49730.1
OG0006833	jg21642	AT5G49920.1
OG0006834	jg21661	AT5G50090.1
OG0006835	jg21735	AT5G50760.1
OG0006836	jg21740	AT5G50810.1
OG0006837	jg21768	AT4G00650.1
OG0006838	jg21773	AT5G51130.1
OG0006839	jg21786	AT5G51260.1
OG0006840	jg21946	AT5G52510.1
OG0006841	jg21951	AT5G52540.1
OG0006842	jg21958	AT5G52600.1
OG0006843	jg21998	AT5G52890.2
OG0006844	jg22005	AT5G52920.1
OG0006845	jg22030	AT5G53060.1
OG0006846	jg22037	AT5G53130.1
OG0006847	jg22042	AT5G53190.1
OG0006848	jg22049	AT5G53290.1
OG0006849	jg22060	AT5G53390.1
OG0006850	jg22062	AT5G53420.1
OG0006851	jg22079	AT5G53560.1
OG0006852	jg22082	AT5G53590.1
OG0006853	jg22144	AT5G53820.1
OG0006854	jg22234	AT5G54390.1
OG0006855	jg22252	AT5G54480.1
OG0006856	jg22272	AT2G14755.1
OG0006857	jg22280	AT5G54570.1
OG0006858	jg22281	AT5G54580.1
OG0006859	jg22290	AT5G54660.1
OG0006860	jg22319	AT5G54930.1
OG0006861	jg22333	AT5G55090.2
OG0006862	jg22340	AT5G55140.1
OG0006863	jg22403	AT5G55670.1
OG0006865	jg22432	AT5G55920.1
OG0006866	jg22434	AT5G55940.1
OG0006867	jg22458	AT5G56100.1
OG0006868	jg22467, jg22468	AT5G56190.7
OG0006869	jg22582	AT5G56940.1
OG0006870	jg22600	AT5G57070.1
OG0006871	jg22611	AT5G57150.4
OG0006872	jg22644	AT5G57420.1
OG0006873	jg22664	AT5G57620.1
OG0006874	jg22688	AT5G57860.1
OG0006875	jg22729	AT5G58230.1
OG0006876	jg22763	AT5G58510.1
OG0006877	jg22792	AT5G58770.1
OG0006878	jg22803	AT5G58860.1
OG0006879	jg22809	AT5G58920.1
OG0006880	jg22818	AT5G58940.1
OG0006881	jg22844	AT5G59140.1
OG0006882	jg22908	AT5G59720.1
OG0006883	jg22938	AT5G59990.1
OG0006884	jg22941	AT5G60020.1
OG0006885	jg22973	AT5G60300.3
OG0006886	jg22978	AT5G60335.1
OG0006887	jg23020	AT5G60790.1
OG0006888	jg23039	AT5G60970.1
OG0006889	jg23043	AT5G60990.1
OG0006890	jg23046	AT5G61020.1
OG0006891	jg23068	AT5G61230.1
OG0006892	jg23078	AT5G61340.2
OG0006893	jg23087	AT5G61420.2
OG0006894	jg23103	AT5G61560.3
OG0006895	jg23107	AT5G61590.1
OG0006896	jg23143	AT5G61970.1
OG0006897	jg23148	AT5G62000.1
OG0006898	jg23164	AT5G62150.1
OG0006899	jg23188	AT5G62350.1
OG0006900	jg23192	AT5G62390.1
OG0006901	jg23196	AT5G62430.1
OG0006902	jg23211	AT5G62580.1
OG0006903	jg23231	AT5G62770.1
OG0006904	jg23233	AT5G62790.2
OG0006905	jg23235	AT5G62810.1
OG0006906	jg23280	AT5G63110.1
OG0006907	jg23289	AT5G63180.1
OG0006908	jg23328	AT5G63550.2
OG0006910	jg23346	AT5G63690.1
OG0006911	jg23356	AT5G63790.2
OG0006912	jg23371	AT5G63860.1
OG0006913	jg23399	AT5G64080.1
OG0006914	jg23403	AT5G64120.1
OG0006915	jg23404	AT5G64130.3
OG0006916	jg23427	AT5G64350.1
OG0006917	jg23476	AT5G64690.1
OG0006918	jg23521	AT5G65130.2
OG0006919	jg23547	AT5G65340.1
OG0006920	jg23555	AT5G65420.3
OG0006921	jg23563	AT5G65500.2
OG0006922	jg23645	AT5G67350.1
OG0006923	jg23656	AT5G67250.1
OG0006924	jg23695	AT5G66930.3
OG0006925	jg23719	AT5G66710.1
OG0006926	jg23721	AT5G66690.1, AT5G26310.1
OG0006927	jg23740	AT5G66540.1
OG0006928	jg23761	AT5G66320.1
OG0006929	jg23764	AT5G66290.2
OG0006930	jg23773	AT5G66220.1
OG0006973	jg28404	AT1G02130.1
OG0006974	jg28408	AT1G02090.1
OG0006975	jg28413	AT1G02065.1
OG0006976	jg28453	AT1G01680.1
OG0006977	jg28466	AT1G01540.2
OG0006978	jg28491	AT1G01360.1
OG0006979	jg28493	AT5G06420.1, AT1G01350.1
OG0006980	jg28496	AT1G01310.1
OG0006981	jg28518	AT1G01090.1
OG0006982	jg28554	AT1G02460.1
OG0006983	jg28565	AT1G02575.1
OG0006983	jg28564	AT1G02570.1
OG0006984	jg28590	AT1G02810.1
OG0006985	jg28592	AT1G02816.1
OG0006986	jg28598	AT1G02860.1
OG0006987	jg28615	AT1G03010.1
OG0006988	jg28616	AT1G03020.1
OG0006989	jg28646	AT1G03310.1
OG0006990	jg28651	AT1G03350.1
OG0006991	jg28662	AT1G03470.1
OG0006992	jg28667	AT1G03530.1
OG0006993	jg28675	AT1G03620.12
OG0006994	jg28676	AT1G03630.1
OG0006995	jg28693	AT1G03780.3
OG0006996	jg28698	AT1G03820.1
OG0006997	jg28700	AT1G03840.1
OG0006998	jg28706	AT1G03890.1
OG0006999	jg28707	AT1G03900.1
OG0007000	jg28709	AT1G03910.2
OG0007001	jg28714	AT1G03950.1
OG0007002	jg28720	AT1G04000.1
OG0007003	jg28735	AT1G04180.1
OG0007004	jg28748	AT1G04310.1
OG0007005	jg28752	AT1G04360.1
OG0007006	jg28762	AT1G04440.1
OG0007007	jg28768	AT1G04500.1
OG0007008	jg28772	AT1G04540.1
OG0007009	jg28775	AT1G04560.1
OG0007010	jg28800	AT1G04780.1
OG0007011	jg28801	AT1G04790.1
OG0007012	jg28807	AT1G04860.1
OG0007013	jg28811	AT1G04880.1
OG0007014	jg28819	AT1G04950.1
OG0007015	jg28854	AT1G05200.1
OG0007016	jg28879	AT1G05420.2
OG0007017	jg28903	AT1G05620.1
OG0007018	jg259	AT2G07698.1
OG0007019	jg28934	AT1G05850.1
OG0007020	jg28935	AT1G05860.1
OG0007021	jg28955	AT1G06070.1
OG0007022	jg28981	AT1G06280.1
OG0007023	jg25447, jg1090, jg28988	AT1G06380.1
OG0007024	jg28991	AT1G06410.1
OG0007025	jg28997	AT1G06470.1
OG0007026	jg29010	AT1G06620.1
OG0007027	jg29014	AT1G06660.1
OG0007028	jg29027	AT1G06790.1
OG0007029	jg29037	AT1G06870.1
OG0007030	jg29051	AT1G06980.1
OG0007031	jg29060	AT1G07080.1
OG0007032	jg29061	AT1G07090.1
OG0007033	jg29085	AT1G07310.1
OG0007034	jg29088	AT1G07340.1
OG0007035	jg29107	AT1G07520.3
OG0007036	jg29112	AT1G07570.3
OG0007037	jg29150	AT1G07900.1
OG0007038	jg29158	AT1G07980.1
OG0007039	jg29170	AT1G08080.1
OG0007040	jg29177	AT1G08140.1
OG0007041	jg29183	AT1G08210.3
OG0007041	jg12050	AT3G42550.1
OG0007042	jg29196	AT1G08340.1
OG0007043	jg29207	AT1G08450.1
OG0007044	jg29211	AT1G08480.1
OG0007045	jg29213	AT1G08500.1
OG0007046	jg29217	AT1G08540.1
OG0007047	jg29219	AT1G08560.1
OG0007048	jg29221	AT1G08580.1
OG0007049	jg29239	AT1G08780.1
OG0007050	jg29240	AT1G08790.1
OG0007051	jg29244	AT1G08830.1
OG0007052	jg29249	AT1G08890.1
OG0007052	jg29250	AT1G08900.1
OG0007053	jg29257	AT1G08990.1
OG0007054	jg29259	AT1G09010.1
OG0007055	jg29271	AT1G09150.1
OG0007056	jg29272	AT1G09155.1
OG0007057	jg29282	AT1G09220.1
OG0007058	jg29318	AT1G09530.1
OG0007059	jg29366	AT1G09920.1
OG0007060	jg29369	AT1G09932.1
OG0007061	jg29373	AT1G09960.1
OG0007062	jg29394	AT1G10170.4
OG0007063	jg29428	AT1G10410.1
OG0007064	jg29441	AT1G10500.1
OG0007065	jg29442	AT1G10510.1
OG0007066	jg29443	AT1G10520.1
OG0007067	jg29467	AT1G10650.1
OG0007068	jg29477	AT1G10740.1
OG0007069	jg29480	AT1G10760.1
OG0007070	jg29515	AT1G11060.1
OG0007071	jg29516	AT1G11070.4
OG0007072	jg29522	AT1G11120.1
OG0007073	jg29523	AT1G11125.1
OG0007074	jg29535	AT1G11190.1
OG0007075	jg29564	AT1G11390.1
OG0007076	jg29565	AT1G11400.1
OG0007077	jg29568	AT1G11430.1
OG0007078	jg29596	AT5G28237.1
OG0007079	jg29609	AT1G11690.1
OG0007080	jg29615	AT1G11755.1
OG0007081	jg29620	AT1G11790.1
OG0007082	jg29623	AT1G11840.6
OG0007083	jg29625	AT1G11860.3
OG0007084	jg29632	AT1G11915.1
OG0007085	jg29633	AT1G11920.1
OG0007086	jg29658	AT1G12150.1
OG0007087	jg29666	AT1G12240.1
OG0007088	jg29681	AT1G12360.1
OG0007089	jg29691	AT1G12470.1
OG0007090	jg29697	AT1G12540.1
OG0007091	jg29713	AT1G12630.1
OG0007092	jg29739	AT1G12805.1
OG0007093	jg29757	AT1G12990.1
OG0007094	jg29762	AT1G13050.1
OG0007095	jg29779	AT1G13180.1
OG0007096	jg29781	AT1G13195.1
OG0007098	jg29791	AT1G13270.1
OG0007099	jg29803	AT1G13400.1
OG0007100	jg29821	AT1G13600.1
OG0007101	jg29825	AT1G13609.1
OG0007102	jg29839	AT1G13740.1
OG0007103	jg29846	AT1G13790.1
OG0007104	jg29872	AT1G14010.1
OG0007105	jg29899	AT1G14270.1
OG0007106	jg29907	AT1G14340.1
OG0007107	jg29919	AT1G14440.1
OG0007108	jg29938	AT1G14580.3
OG0007109	jg29962	AT1G14760.1
OG0007110	jg29963	AT1G14770.1
OG0007111	jg29964	AT1G14780.1
OG0007112	jg29971	AT1G14860.1
OG0007113	jg29975	AT1G14890.1
OG0007114	jg29985	AT1G14990.2
OG0007115	jg29986	AT1G15000.1
OG0007116	jg29987	AT1G15010.1
OG0007117	jg29991	AT1G15040.1
OG0007118	jg29997	AT1G15110.2
OG0007119	jg30011	AT1G15240.2
OG0007120	jg30013	AT1G15260.1
OG0007121	jg30025	AT1G15390.1
OG0007122	jg30030	AT1G15415.1
OG0007123	jg30032	AT1G15430.1
OG0007124	jg30042	AT1G15550.1
OG0007125	jg30052	AT1G15670.1
OG0007126	jg30085	AT1G15940.1
OG0007127	jg30088	AT1G15970.1
OG0007128	jg30094	AT1G16030.1
OG0007129	jg30098	AT1G16080.1
OG0007130	jg30106	AT1G16170.1
OG0007131	jg30113	AT1G16270.1
OG0007132	jg30137	AT1G16520.1
OG0007133	jg30148	AT1G16670.1
OG0007134	jg30166, jg30155, jg30178	AT1G16730.1
OG0007135	jg30206, jg30193, jg30205	AT1G16870.1
OG0007136	jg30194, jg30207	AT1G16880.1
OG0007137	jg30225	AT1G17040.2
OG0007138	jg30253	AT1G17285.2
OG0007139	jg30263	AT1G17380.1
OG0007140	jg30306	AT1G17810.1
OG0007141	jg30352	AT1G18300.1
OG0007142	jg30359	AT1G18370.1
OG0007143	jg30390	AT1G18670.3
OG0007144	jg30439	AT1G19140.2
OG0007145	jg30449	AT1G19220.1
OG0007146	jg30454	AT1G19270.1
OG0007147	jg30456	AT1G19300.1
OG0007148	jg30468	AT1G19400.1
OG0007149	jg30472	AT1G19440.1
OG0007150	jg30476	AT1G19485.1
OG0007151	jg30478	AT1G19500.1
OG0007152	jg30479	AT1G19510.1
OG0007153	jg30487	AT1G19620.1
OG0007154	jg30504	AT1G19800.1
OG0007155	jg30518	AT1G19920.1
OG0007156	jg9262, jg30529	AT4G31400.1
OG0007157	jg30535	AT1G20070.1
OG0007158	jg30539	AT1G20110.1
OG0007159	jg30542	AT1G20130.1
OG0007160	jg30547	AT1G20190.1
OG0007161	jg30556	AT1G20310.1
OG0007162	jg30559	AT1G20340.1
OG0007163	jg30619	AT1G20760.1
OG0007164	jg30630	AT1G20850.1
OG0007165	jg30634, jg24040	AT1G20890.1
OG0007166	jg30644	AT1G20990.1
OG0007167	jg30676	AT1G21320.1
OG0007168	jg30705	AT1G21580.1
OG0007169	jg30729	AT1G21750.1
OG0007170	jg30761	AT1G22030.1
OG0007171	jg30762	AT1G22040.1
OG0007172	jg30788	AT1G22250.1
OG0007173	jg30822	AT1G22620.1
OG0007174	jg30826	AT1G22660.4
OG0007175	jg30831	AT1G22700.1
OG0007176	jg30859	AT1G22990.1
OG0007177	jg30865	AT1G23040.1
OG0007178	jg30869	AT1G23080.1
OG0007179	jg30870	AT1G23090.1
OG0007180	jg30992	AT1G24170.1
OG0007181	jg31011	AT1G27210.1
OG0007182	jg31021	AT1G27140.1, AT1G27130.1
OG0007183	jg31040	AT1G27000.1
OG0007184	jg31055	AT1G26840.1
OG0007185	jg31073, jg31065	AT1G26800.1
OG0007186	jg31099	AT1G26560.1
OG0007187	jg31110	AT1G26470.1
OG0007188	jg31147	AT1G26120.1
OG0007189	jg31154	AT1G25580.1
OG0007190	jg31156	AT1G25560.1
OG0007191	jg31165	AT1G25480.1
OG0007192	jg31195	AT1G25270.1
OG0007193	jg31198	AT1G25240.2
OG0007194	jg31205	AT1G25145.1, AT1G25054.1, AT1G25210.2, AT1G24793.1
OG0007195	jg31215	AT1G24600.1
OG0007196	jg31219	AT2G25905.1, AT1G24570.2
OG0007197	jg31227	AT1G24490.1
OG0007198	jg31243	AT1G24340.1
OG0007199	jg31256	AT1G27290.1
OG0007200	jg31272	AT1G27440.1
OG0007201	jg31276	AT1G27470.1
OG0007202	jg31296	AT1G27730.1
OG0007203	jg31297	AT1G27740.1
OG0007204	jg31303	AT1G27850.1
OG0007205	jg31305	AT1G61470.1, AT1G27890.1, AT1G27820.1
OG0007206	jg31309	AT1G27930.1
OG0007207	jg31327	AT1G28080.2
OG0007208	jg31329	AT1G28100.4
OG0007209	jg31336	AT1G28150.1
OG0007210	jg31350	AT1G28280.1
OG0007211	jg31351	AT1G28290.1
OG0007212	jg31352	AT1G28300.1
OG0007213	jg31361	AT1G28350.1
OG0007214	jg31375	AT1G28480.1
OG0007215	jg31385	AT1G28560.3
OG0007216	jg31425	AT1G29120.5
OG0007217	jg31427	AT1G29150.1
OG0007218	jg31452	AT1G29280.1
OG0007219	jg31570	AT1G30260.1
OG0007220	jg31580	AT1G30330.2
OG0007221	jg31589	AT1G30450.1
OG0007222	jg31623	AT1G30650.1
OG0007223	jg31627	AT1G30690.1
OG0007224	jg31628	AT1G30700.1
OG0007225	jg31635	AT1G30760.2
OG0007226	jg31654	AT1G30820.1
OG0007227	jg31660	AT1G30860.1
OG0007228	jg31685	AT1G30970.3
OG0007229	jg31754	AT1G31350.2
OG0007230	jg31776	AT1G31480.1
OG0007231	jg31778	AT1G31500.7
OG0007232	jg31813	AT1G31817.1
OG0007233	jg31818	AT1G31850.1
OG0007234	jg31832	AT1G31970.1
OG0007235	jg31860	AT1G32190.1
OG0007236	jg31870	AT1G32240.1
OG0007237	jg31890	AT1G32400.1
OG0007238	jg31898	AT1G32450.1
OG0007239	jg31906	AT1G32540.1
OG0007240	jg31907	AT1G32550.2
OG0007241	jg1524	AT1G54640.1
OG0007241	jg31912	AT1G32600.1
OG0007242	jg31974	AT1G33240.1
OG0007243	jg32038	AT1G33800.1
OG0007244	jg32139	AT1G34630.1
OG0007245	jg32161	AT1G34750.1
OG0007246	jg32213	AT1G35435.1
OG0007247	jg32238	AT1G35660.1
OG0007248	jg32259	AT1G35720.1
OG0007249	jg32388	AT1G60360.1
OG0007250	jg32451, jg32464	AT1G42470.1
OG0007251	jg32478	AT5G17910.1
OG0007252	jg32489, jg16187	AT3G61360.1
OG0007253	jg32570	AT1G43850.1
OG0007254	jg32601	AT1G44100.1
OG0007255	jg11070, jg32602	AT1G44110.1
OG0007256	jg32626	AT1G44575.1
OG0007257	jg32698	AT1G45180.1
OG0007258	jg32826	AT1G47820.1, AT1G47813.1
OG0007259	jg32869, jg32852	AT1G47960.1
OG0007260	jg32921	AT1G48410.2
OG0007261	jg32938	AT1G48580.2
OG0007262	jg32969	AT1G48850.1
OG0007263	jg32977	AT1G48930.1
OG0007264	jg32988	AT1G48990.1
OG0007265	jg32995	AT1G49010.1
OG0007266	jg33075	AT1G49560.1
OG0007267	jg33103	AT1G49770.1
OG0007268	jg2710, jg33151	AT1G70910.1
OG0007269	jg33154	AT1G50240.2
OG0007271	jg33165	AT1G50300.1
OG0007272	jg33188	AT1G50510.1
OG0007273	jg33197	AT1G50610.1
OG0007274	jg33226	AT1G50900.1
OG0007275	jg33228	AT1G50930.1
OG0007276	jg33256	AT1G51130.1
OG0007277	jg33262	AT1G51190.1
OG0007278	jg33264	AT1G51210.1
OG0007279	jg33271, jg33269	AT1G51260.1
OG0007280	jg33279	AT1G51360.1
OG0007281	jg33285	AT1G51410.1
OG0007282	jg33320	AT1G51610.1
OG0007283	jg33325	AT1G51660.1
OG0007284	jg33329	AT1G51700.1
OG0007285	jg33368	AT1G51940.1
OG0007286	jg33439	AT1G52495.1
OG0007287	jg33447	AT1G52565.1
OG0007288	jg33450	AT1G52580.1
OG0007289	jg33470	AT1G52760.1
OG0007290	jg33485	AT1G52900.1
OG0007291	jg33506	AT1G53040.1
OG0007292	jg33507	AT1G53050.1
OG0007293	jg33518	AT1G53160.1
OG0007294	jg33523	AT1G53190.1
OG0007295	jg33535	AT1G53300.1
OG0007296	jg33599	AT1G53730.2
OG0007297	jg33604	AT1G53800.2
OG0007298	jg33615	AT1G53860.1
OG0007299	jg33649	AT1G54170.1
OG0007300	jg33656	AT1G54217.2
OG0007301	jg33673	AT1G55160.3
OG0007302	jg33686	AT1G55260.1
OG0007303	jg33688	AT1G55280.2
OG0007304	jg33742	AT1G55690.1
OG0007305	jg33757, jg33758	AT1G55790.1
OG0007306	jg33763	AT1G55840.1
OG0007307	jg33773	AT1G55915.2
OG0007308	jg33808	AT1G56145.2
OG0007309	jg361	AT1G64680.1
OG0007310	jg366	AT1G64640.1
OG0007311	jg367	AT5G24352.1, AT1G64625.1
OG0007312	jg395	AT1G64380.1
OG0007313	jg396	AT1G64370.1
OG0007314	jg422	AT1G64210.1
OG0007315	jg441, jg437, jg434	AT1G64105.1, AT1G64100.2
OG0007316	jg445	AT1G64090.2
OG0007317	jg462	AT1G64000.1
OG0007318	jg464	AT1G63980.1
OG0007319	jg465	AT1G63970.1
OG0007320	jg505	AT1G63650.1
OG0007321	jg544	AT1G63270.1
OG0007322	jg545	AT1G63260.1
OG0007323	jg578	AT1G63100.2
OG0007324	jg594	AT1G63020.1
OG0007325	jg598	AT1G63000.1
OG0007327	jg768	AT1G61790.1
OG0007328	jg776	AT1G61720.1
OG0007329	jg787	AT1G61660.1
OG0007330	jg797	AT1G61590.1
OG0007331	jg811, jg969, jg968, jg963	AT1G60410.1
OG0007332	jg839	AT1G61260.1
OG0007333	jg843	AT1G61240.1
OG0007334	jg857	AT1G61140.1
OG0007335	jg862	AT1G61105.1
OG0007336	jg922	AT1G60670.2
OG0007337	jg26112, jg937	AT3G19650.1
OG0007338	jg18694	AT2G35630.1
OG0007340	jg995	AT1G60060.1
OG0007341	jg7385, jg1031, jg1047, jg1027, jg1032	AT1G59780.1
OG0007342	jg1105	AT1G59540.1
OG0007343	jg1163	AT1G58290.1
OG0007344	jg1184	AT1G58215.1
OG0007346	jg1309	AT1G57680.1
OG0007347	jg1331	AT1G57620.1
OG0007348	jg1363	AT1G56580.1
OG0007350	jg1497	AT1G54870.2
OG0007351	jg6906	AT5G30495.1
OG0007351	jg1509	AT1G54770.1
OG0007352	jg1520	AT1G54710.1
OG0007353	jg1522	AT1G54680.4
OG0007355	jg1798	AT1G65020.1
OG0007356	jg1801	AT1G65030.1
OG0007357	jg1860	AT1G65270.1
OG0007358	jg1867	AT1G65295.1
OG0007359	jg19252, jg1871	AT4G03160.1
OG0007360	jg1900	AT1G65420.1
OG0007361	jg1916, jg26072	AT3G19350.1
OG0007362	jg1981	AT1G65700.3
OG0007363	jg1984	AT1G65720.1
OG0007364	jg2085	AT1G66330.1
OG0007366	jg2255	AT1G67310.1
OG0007367	jg2258	AT1G67325.2
OG0007368	jg2259	AT1G67330.1
OG0007369	jg2290	AT1G67540.2
OG0007370	jg2293	AT1G67560.1
OG0007371	jg2312	AT1G67710.1
OG0007373	jg2353	AT1G68160.1
OG0007374	jg2355	AT1G68140.1
OG0007375	jg2356	AT1G68130.1
OG0007376	jg2358	AT1G68110.1
OG0007377	jg2368	AT1G68010.2
OG0007378	jg2374	AT1G67970.1
OG0007379	jg2385	AT1G68230.2
OG0007380	jg2408	AT1G68440.1
OG0007381	jg2412	AT1G68480.1
OG0007382	jg2434	AT1G68620.1
OG0007383	jg2452	AT1G68765.1
OG0007384	jg2455	AT1G68795.1
OG0007385	jg2474	AT1G68910.1
OG0007386	jg2479	AT1G68960.1
OG0007387	jg2481	AT1G68990.2
OG0007388	jg2482	AT1G69010.1
OG0007389	jg2485	AT1G69040.2
OG0007390	jg2495	AT1G69170.1
OG0007391	jg2505	AT1G69260.1
OG0007392	jg2513	AT1G69325.1
OG0007393	jg2516	AT1G69340.1
OG0007394	jg2533	AT1G69490.1
OG0007395	jg2562	AT1G69700.1
OG0007396	jg2571	AT1G69790.1
OG0007397	jg2574	AT1G69800.2
OG0007398	jg2575	AT1G69810.1
OG0007399	jg2582	AT1G69840.1
OG0007400	jg2586	AT1G69870.1
OG0007401	jg2589	AT1G69900.1
OG0007402	jg2601	AT1G70000.1
OG0007403	jg2610	AT1G70060.1
OG0007404	jg2647, jg13574	AT1G70370.1
OG0007405	jg2650	AT1G70420.1
OG0007406	jg2651	AT1G70430.3
OG0007408	jg2665	AT1G70530.1
OG0007409	jg2669	AT1G70570.2
OG0007410	jg2683	AT1G70690.1
OG0007411	jg2686	AT1G70720.2
OG0007412	jg2720	AT1G71010.1
OG0007413	jg2755	AT5G24670.2
OG0007414	jg2788	AT1G71692.1
OG0007415	jg2819	AT1G71920.2, AT5G10330.1
OG0007416	jg2820	AT1G71930.1
OG0007417	jg2821	AT1G71940.2
OG0007418	jg2834	AT1G72050.3
OG0007419	jg2849	AT1G72160.1
OG0007420	jg2859	AT1G72230.1
OG0007421	jg2860	AT1G72240.1
OG0007422	jg2865	AT1G72300.1
OG0007423	jg2869	AT1G72340.2
OG0007424	jg2887	AT1G72530.2
OG0007425	jg2911	AT1G72760.2
OG0007426	jg2913	AT1G72790.1
OG0007427	jg2941	AT1G73010.1
OG0007428	jg2945	AT1G73050.1
OG0007429	jg2977	AT1G73360.1
OG0007430	jg2982	AT1G73410.1
OG0007431	jg2992	AT1G73540.1
OG0007432	jg3019	AT1G73780.1
OG0007433	jg3021	AT1G73805.1
OG0007434	jg3026	AT1G73840.1
OG0007435	jg3028	AT1G73860.1
OG0007436	jg3047	AT1G74010.1
OG0007437	jg3801	AT1G80990.1
OG0007438	jg3076	AT1G74220.1
OG0007439	jg3089	AT1G74370.1
OG0007440	jg3098	AT1G74458.1
OG0007441	jg3099	AT1G74460.1
OG0007442	jg3125	AT1G74730.1
OG0007443	jg3134	AT1G74830.1
OG0007444	jg3160	AT1G75080.1
OG0007445	jg3172	AT1G75200.1
OG0007446	jg3173	AT1G75210.1
OG0007447	jg3178	AT1G75250.1
OG0007448	jg3190	AT1G75340.1
OG0007449	jg3195	AT1G75390.1
OG0007450	jg3221	AT1G75620.1
OG0007451	jg3226	AT1G75690.1
OG0007452	jg3230	AT1G75730.1
OG0007453	jg3249	AT1G75930.1
OG0007454	jg3297	AT1G76370.1
OG0007455	jg3303	AT1G76410.1
OG0007456	jg3306	AT1G76440.1
OG0007457	jg3337	AT1G76740.1
OG0007458	jg3338	AT1G76750.1
OG0007459	jg3341	AT1G76790.1
OG0007460	jg3357	AT1G76950.1
OG0007461	jg3366	AT1G76990.1
OG0007462	jg3380	AT1G77130.1
OG0007463	jg3390	AT1G77240.1
OG0007464	jg3396	AT1G77280.1
OG0007465	jg3439	AT1G77690.1
OG0007466	jg3442	AT1G77710.1
OG0007467	jg3446	AT1G77750.1
OG0007468	jg3451	AT1G77800.3
OG0007469	jg3464	AT1G77920.1
OG0007470	jg3482	AT1G78090.1
OG0007471	jg3502	AT1G78260.1
OG0007472	jg3509, jg3508	AT1G78320.1
OG0007473	jg3519	AT1G78420.1
OG0007474	jg3538	AT1G78590.2
OG0007475	jg3558	AT1G78780.3
OG0007476	jg3569	AT1G78880.1
OG0007477	jg3598	AT1G79110.1
OG0007478	jg3628	AT1G79390.1
OG0007479	jg3630	AT1G79410.1
OG0007480	jg3636	AT1G79480.1
OG0007481	jg3639	AT1G79510.1
OG0007482	jg3645	AT1G79570.1
OG0007483	jg3651	AT1G79600.1
OG0007484	jg3654	AT1G79630.1
OG0007485	jg3663	AT1G79720.1
OG0007486	jg3664	AT1G80950.1
OG0007487	jg3665	AT1G80940.1
OG0007488	jg3686	AT1G80750.1
OG0007489	jg3694	AT1G80690.2
OG0007490	jg3699	AT1G80640.1
OG0007491	jg3704	AT1G80600.1
OG0007492	jg12411, jg3739	AT1G80310.1
OG0007493	jg3746	AT1G80240.1
OG0007494	jg3755	AT1G80150.1
OG0007495	jg3757	AT1G80130.1
OG0007496	jg3765	AT1G80050.1
OG0007497	jg3776	AT1G79940.1
OG0007498	jg23899	AT3G01910.1
OG0007499	jg23915	AT3G01790.1
OG0007500	jg15670	AT3G57120.1
OG0007501	jg23928	AT3G01670.2
OG0007502	jg23953	AT3G01440.1
OG0007503	jg23976	AT3G01270.1
OG0007504	jg23979	AT3G01240.1
OG0007505	jg23992	AT3G01140.1
OG0007506	jg24000	AT3G01070.1
OG0007507	jg24023	AT3G02170.1
OG0007508	jg24043	AT3G02280.1
OG0007509	jg24058	AT3G02430.1
OG0007510	jg24073	AT3G02550.1
OG0007511	jg24095	AT3G02730.1
OG0007512	jg24103	AT3G02810.1
OG0007513	jg24112	AT3G02880.1
OG0007514	jg24117	AT3G02910.1
OG0007515	jg24145	AT3G03140.1
OG0007516	jg24146	AT3G03150.1
OG0007517	jg24152	AT3G03200.1
OG0007518	jg24154	AT3G03220.1
OG0007519	jg24180, jg24173	AT3G03380.1
OG0007520	jg24186	AT3G03440.1
OG0007521	jg24200	AT3G03550.1
OG0007522	jg24219	AT3G03710.1
OG0007523	jg24225	AT3G03770.1
OG0007524	jg24233	AT3G03800.1
OG0007525	jg24242	AT3G03860.1
OG0007526	jg24257	AT3G03950.3
OG0007527	jg24261	AT3G03990.1
OG0007528	jg24270	AT3G04070.1
OG0007529	jg24272	AT3G04090.1
OG0007530	jg24316	AT3G04380.1
OG0007531	jg24336	AT3G04570.1
OG0007532	jg24353	AT3G04700.1
OG0007533	jg24371	AT3G04830.1
OG0007534	jg24374	AT3G04860.1
OG0007535	jg24390, jg24389	AT3G04980.2
OG0007536	jg4388	AT5G06260.1
OG0007536	jg24399	AT4G34070.1
OG0007537	jg24419	AT3G05200.1
OG0007538	jg24433	AT3G05327.1
OG0007539	jg24464	AT3G05545.1
OG0007540	jg24481	AT3G05670.1
OG0007541	jg24482	AT3G05675.1
OG0007542	jg24504	AT3G05800.1
OG0007543	jg24515	AT3G05900.1
OG0007544	jg24516	AT3G05910.1
OG0007545	jg24523	AT3G05950.1
OG0007546	jg24527	AT3G05975.1
OG0007547	jg24539	AT3G06070.1
OG0007548	jg24559	AT3G06270.1
OG0007551	jg24588	AT3G06470.1
OG0007552	jg24592	AT3G06483.1
OG0007553	jg24606	AT3G06600.1
OG0007554	jg24618	AT3G06660.1
OG0007555	jg24631	AT3G06820.2, AT1G80210.1
OG0007556	jg24639	AT3G06890.1
OG0007557	jg24660	AT3G07090.1
OG0007558	jg24664	AT3G07120.1
OG0007559	jg24671	AT3G07195.2
OG0007560	jg24683	AT3G07300.3
OG0007561	jg24684	AT3G07310.1
OG0007562	jg24685	AT3G07320.1
OG0007563	jg24709	AT3G07540.1
OG0007564	jg24721	AT3G07630.1
OG0007565	jg24723	AT3G07650.1
OG0007566	jg24735	AT3G07770.1
OG0007567	jg24751	AT3G07940.1
OG0007568	jg24753	AT3G07960.1
OG0007569	jg24754	AT3G07970.1
OG0007570	jg24765	AT3G08500.1
OG0007571	jg24766	AT3G08505.1
OG0007572	jg24819	AT3G09010.1
OG0007573	jg24836	AT3G09120.1
OG0007574	jg24859	AT3G09360.1
OG0007575	jg24860	AT3G09370.3
OG0007576	jg24865	AT3G09390.1
OG0007577	jg24866	AT3G09400.1
OG0007578	jg24878	AT3G09520.1
OG0007579	jg24882	AT3G09560.1
OG0007580	jg24901	AT3G09740.1
OG0007581	jg24927	AT3G09980.1
OG0007582	jg24953	AT3G10190.1
OG0007583	jg4171	AT5G04230.2
OG0007583	jg24968	AT3G10340.1
OG0007584	jg24969	AT3G10350.2
OG0007585	jg24989	AT3G10520.1
OG0007586	jg24990	AT3G10525.1
OG0007587	jg27442, jg24994	AT3G10550.1
OG0007588	jg25008	AT3G10680.1
OG0007589	jg25020	AT3G10770.1
OG0007590	jg25029	AT3G10860.1
OG0007591	jg25031	AT3G10870.1
OG0007592	jg25042	AT3G10960.1
OG0007593	jg25052	AT3G11030.1
OG0007594	jg25060	AT3G11110.1
OG0007595	jg25080	AT3G11330.1
OG0007596	jg25094	AT3G11430.1
OG0007597	jg25101	AT3G11490.1
OG0007598	jg25116	AT3G11650.1
OG0007599	jg25122	AT3G11700.1
OG0007600	jg25131	AT3G11770.1
OG0007601	jg25135	AT3G11820.1
OG0007602	jg25146	AT3G11945.2
OG0007603	jg25147	AT3G11950.1
OG0007604	jg25171	AT3G12140.3
OG0007605	jg25188	AT3G12320.1
OG0007606	jg25189	AT3G12340.1
OG0007607	jg25192	AT3G12360.1
OG0007608	jg25211	AT3G12560.1
OG0007609	jg25217	AT3G12620.1
OG0007610	jg25225	AT3G12690.1
OG0007611	jg25227	AT3G12710.1
OG0007612	jg25228	AT3G12720.1
OG0007613	jg25229	AT3G12730.1
OG0007614	jg25238	AT3G12820.1
OG0007615	jg25261	AT3G12980.1
OG0007616	jg25273	AT3G13060.2
OG0007617	jg25275	AT3G13065.1
OG0007618	jg25276	AT3G13070.1
OG0007619	jg25283	AT3G13130.1
OG0007620	jg25284	AT3G13140.1
OG0007621	jg25305, jg17813, jg6419	AT3G13275.1
OG0007622	jg25315	AT3G13360.2
OG0007623	jg25337	AT3G13540.1
OG0007624	jg25514, jg25346	AT3G13620.1
OG0007625	jg25355	AT3G13670.1
OG0007626	jg25368	AT3G13750.1
OG0007627	jg25392	AT3G13890.1
OG0007629	jg25403	AT3G13980.1
OG0007630	jg25407	AT3G14020.1
OG0007631	jg25419	AT3G14110.3
OG0007632	jg25420	AT3G14120.1
OG0007633	jg25425	AT3G14172.1
OG0007634	jg25437	AT3G14250.1
OG0007635	jg25439	AT3G14270.1
OG0007636	jg25446	AT3G14350.1
OG0007637	jg25453	AT3G14400.1
OG0007638	jg25456	AT3G14430.1
OG0007639	jg25471	AT3G14560.1
OG0007640	jg25491	AT3G14740.2
OG0007641	jg25493	AT3G14770.1
OG0007642	jg25504	AT3G14870.1
OG0007643	jg25509	AT3G14920.1
OG0007644	jg15913	AT3G58840.1
OG0007645	jg25530	AT3G15090.1
OG0007646	jg25553	AT3G15300.1
OG0007647	jg25600	AT3G15550.1
OG0007648	jg25614	AT3G15680.1
OG0007649	jg25615	AT3G15690.2
OG0007650	jg25622	AT3G15780.1
OG0007651	jg25625	AT3G15810.1
OG0007652	jg25628	AT3G15840.1
OG0007653	jg25629	AT3G15850.1
OG0007654	jg25630	AT3G15860.1
OG0007655	jg25644	AT3G16010.1
OG0007656	jg25658	AT3G16130.1
OG0007657	jg25660	AT3G16150.1
OG0007658	jg25664	AT3G16180.1
OG0007659	jg25762	AT3G16850.1
OG0007660	jg25763	AT3G16857.2
OG0007661	jg25767	AT3G16890.1
OG0007662	jg25784	AT3G17060.1
OG0007663	jg25828	AT3G17300.1
OG0007664	jg25846	AT3G17420.1
OG0007665	jg25850	AT3G17460.1
OG0007666	jg25876	AT3G17690.1
OG0007667	jg25889	AT3G17790.1
OG0007668	jg25895	AT3G17810.1
OG0007669	jg25900	AT3G17840.1
OG0007670	jg25901	AT3G17850.1
OG0007671	jg25910	AT3G17900.1
OG0007672	jg25926	AT3G18050.1
OG0007673	jg25930	AT3G18090.1
OG0007673	jg26641	AT3G23780.1
OG0007674	jg25935	AT3G18160.3
OG0007675	jg25969	AT3G18380.2
OG0007676	jg25973	AT3G18420.1
OG0007677	jg25978	AT3G18480.1
OG0007678	jg25986	AT3G18550.3
OG0007679	jg25987	AT3G18560.1
OG0007680	jg25993	AT3G18620.1
OG0007681	jg26000	AT3G18680.2
OG0007682	jg26003	AT3G18715.1
OG0007683	jg26080	AT3G19420.1
OG0007684	jg26089	AT3G19490.1
OG0007685	jg26090	AT3G19500.1
OG0007686	jg26092	AT3G19510.1
OG0007687	jg26097	AT3G19553.1
OG0007688	jg21262, jg21251, jg26114	AT3G19670.1
OG0007689	jg26119	AT3G19710.1
OG0007690	jg26139	AT3G19910.1
OG0007691	jg26146	AT3G19970.1
OG0007692	jg26178	AT3G20260.1
OG0007693	jg26209	AT3G20510.1
OG0007694	jg26214	AT3G20557.1
OG0007695	jg26246	AT3G20770.1
OG0007696	jg26249	AT3G20800.1
OG0007697	jg26259	AT3G20890.1
OG0007698	jg26280	AT3G21055.2
OG0007699	jg26281	AT3G21060.1
OG0007700	jg26284	AT3G21100.3
OG0007701	jg26293	AT3G21160.1
OG0007702	jg26300	AT3G21190.1
OG0007703	jg26371	AT3G21720.1
OG0007704	jg26394	AT3G21890.1
OG0007705	jg26425	AT3G22070.1
OG0007706	jg26436	AT3G22160.1
OG0007707	jg26440	AT3G22170.1
OG0007708	jg26452	AT3G22260.2
OG0007709	jg26459	AT3G22320.1
OG0007710	jg26469	AT3G22420.3
OG0007712	jg26530	AT3G22942.1
OG0007713	jg26532	AT3G22950.1
OG0007714	jg26581	AT3G23290.2
OG0007715	jg26613	AT3G23620.1
OG0007716	jg27390	AT2G13295.1
OG0007717	jg26632	AT3G23690.1
OG0007718	jg26638	AT3G23750.1
OG0007719	jg19460, jg26670	AT2G41710.4
OG0007720	jg26708	AT3G24060.1
OG0007721	jg26742	AT3G24340.1
OG0007722	jg26768	AT3G24520.1
OG0007723	jg26793	AT3G24620.1
OG0007724	jg26814	AT3G24770.1
OG0007725	jg26820	AT3G24800.1
OG0007726	jg26843	AT3G25050.1
OG0007727	jg19914, jg26962	AT2G45270.1
OG0007728	jg26971	AT2G04550.1
OG0007729	jg26986	AT2G04660.1
OG0007730	jg27266	AT2G07050.1
OG0007731	jg27273	AT2G07360.2
OG0007732	jg27359	AT2G11910.1
OG0007734	jg5189	AT5G13790.2
OG0007735	jg27531	AT2G14890.1
OG0007736	jg27602	AT2G15695.1
OG0007737	jg27606	AT2G15760.1
OG0007738	jg27621	AT2G15860.2
OG0007739	jg16589, jg27665	AT2G21730.1, AT2G21890.1
OG0007740	jg27686	AT2G16365.1
OG0007741	jg27752	AT2G16630.1
OG0007742	jg27770	AT2G16750.1
OG0007743	jg27790	AT2G16910.1
OG0007744	jg27802	AT2G17010.1
OG0007745	jg27808	AT2G17040.1
OG0007746	jg27833	AT2G17120.1
OG0007747	jg27848	AT2G17240.1
OG0007748	jg27849	AT2G17250.1
OG0007749	jg27853	AT2G17280.1
OG0007750	jg27863	AT2G17350.1
OG0007751	jg27870	AT2G17450.1
OG0007752	jg27879	AT2G17480.1
OG0007753	jg27889	AT2G17570.1
OG0007754	jg27915	AT2G17787.1
OG0007755	jg27985	AT2G18260.1
OG0007756	jg27988	AT2G18300.3
OG0007757	jg28000	AT2G18380.1
OG0007758	jg28009	AT2G18470.1
OG0007759	jg28020	AT2G18550.1
OG0007760	jg28038	AT2G18630.1
OG0007761	jg28041	AT2G18660.1
OG0007762	jg28054	AT2G18750.1
OG0007763	jg28068	AT2G18910.1
OG0007764	jg28085	AT2G19010.2
OG0007765	jg28102	AT2G19180.1
OG0007766	jg28113	AT2G19260.1
OG0007767	jg28142	AT2G19530.1
OG0007768	jg28143	AT2G19540.1
OG0007769	jg28145	AT2G19560.1
OG0007770	jg28157	AT2G19600.1
OG0007771	jg20209, jg28200	AT2G47940.1
OG0007772	jg28219	AT2G20080.1
OG0007773	jg28247	AT2G20320.1
OG0007774	jg28252	AT2G20362.1
OG0007775	jg28256	AT2G20400.2
OG0007776	jg28267	AT2G20470.1
OG0007777	jg28277	AT2G20562.1
OG0007778	jg16512	AT2G21090.1
OG0007779	jg16534	AT2G21230.3
OG0007780	jg16542	AT2G21290.1
OG0007781	jg16543	AT2G21300.1
OG0007782	jg16564	AT2G21470.2
OG0007783	jg8404	AT4G39350.1
OG0007783	jg16592	AT2G21770.1
OG0007784	jg16598	AT2G21820.1
OG0007785	jg16603	AT2G21870.1
OG0007786	jg16604	AT2G21880.1
OG0007787	jg16605	AT2G21900.1
OG0007788	jg16639	AT2G22122.1
OG0007789	jg16652	AT2G22230.1
OG0007790	jg16661	AT2G22320.1
OG0007791	jg16667	AT2G22400.1
OG0007792	jg16690	AT2G22630.1
OG0007793	jg16704	AT2G22760.1
OG0007794	jg16705	AT2G22770.1
OG0007795	jg16755	AT2G23090.1
OG0007796	jg16806	AT2G23450.1
OG0007797	jg16838	AT2G23760.4
OG0007798	jg16846	AT2G23820.2
OG0007799	jg16862	AT2G23990.2
OG0007800	jg16889	AT2G24180.1
OG0007801	jg16891	AT2G24200.1
OG0007802	jg16903	AT2G24260.1
OG0007803	jg16925	AT2G24420.1
OG0007804	jg16927	AT2G24440.1
OG0007805	jg16963	AT2G24610.2
OG0007806	jg16293	AT3G62230.1
OG0007808	jg17043	AT2G25070.1
OG0007809	jg17051	AT2G25110.1
OG0007810	jg17087	AT2G25280.1
OG0007811	jg17112	AT2G25430.1
OG0007812	jg17168	AT2G25720.1
OG0007813	jg10094, jg17253	AT4G23930.1
OG0007814	jg17310	AT2G26250.1
OG0007815	jg17314	AT2G26280.1
OG0007816	jg17349	AT2G26410.1
OG0007817	jg17363	AT2G26490.1
OG0007818	jg17376	AT2G26540.1
OG0007819	jg17438	AT2G26670.1
OG0007820	jg17474	AT2G26740.1
OG0007821	jg17511	AT2G26800.2
OG0007822	jg17560	AT2G27020.2
OG0007823	jg17618	AT2G27230.1
OG0007824	jg17620	AT2G27250.3
OG0007825	jg17632	AT2G27290.1
OG0007826	jg17634	AT2G27300.1
OG0007827	jg17639	AT2G27350.3
OG0007828	jg17642	AT2G27370.1
OG0007829	jg17663	AT2G27500.1
OG0007830	jg17677	AT2G27590.1
OG0007831	jg17708	AT2G27775.2
OG0007832	jg17728	AT2G27930.5
OG0007833	jg17763	AT2G28110.1
OG0007834	jg17764	AT2G28120.1
OG0007835	jg17811	AT2G28470.1
OG0007836	jg17855	AT2G28780.1
OG0007837	jg17864	AT2G28840.1
OG0007838	jg17866	AT2G28880.1
OG0007839	jg17870	AT2G28910.1
OG0007840	jg17898	AT2G29020.1
OG0007841	jg17901	AT2G29060.1
OG0007842	jg17947	AT2G29410.1
OG0007843	jg17970	AT2G29530.3
OG0007844	jg17971	AT2G29540.3
OG0007845	jg17987	AT2G29660.1
OG0007846	jg17989	AT2G29680.1
OG0007847	jg18021	AT2G29940.1
OG0007848	jg18036	AT2G30010.2
OG0007849	jg18041	AT2G30070.1
OG0007851	jg18058	AT2G30160.1
OG0007852	jg18065	AT2G30240.1
OG0007853	jg18092	AT2G30505.1
OG0007854	jg18101	AT2G30590.1
OG0007855	jg18136	AT2G30860.1
OG0007856	jg18143	AT2G30930.1
OG0007857	jg18173	AT2G31200.1
OG0007858	jg18185	AT2G31260.1
OG0007859	jg18197	AT2G31360.1
OG0007860	jg18202	AT2G31410.1
OG0007861	jg18230	AT2G31690.1
OG0007862	jg18232	AT2G31710.1
OG0007863	jg18242	AT2G31790.1
OG0007864	jg18245	AT2G31820.1
OG0007865	jg18321	AT2G32510.1
OG0007866	jg18331	AT2G32600.1
OG0007867	jg18345	AT2G32690.1
OG0007868	jg18352	AT2G32760.1
OG0007869	jg18370	AT2G32890.1
OG0007870	jg18374	AT2G32910.1
OG0007871	jg18400	AT2G33160.1
OG0007872	jg18402	AT2G33180.1
OG0007873	jg18432	AT2G33340.1
OG0007874	jg18435	AT2G33360.1
OG0007875	jg18438	AT2G33390.1
OG0007876	jg18439	AT2G33400.1
OG0007877	jg18447	AT2G33490.1
OG0007878	jg18452	AT2G33550.1
OG0007879	jg18456	AT2G33585.1
OG0007880	jg18473	AT2G33730.1
OG0007881	jg6472	AT5G25860.1
OG0007882	jg18502	AT2G33990.1
OG0007883	jg18558	AT2G34560.2
OG0007884	jg18596	AT2G34790.1
OG0007885	jg18598	AT2G34820.1
OG0007886	jg18599	AT2G34830.2
OG0007887	jg18615	AT2G34980.1
OG0007888	jg18650	AT2G35290.1
OG0007889	jg18658	AT2G35350.1
OG0007890	jg18675	AT2G35510.1
OG0007891	jg18678	AT2G35530.1
OG0007892	jg18686	AT2G35600.1
OG0007893	jg18697	AT2G35650.1
OG0007894	jg18712	AT2G35790.1
OG0007895	jg18714	AT2G35800.1
OG0007896	jg18718	AT2G35850.1
OG0007897	jg18719	AT2G35860.1
OG0007898	jg18724	AT2G35910.1
OG0007899	jg18733	AT2G36000.1
OG0007900	jg18741	AT2G36090.1
OG0007901	jg18751	AT2G36200.2
OG0007902	jg18752	AT2G36210.1
OG0007903	jg18753	AT2G36220.1
OG0007904	jg18759	AT2G36270.3
OG0007905	jg18764	AT2G36310.1
OG0007906	jg18774	AT2G36390.1
OG0007907	jg18776	AT2G36410.1
OG0007908	jg18777	AT2G36420.1
OG0007909	jg18783	AT2G36470.1
OG0007910	jg18787	AT2G36500.1
OG0007912	jg18835	AT2G36930.1
OG0007913	jg18850	AT2G37050.3
OG0007914	jg18854	AT2G37080.1
OG0007915	jg18857	AT2G37110.1
OG0007916	jg18859	AT2G37130.1
OG0007917	jg18874	AT2G37250.1
OG0007918	jg18877	AT2G37280.3
OG0007919	jg18882	AT2G37330.1
OG0007920	jg18885	AT2G37370.1
OG0007921	jg18890	AT2G37410.1
OG0007922	jg18894, jg18893, jg18891	AT2G37420.1
OG0007923	jg18895	AT2G37430.1
OG0007924	jg18912	AT2G37550.1
OG0007925	jg18929	AT2G37678.1
OG0007926	jg18950	AT2G37860.3
OG0007927	jg18951	AT2G37870.1
OG0007928	jg18953	AT2G37890.1
OG0007929	jg18954	AT2G37900.1
OG0007930	jg18964	AT2G37980.1
OG0007931	jg18965	AT2G37990.1
OG0007932	jg18967	AT2G38010.2
OG0007933	jg18972	AT2G38040.1
OG0007934	jg18987, jg18985	AT2G38152.1
OG0007935	jg18996	AT2G38270.1
OG0007936	jg19005	AT2G38290.1
OG0007937	jg19009	AT2G38320.1
OG0007938	jg19030	AT2G38465.1
OG0007939	jg19034	AT2G38490.1
OG0007940	jg19036	AT2G38510.1
OG0007941	jg19045	AT2G38610.1
OG0007942	jg19055	AT2G38710.1
OG0007943	jg19057	AT2G38730.1
OG0007944	jg19059	AT2G38750.1
OG0007945	jg19060	AT2G38760.1
OG0007946	jg19061	AT2G38770.1
OG0007947	jg19063	AT2G38790.1
OG0007948	jg19071	AT2G38880.11
OG0007949	jg19086	AT2G39020.1
OG0007950	jg19089	AT2G39050.1
OG0007951	jg19092	AT2G39080.1
OG0007952	jg19097	AT2G39130.1
OG0007953	jg19159	AT2G39420.1
OG0007954	jg19167	AT2G39470.1
OG0007955	jg19178	AT2G39560.1
OG0007956	jg19183	AT2G39630.1
OG0007957	jg19186	AT2G39660.1
OG0007958	jg19191	AT2G39705.1
OG0007959	jg19212	AT2G39830.2
OG0007960	jg19213	AT2G39840.1
OG0007961	jg19217	AT2G39855.1
OG0007962	jg19218	AT2G39870.1
OG0007963	jg19226	AT2G39940.1
OG0007964	jg19243	AT2G40070.1
OG0007965	jg19250	AT2G40113.1
OG0007966	jg19260, jg19259	AT2G40150.1
OG0007967	jg19262	AT2G40170.1
OG0007968	jg19263	AT2G40180.1
OG0007969	jg19272	AT2G40220.1
OG0007970	jg19318	AT2G40540.1
OG0007971	jg19331	AT2G40650.1
OG0007972	jg19339	AT2G40740.3
OG0007973	jg19344	AT2G40770.1
OG0007974	jg19345	AT2G40780.1
OG0007975	jg19356	AT2G40880.1
OG0007976	jg19375	AT2G40990.1
OG0007977	jg19385	AT2G41070.4
OG0007978	jg19431	AT2G41460.1
OG0007979	jg19433	AT2G41475.1
OG0007980	jg19440	AT2G41540.1
OG0007981	jg19470	AT2G41800.1
OG0007982	jg19476	AT2G41820.1
OG0007983	jg19479	AT2G41850.1
OG0007984	jg19491	AT2G41945.3
OG0007985	jg19497	AT2G41990.1
OG0007986	jg19506	AT2G42080.1
OG0007987	jg12861	AT4G00690.1
OG0007988	jg19521	AT5G38660.2
OG0007989	jg19529	AT2G42280.3
OG0007990	jg19542	AT2G42380.2
OG0007991	jg19543	AT2G42390.1
OG0007992	jg19544	AT2G42395.1
OG0007993	jg19545	AT2G42400.1
OG0007994	jg19546	AT2G42410.3
OG0007995	jg19573	AT2G42570.1
OG0007996	jg19574	AT2G42580.1
OG0007997	jg19601	AT2G42820.1
OG0007998	jg19613	AT2G42890.1
OG0007999	jg19628	AT2G43040.1
OG0008000	jg19662	AT2G43320.1
OG0008001	jg19666	AT2G43360.1
OG0008002	jg19701	AT2G43610.1
OG0008003	jg19702, jg19703	AT2G43620.1
OG0008004	jg19714	AT2G43710.1
OG0008005	jg19728	AT2G43800.1
OG0008006	jg19748	AT2G44010.1
OG0008007	jg19751	AT2G44060.1
OG0008008	jg19762	AT2G44150.1
OG0008009	jg19770	AT2G44190.1
OG0008010	jg19796	AT2G44420.2
OG0008011	jg19819	AT2G44620.1
OG0008012	jg19823	AT2G44650.1
OG0008013	jg19837	AT2G44770.1
OG0008014	jg19844	AT2G44830.1
OG0008015	jg16090	AT3G60330.1
OG0008016	jg19854	AT2G44910.1
OG0008017	jg19862	AT2G44950.1
OG0008018	jg19863	AT2G44970.1
OG0008019	jg19899	AT2G45130.1
OG0008020	jg19903	AT2G45160.1
OG0008021	jg19905	AT2G45170.1
OG0008022	jg19934	AT2G45420.1
OG0008023	jg19968	AT2G45720.1
OG0008024	jg19971	AT2G45750.1
OG0008025	jg20000	AT2G46020.2
OG0008026	jg20007	AT2G46070.3
OG0008027	jg20008	AT2G46080.1
OG0008028	jg20013	AT2G46140.1
OG0008029	jg20019	AT2G46200.1
OG0008030	jg20022	AT2G46225.2
OG0008031	jg20026	AT2G46250.1
OG0008032	jg20056	AT2G46500.1
OG0008033	jg20058	AT2G46510.1
OG0008034	jg20070	AT2G46630.1
OG0008035	jg20077	AT2G46710.1
OG0008036	jg20079	AT2G46735.1
OG0008037	jg20128	AT2G47190.1
OG0008038	jg20170	AT2G47550.1
OG0008039	jg20177	AT2G47620.1
OG0008040	jg20182	AT2G47670.1
OG0008041	jg20204	AT2G47890.1
OG0008042	jg20206	AT2G47900.3
OG0008043	jg20212	AT2G47970.1
OG0008043	jg16369	AT3G63000.1
OG0008044	jg12899	AT2G01080.1
OG0008045	jg12902	AT2G01100.1
OG0008046	jg12904	AT2G01120.2
OG0008047	jg12909	AT2G01180.3
OG0008048	jg12910	AT2G01190.1
OG0008049	jg12918	AT2G01275.3
OG0008050	jg12927	AT2G01390.1
OG0008051	jg12939	AT2G01500.1
OG0008052	jg12968	AT2G01670.1
OG0008053	jg12986	AT2G01820.1
OG0008054	jg13019	AT2G02050.1
OG0008055	jg13023	AT2G02080.1
OG0008056	jg13032	AT2G02160.1
OG0008058	jg13049	AT2G02370.1
OG0008059	jg13071	AT2G02730.1
OG0008060	jg13117	AT2G03200.1
OG0008061	jg13136	AT2G03350.1
OG0008062	jg13144	AT2G03440.1
OG0008063	jg13174	AT2G03720.2
OG0008064	jg13176	AT2G03730.1
OG0008065	jg13178	AT2G03750.1
OG0008066	jg13221	AT3G25600.1
OG0008067	jg13250	AT3G25840.1
OG0008068	jg13253	AT3G25860.1
OG0008069	jg13254	AT3G25870.1
OG0008070	jg13264	AT3G25905.1
OG0008071	jg13267	AT3G25920.1
OG0008072	jg13280	AT3G26030.1
OG0008073	jg13294	AT3G26110.1
OG0008074	jg13309	AT3G26210.1
OG0008075	jg13325	AT3G26370.1
OG0008076	jg13328	AT3G26400.1
OG0008077	jg13329	AT3G26410.1
OG0008078	jg13330	AT3G26420.1
OG0008079	jg13341	AT3G26520.1
OG0008080	jg13366	AT3G26740.1
OG0008081	jg13370	AT3G26770.1
OG0008082	jg13376	AT3G26790.1
OG0008083	jg13386	AT3G26910.3
OG0008084	jg13396	AT3G26932.1
OG0008085	jg13425	AT3G27200.1
OG0008086	jg13468	AT3G27340.1
OG0008087	jg13513	AT3G27570.1
OG0008088	jg13519	AT3G27640.1
OG0008089	jg13522	AT3G27660.1
OG0008090	jg13527	AT3G27700.1
OG0008091	jg13537	AT3G27810.1
OG0008092	jg13547, jg13600	AT3G27890.1
OG0008093	jg13560	AT3G28007.1
OG0008094	jg13599	AT3G28340.1
OG0008095	jg13610	AT3G28420.1
OG0008096	jg13631	AT3G28570.2
OG0008097	jg13633	AT3G28580.1
OG0008098	jg13643	AT3G28700.1
OG0008099	jg13683	AT3G28917.1
OG0008100	jg13685	AT3G28920.1
OG0008101	jg13709	AT3G29035.1
OG0008102	jg13829	AT3G29770.1
OG0008103	jg13835, jg13831	AT3G29810.1
OG0008104	jg13865	AT3G30350.2
OG0008105	jg13881	AT3G30530.1
OG0008106	jg13889	AT3G30725.1
OG0008107	jg13985	AT3G42880.1
OG0008108	jg14083	AT3G43960.1
OG0008110	jg14177	AT3G44600.1
OG0008111	jg14184	AT3G44610.1
OG0008112	jg14233, jg14232	AT3G44810.1
OG0008113	jg14266, jg14262	AT3G45040.1
OG0008114	jg4635, jg14359	AT5G07950.1
OG0008115	jg14388	AT3G46100.1
OG0008115	jg4078	AT5G03406.1
OG0008116	jg14402	AT3G46200.1
OG0008117	jg14403	AT3G46210.1
OG0008118	jg14448	AT3G46640.3
OG0008119	jg14461	AT3G46750.1
OG0008120	jg14505	AT3G47070.1
OG0008121	jg14584	AT3G47810.1
OG0008122	jg14599	AT3G47980.1
OG0008123	jg14607	AT3G48030.1
OG0008124	jg14625	AT3G48180.1
OG0008125	jg14662	AT3G48460.1
OG0008126	jg14673	AT3G48550.1
OG0008127	jg14676	AT3G48580.1
OG0008128	jg14681	AT4G01780.1, AT3G48670.1
OG0008129	jg14701	AT3G48760.1
OG0008130	jg14742	AT3G49100.1
OG0008131	jg14765	AT3G49240.1
OG0008132	jg14767	AT3G49260.3
OG0008133	jg14792	AT3G49480.2
OG0008134	jg14796	AT3G49490.1
OG0008135	jg14824	AT3G49680.1
OG0008136	jg14848	AT3G49880.1
OG0008137	jg14850	AT3G49900.2
OG0008138	jg14870	AT3G50040.1
OG0008139	jg14904	AT3G50390.1
OG0008140	jg14922	AT3G50530.2
OG0008141	jg14928	AT3G50580.1
OG0008142	jg14935	AT3G50660.1
OG0008143	jg14952	AT3G50780.1
OG0008144	jg14954	AT3G50800.1
OG0008145	jg14959	AT3G50830.1
OG0008146	jg14984	AT3G51010.1
OG0008147	jg14992	AT3G51090.1
OG0008148	jg14999	AT3G51140.1
OG0008149	jg15005	AT3G51220.1
OG0008150	jg15024	AT3G51380.1
OG0008151	jg10630	AT4G19520.1
OG0008151	jg15042	AT3G51560.1
OG0008152	jg15051	AT3G51660.1
OG0008153	jg15053	AT3G51680.1
OG0008154	jg15092	AT3G51880.2
OG0008155	jg15112	AT3G52040.1
OG0008156	jg15114	AT3G52060.1
OG0008157	jg15115	AT3G52070.1
OG0008158	jg15118	AT3G52090.2
OG0008159	jg15119	AT3G52100.1
OG0008161	jg15195	AT3G52730.2
OG0008162	jg15210	AT3G52870.1
OG0008163	jg15212	AT3G52890.1
OG0008164	jg15222	AT3G52960.1
OG0008165	jg15227	AT3G53010.1
OG0008166	jg15251	AT3G53200.1
OG0008167	jg15270	AT3G53390.1
OG0008168	jg15285	AT3G53530.2
OG0008169	jg15291	AT3G53580.1
OG0008170	jg15297	AT3G53620.1
OG0008171	jg15298	AT3G53630.2
OG0008172	jg15306	AT3G53710.1
OG0008173	jg15314	AT3G53780.2
OG0008174	jg15318	AT3G53820.1
OG0008175	jg15321	AT3G53850.1
OG0008176	jg15341	AT3G54050.1
OG0008177	jg15350	AT3G54120.1
OG0008178	jg15354	AT3G54140.1
OG0008179	jg15357	AT3G54170.1
OG0008180	jg15368	AT3G54290.1
OG0008181	jg15369	AT3G54310.1
OG0008182	jg15370	AT3G54320.1
OG0008183	jg15371	AT3G54340.1
OG0008184	jg15375	AT3G54400.1
OG0008185	jg15403	AT3G54680.1
OG0008186	jg15407	AT3G54720.1
OG0008187	jg15411	AT3G54770.1
OG0008188	jg15429	AT3G54920.1
OG0008189	jg15432	AT3G54950.1
OG0008190	jg15443	AT3G55050.1
OG0008191	jg15462	AT3G55240.1
OG0008192	jg15463	AT3G55250.1
OG0008193	jg15475	AT3G55370.3
OG0008194	jg15481	AT3G55420.1
OG0008195	jg15517	AT3G55646.1
OG0008196	jg15520	AT3G55690.1
OG0008197	jg15535	AT3G55800.1
OG0008198	jg15543	AT3G55880.2
OG0008199	jg15565	AT3G55970.1
OG0008200	jg15570	AT3G56010.1
OG0008201	jg15571	AT3G56030.1
OG0008202	jg15573	AT3G56050.1
OG0008203	jg15599	AT3G56290.1
OG0008204	jg15607	AT3G56360.1
OG0008205	jg15619	AT3G56470.1
OG0008206	jg15725, jg15656	AT3G57230.1
OG0008207	jg15664	AT3G57150.1
OG0008208	jg15690	AT3G56940.1
OG0008209	jg15697	AT3G56880.1
OG0008210	jg15765	AT3G57530.1
OG0008211	jg15768	AT3G57560.1
OG0008212	jg15783	AT3G57650.1
OG0008213	jg15837	AT3G58170.1
OG0008214	jg15898	AT3G58710.1
OG0008215	jg15905	AT3G58780.4
OG0008216	jg15940	AT3G59010.1
OG0008217	jg15950	AT3G59090.2
OG0008218	jg15959	AT3G59200.1
OG0008219	jg15974	AT3G59300.3
OG0008220	jg15985	AT3G59400.1
OG0008221	jg15992	AT3G59470.2
OG0008222	jg15999	AT3G59510.1
OG0008223	jg16019	AT3G59710.2
OG0008224	jg16047	AT3G59950.1
OG0008225	jg16083	AT3G60260.1
OG0008226	jg16101	AT3G60440.1
OG0008227	jg16102	AT3G60450.2
OG0008228	jg16103	AT3G60460.1
OG0008229	jg16106	AT3G60480.3
OG0008230	jg16107	AT3G60490.1
OG0008231	jg16111	AT3G60520.1
OG0008232	jg16112	AT3G60530.1
OG0008233	jg16117	AT3G60590.3
OG0008234	jg16126	AT3G60670.1
OG0008235	jg16128	AT3G60690.1
OG0008236	jg16153	AT3G61050.1
OG0008237	jg16164	AT3G61130.1
OG0008238	jg16165	AT3G61140.1
OG0008239	jg16167	AT3G61160.2
OG0008240	jg16179	AT3G61270.1
OG0008241	jg16223	AT3G61670.1
OG0008242	jg16233	AT3G61710.1
OG0008243	jg16238	AT3G61740.1
OG0008244	jg16249	AT3G61850.4
OG0008245	jg16254	AT3G61910.1
OG0008246	jg16256	AT3G61930.1
OG0008247	jg16259	AT3G61960.1
OG0008248	jg16271	AT3G62030.2
OG0008249	jg16298	AT3G62280.1
OG0008250	jg16310	AT3G62390.1
OG0008251	jg16317	AT3G62440.1
OG0008252	jg16331	AT3G62650.1
OG0008253	jg16378	AT3G63070.1
OG0008254	jg16389, jg16405	AT3G63180.1
OG0008255	jg16415	AT3G63260.1
OG0008256	jg3807	AT5G01990.1
OG0008257	jg3836	AT5G01790.1
OG0008258	jg21395, jg3839	AT5G01760.1
OG0008259	jg3890	AT5G01360.1
OG0008260	jg3892	AT5G01340.1
OG0008261	jg3904	AT5G01230.1
OG0008262	jg20918	AT5G43240.1
OG0008262	jg3920	AT5G01120.1
OG0008263	jg3922	AT5G01100.1
OG0008264	jg3932	AT5G02020.1
OG0008265	jg3971	AT5G02370.1
OG0008266	jg3973	AT5G02390.1
OG0008267	jg3979	AT5G02430.1
OG0008268	jg3991	AT5G02550.1
OG0008269	jg4021	AT5G02880.1
OG0008270	jg4038	AT5G03040.1
OG0008271	jg4041	AT5G03080.1
OG0008272	jg4047	AT5G03170.1
OG0008273	jg4052	AT5G03230.1
OG0008274	jg4057	AT5G03260.1
OG0008275	jg4072, jg4075	AT5G03370.1
OG0008276	jg4095	AT5G03530.1
OG0008277	jg4111	AT5G03670.1
OG0008278	jg4119	AT5G03760.1
OG0008279	jg4132	AT5G03870.1
OG0008280	jg4134	AT5G03890.1
OG0008281	jg4136	AT5G03905.1
OG0008282	jg4141	AT5G03940.1
OG0008283	jg4156	AT5G04070.1
OG0008284	jg4158	AT5G04110.2
OG0008285	jg4167	AT5G04200.1
OG0008286	jg4181	AT5G04320.2
OG0008287	jg4201	AT5G04500.1
OG0008288	jg4206	AT5G04550.1
OG0008289	jg4229	AT5G04820.1
OG0008290	jg4249	AT5G04980.2
OG0008291	jg4258	AT5G05080.1
OG0008292	jg4265	AT5G05120.1
OG0008293	jg4269	AT5G05140.1
OG0008294	jg4273	AT5G05180.1
OG0008295	jg4275	AT5G05200.1
OG0008296	jg4276	AT5G05210.1
OG0008297	jg4284	AT5G05290.1
OG0008298	jg4291	AT5G05360.1
OG0008299	jg4295	AT5G05390.1
OG0008300	jg4300	AT5G05450.1
OG0008301	jg4306	AT5G05500.1
OG0008302	jg4314	AT5G05570.1
OG0008303	jg4316	AT1G29410.2, AT5G05590.1, AT1G07780.1
OG0008304	jg4327	AT5G05690.1
OG0008305	jg4339	AT5G05830.1
OG0008306	jg4355	AT5G05987.1
OG0008307	jg4367	AT5G06070.1
OG0008308	jg4383	AT5G06220.2
OG0008309	jg4386	AT5G06250.4
OG0008310	jg4396	AT5G06280.1
OG0008311	jg4398	AT5G06300.1
OG0008312	jg4415	AT5G06380.1
OG0008313	jg4422, jg4508	AT5G06430.1
OG0008314	jg4432	AT5G06530.1
OG0008315	jg4442	AT5G06680.1, AT1G37010.1
OG0008316	jg4501	AT5G06800.2
OG0008317	jg4506	AT5G06839.3
OG0008318	jg4516	AT5G06920.1
OG0008319	jg4529	AT5G07030.1
OG0008320	jg4568	AT5G07310.1
OG0008321	jg4602	AT5G07580.1
OG0008322	jg4610	AT5G07670.1
OG0008323	jg4629	AT5G07890.1
OG0008324	jg4632	AT5G07920.1
OG0008325	jg4652	AT5G08060.1
OG0008326	jg4654	AT5G08080.3
OG0008327	jg4655	AT5G08100.1
OG0008328	jg4662	AT5G08150.1
OG0008329	jg4671	AT5G08260.1
OG0008330	jg4674	AT5G08290.1
OG0008331	jg4685	AT5G08370.1
OG0008332	jg4712	AT5G08560.1
OG0008333	jg4715	AT5G08580.1
OG0008334	jg4720	AT5G08630.1
OG0008335	jg4723	AT5G08660.1
OG0008336	jg4742	AT5G09270.1
OG0008337	jg4776	AT5G09600.1, AT4G32210.1
OG0008338	jg4803	AT5G09850.1
OG0008339	jg4808	AT5G09880.1
OG0008340	jg4826	AT5G10020.1
OG0008341	jg4827	AT5G10030.1
OG0008342	jg4830	AT5G10060.1
OG0008343	jg4836	AT5G10120.1
OG0008344	jg4840, jg4837	AT5G10130.1
OG0008345	jg4846	AT5G10160.1
OG0008346	jg4861	AT5G10310.2
OG0008347	jg4877	AT5G10480.3
OG0008348	jg4881	AT5G10520.1
OG0008349	jg4888	AT5G10580.3
OG0008350	jg4892	AT5G10610.1
OG0008350	jg4890	AT5G10600.1
OG0008351	jg4908	AT5G10770.1
OG0008352	jg4912	AT5G10810.1
OG0008353	jg4925	AT5G10960.1
OG0008354	jg4929	AT5G11000.1
OG0008355	jg4942	AT5G11130.1
OG0008356	jg4961	AT5G11320.1
OG0008357	jg4979	AT5G11470.1
OG0008358	jg4980	AT5G11480.1
OG0008359	jg4983	AT5G11510.1
OG0008360	jg4988	AT5G11560.1
OG0008361	jg5005	AT5G11730.1
OG0008362	jg5018	AT5G11830.1
OG0008363	jg5029	AT5G11900.1
OG0008364	jg5030	AT5G11910.4
OG0008365	jg5032	AT5G11930.1
OG0008366	jg5051	AT5G12120.1
OG0008367	jg5054	AT5G12140.1
OG0008368	jg5059	AT5G12190.1
OG0008369	jg5064	AT5G12230.1
OG0008370	jg5065	AT5G12235.1
OG0008371	jg5066	AT5G12240.2
OG0008372	jg5075	AT5G12330.4
OG0008373	jg5090	AT5G12460.1
OG0008374	jg5114	AT5G13030.1
OG0008375	jg5121	AT5G13070.1
OG0008376	jg5122	AT5G13080.1
OG0008377	jg5123	AT5G13090.1
OG0008378	jg5124	AT5G13100.1
OG0008379	jg5129	AT5G13150.1
OG0008380	jg5144	AT5G13300.1
OG0008381	jg5161	AT5G13480.2
OG0008382	jg5163	AT5G13500.1
OG0008383	jg5167	AT5G13550.1
OG0008384	jg5168	AT5G13560.1
OG0008385	jg5169	AT5G13570.2
OG0008386	jg5175	AT5G13640.1
OG0008387	jg5176	AT5G13650.2
OG0008388	jg5181	AT5G13710.1
OG0008389	jg5209	AT5G13950.3
OG0008390	jg5210	AT5G13960.1
OG0008391	jg5212	AT5G13980.1
OG0008392	jg5263	AT5G14440.1
OG0008393	jg5295	AT5G14720.1
OG0008394	jg5298	AT5G14750.1
OG0008395	jg5353	AT5G15265.1
OG0008396	jg5354	AT5G15270.1
OG0008397	jg5363	AT5G15380.1
OG0008398	jg5365	AT5G15400.1
OG0008399	jg5379	AT5G15530.1
OG0008400	jg5385	AT5G15600.1
OG0008401	jg5392	AT5G15680.1
OG0008402	jg5398	AT5G15750.1
OG0008403	jg5401	AT5G15780.1
OG0008404	jg5402	AT5G15790.4
OG0008405	jg5422	AT5G15950.1
OG0008406	jg5423	AT5G15970.1, AT5G15960.1
OG0008407	jg5436	AT5G16110.1
OG0008408	jg5439	AT5G16150.1
OG0008409	jg5455	AT5G16320.1
OG0008410	jg5471	AT5G16460.1
OG0008411	jg5481	AT5G16530.1
OG0008412	jg5487	AT5G16600.1
OG0008413	jg5489	AT5G16620.1
OG0008414	jg5497	AT5G16660.1
OG0008415	jg5505	AT5G16750.1
OG0008416	jg5506	AT5G16760.1
OG0008417	jg5507	AT5G16770.1
OG0008418	jg5518	AT5G16880.1
OG0008419	jg5524	AT5G16950.1
OG0008420	jg5537	AT5G17070.1
OG0008421	jg5547	AT5G17210.1
OG0008422	jg5553	AT5G17260.1
OG0008423	jg5557	AT5G17290.1
OG0008424	jg5605	AT5G17710.2
OG0008425	jg5622	AT5G17850.1
OG0008427	jg5666	AT5G18230.4
OG0008428	jg5694	AT5G18490.1
OG0008429	jg5695	AT5G18500.1
OG0008430	jg5701	AT5G18550.1
OG0008431	jg5748	AT5G18970.1
OG0008432	jg5755	AT5G19040.1
OG0008433	jg5759	AT5G19090.1
OG0008434	jg5762	AT5G19100.1
OG0008435	jg5779	AT5G19180.1
OG0008436	jg5784	AT5G19250.1
OG0008437	jg5785	AT5G19260.1
OG0008438	jg5788	AT5G19280.2
OG0008439	jg5794	AT5G19350.1
OG0008440	jg5818	AT5G19560.4
OG0008441	jg5819	AT5G19570.1
OG0008442	jg5821	AT5G19590.1
OG0008443	jg5835	AT5G19730.1
OG0008444	jg5852	AT5G19880.1
OG0008445	jg5853	AT5G19890.1
OG0008446	jg5854	AT5G19900.1
OG0008447	jg5855	AT5G19920.1
OG0008448	jg5857	AT5G19940.1
OG0008449	jg5869	AT5G20050.1
OG0008450	jg5870	AT5G20060.1
OG0008451	jg5875	AT5G20110.1
OG0008452	jg5881	AT5G20165.3
OG0008453	jg5885	AT5G20200.1
OG0008454	jg5894	AT5G20280.1
OG0008455	jg5911	AT5G20490.2
OG0008456	jg5912	AT5G20500.1
OG0008457	jg5914	AT5G20520.1
OG0008458	jg5935	AT5G20700.1
OG0008459	jg5948	AT5G20850.1
OG0008460	jg5951	AT5G20870.1
OG0008461	jg5959	AT5G20935.1
OG0008462	jg5964	AT5G20970.1
OG0008463	jg5970	AT5G21050.1
OG0008464	jg5981	AT5G21160.3
OG0008465	jg5982	AT5G21170.2
OG0008466	jg5992	AT5G21940.1
OG0008467	jg5999	AT5G21990.1
OG0008468	jg6009	AT5G22070.1
OG0008469	jg6050	AT5G22390.1
OG0008470	jg6063	AT5G22520.1
OG0008470	jg6064	AT5G22530.1
OG0008471	jg6073	AT5G22570.1
OG0008472	jg6112	AT5G22800.2
OG0008473	jg6118	AT5G22850.1
OG0008474	jg6119	AT5G22860.1
OG0008475	jg6135	AT5G23000.1
OG0008476	jg6168	AT5G23220.1
OG0008476	jg6169	AT5G23230.1
OG0008477	jg6180	AT5G23310.1
OG0008478	jg6182	AT5G23340.1
OG0008479	jg6198	AT5G23490.2
OG0008480	jg6201	AT5G23530.1
OG0008481	jg6205	AT5G23550.1
OG0008482	jg6219	AT5G23710.1
OG0008483	jg6225	AT5G23750.3
OG0008484	jg6240	AT5G23910.2
OG0008485	jg6243	AT5G23940.1
OG0008486	jg6269	AT5G24165.1
OG0008487	jg6293	AT5G24330.1
OG0008488	jg6318	AT5G24530.1
OG0008489	jg6323	AT5G24570.1
OG0008490	jg6324	AT5G24580.1
OG0008491	jg6327	AT5G24600.1
OG0008492	jg6330	AT5G24620.3
OG0008493	jg6331	AT5G24630.6
OG0008494	jg6338	AT5G24690.1
OG0008495	jg6339	AT5G24710.1
OG0008496	jg9122	AT4G32670.1
OG0008497	jg6378	AT5G25080.1
OG0008498	jg6387	AT5G25150.1
OG0008499	jg6389	AT5G25170.1
OG0008500	jg6399	AT5G25265.1
OG0008501	jg6411	AT5G25340.1
OG0008502	jg6413	AT5G25360.3
OG0008503	jg6414	AT5G25370.1
OG0008504	jg6439	AT5G25540.1
OG0008505	jg6474	AT5G25890.1
OG0008506	jg6539	AT5G26330.1
OG0008507	jg6542	AT5G26570.1
OG0008508	jg6543	AT5G26594.1
OG0008509	jg6547	AT5G26740.1
OG0008510	jg6548	AT5G26731.1
OG0008511	jg6551	AT5G26720.1
OG0008512	jg6574	AT5G26770.5
OG0008513	jg6583	AT5G26850.1
OG0008514	jg6592	AT5G26990.1
OG0008515	jg6593	AT5G27000.1
OG0008516	jg6604	AT5G27920.1
OG0008517	jg6607	AT5G27880.1
OG0008518	jg6643	AT5G27610.1
OG0008519	jg6656	AT5G27450.1
OG0008520	jg6657	AT5G27430.1
OG0008521	jg6664	AT5G27380.1
OG0008522	jg6822	AT5G28750.1
OG0008523	jg6774	AT5G28290.1
OG0008524	jg6800	AT5G28640.1
OG0008525	jg6862	AT5G28840.1
OG0008526	jg6909	AT5G30510.1
OG0008527	jg7038	AT4G08180.1
OG0008528	jg7262	AT4G09560.1
OG0008529	jg7328	AT4G09960.4
OG0008530	jg7412	AT4G10610.1
OG0008531	jg7416	AT4G10640.1
OG0008532	jg7430	AT4G10790.1
OG0008533	jg10113	AT4G23760.1
OG0008534	jg7481	AT4G11160.2
OG0008535	jg7494	AT4G11270.1
OG0008536	jg7529	AT4G11510.1
OG0008537	jg7539	AT4G11560.1
OG0008538	jg7545, jg7548	AT4G11590.1
OG0008539	jg7577	AT4G11780.1
OG0008540	jg7578	AT4G11790.1
OG0008541	jg7608	AT4G12070.1
OG0008542	jg7621	AT4G12120.1
OG0008543	jg7639	AT4G12360.1
OG0008544	jg7645	AT4G12420.1
OG0008545	jg7674	AT4G05540.1
OG0008546	jg7703	AT4G04500.1
OG0008547	jg7762	AT4G05010.1
OG0008548	jg7792, jg7794	AT4G05270.1
OG0008549	jg7832, jg7834	AT4G03565.1
OG0008550	jg7848	AT4G02715.1
OG0008551	jg7874	AT4G02880.2
OG0008552	jg7902	AT4G03020.1
OG0008553	jg7907	AT4G03100.1
OG0008554	jg7925	AT4G03290.1
OG0008555	jg7955	AT4G02600.1
OG0008556	jg7998	AT4G02195.1
OG0008557	jg8030	AT4G02040.1
OG0008558	jg8071	AT4G01670.1
OG0008559	jg8097	AT4G01410.1
OG0008560	jg8106	AT4G01290.1
OG0008561	jg8121	AT4G01100.2
OG0008562	jg8128	AT4G01050.2
OG0008563	jg8135	AT3G06455.1, AT4G01000.1
OG0008564	jg8158	AT4G00840.1
OG0008565	jg8172	AT4G00700.1
OG0008566	jg8175	AT4G00670.1
OG0008567	jg8183	AT4G00570.1
OG0008568	jg8195	AT4G00480.2
OG0008569	jg8216	AT4G00305.1
OG0008570	jg8224	AT4G00220.1
OG0008571	jg8238	AT4G00080.1
OG0008572	jg8272	AT4G38140.1
OG0008573	jg8286	AT4G38250.1
OG0008574	jg8299, jg8306	AT4G38430.1
OG0008575	jg8315	AT4G38520.1
OG0008576	jg8322	AT4G38580.1
OG0008577	jg8327	AT4G38620.1
OG0008578	jg8350	AT4G38830.1
OG0008579	jg8351	AT4G38840.1
OG0008580	jg8353	AT4G38860.1
OG0008581	jg8357	AT4G38900.1
OG0008582	jg8364	AT4G38960.3
OG0008583	jg8376	AT4G39070.1
OG0008584	jg8389	AT4G39190.1
OG0008585	jg8405	AT4G39360.1
OG0008586	jg8470	AT4G39740.1
OG0008587	jg8479	AT4G39795.1
OG0008588	jg8488	AT4G39870.1
OG0008589	jg8494	AT4G39917.1
OG0008590	jg8512	AT4G40060.1
OG0008591	jg8528	AT4G38040.1
OG0008592	jg8537	AT4G37940.1
OG0008593	jg8716, jg8719, jg8566, jg8543	AT4G37900.1
OG0008594	jg8555	AT4G37790.1
OG0008595	jg8560	AT4G37740.1
OG0008596	jg8561	AT4G37730.1
OG0008597	jg8563	AT4G37710.1
OG0008598	jg8569	AT4G37660.1
OG0008599	jg8575	AT4G37590.1
OG0008600	jg8579	AT4G37540.1
OG0008601	jg8580	AT4G37520.1
OG0008602	jg8581	AT4G37510.1
OG0008603	jg8593	AT4G37430.1
OG0008604	jg8603	AT4G37300.1
OG0008605	jg8612	AT4G36880.1
OG0008606	jg8614	AT4G36900.1
OG0008607	jg8622	AT4G36970.1
OG0008608	jg8641	AT4G37160.1
OG0008609	jg8646	AT4G37210.1
OG0008610	jg8683	AT4G36540.1
OG0008611	jg8693	AT4G36430.1
OG0008612	jg8699	AT4G36360.1
OG0008613	jg8704	AT4G36260.1
OG0008614	jg8708	AT4G36220.1
OG0008615	jg8752	AT4G35860.1
OG0008616	jg8756	AT4G35820.1
OG0008617	jg8758	AT4G35800.1
OG0008618	jg8769	AT4G35730.1
OG0008619	jg8776, jg8780	AT4G35680.1
OG0008620	jg8794	AT4G35530.1
OG0008622	jg8814	AT4G35320.1
OG0008623	jg8821	AT4G35260.1
OG0008624	jg8826	AT4G35240.1
OG0008625	jg8832	AT4G35190.1
OG0008626	jg8850	AT4G35060.1
OG0008627	jg8862	AT4G34940.1
OG0008628	jg8878	AT4G34730.1
OG0008629	jg8884	AT4G34660.1
OG0008630	jg8904	AT4G34490.2
OG0008631	jg8905	AT4G34210.1
OG0008632	jg8909	AT4G34440.1
OG0008633	jg8910	AT4G34430.4
OG0008634	jg8912	AT4G34419.1
OG0008635	jg8917	AT4G34390.1
OG0008636	jg8937	AT4G34230.1
OG0008637	jg8952	AT4G34138.1
OG0008638	jg8965	AT4G34000.1
OG0008639	jg9038	AT4G33450.1
OG0008640	jg9041	AT4G33420.2
OG0008641	jg9043	AT4G33410.1
OG0008642	jg9045	AT4G33390.1
OG0008643	jg9046	AT4G33380.1
OG0008644	jg9065	AT4G33180.1
OG0008645	jg9067	AT4G33160.2
OG0008646	jg9071	AT4G33110.1, AT4G33120.1
OG0008647	jg9074	AT4G33090.1
OG0008648	jg9083	AT4G33040.1
OG0008649	jg9084	AT4G33030.1
OG0008650	jg9089	AT4G32980.1
OG0008651	jg9096	AT4G32915.1
OG0008652	jg9125	AT4G32650.1
OG0008653	jg9130	AT4G32600.1
OG0008654	jg9132	AT4G32570.1
OG0008655	jg9134	AT4G32551.2
OG0008656	jg9141	AT4G32520.1
OG0008657	jg9168	AT4G32272.2
OG0008658	jg9170	AT4G32250.1
OG0008659	jg9171	AT4G32190.1
OG0008660	jg9183	AT4G32160.1
OG0008661	jg9185	AT4G32140.1
OG0008662	jg9211	AT4G31880.1
OG0008663	jg9222	AT4G31780.3
OG0008664	jg9225	AT4G31750.1
OG0008665	jg9228	AT4G31730.1
OG0008666	jg9231	AT5G37170.1
OG0008667	jg9247	AT4G31560.1
OG0008668	jg9253	AT4G31510.1
OG0008669	jg9261	AT4G31410.1
OG0008670	jg9269	AT4G31340.1
OG0008671	jg9273	AT4G31290.1
OG0008672	jg9285	AT4G31140.1
OG0008673	jg9291	AT4G31060.1
OG0008674	jg9311	AT4G30880.1
OG0008675	jg9319	AT4G30850.1
OG0008676	jg9339	AT4G30700.1
OG0008677	jg9344	AT4G30660.1
OG0008678	jg9347	AT4G30630.1
OG0008679	jg9374	AT4G30370.1
OG0008680	jg9376	AT4G30350.1
OG0008681	jg9388	AT4G30230.1
OG0008682	jg9400	AT4G30110.1
OG0008683	jg9425	AT4G29940.1
OG0008684	jg9427	AT4G29920.2
OG0008685	jg9500	AT4G29360.2
OG0008686	jg9509	AT4G29260.1
OG0008687	jg9533	AT4G29000.1
OG0008688	jg9548	AT4G28830.1
OG0008689	jg9566	AT4G28660.2
OG0008690	jg9568	AT4G28640.2
OG0008691	jg9569	AT4G28630.1
OG0008692	jg9608	AT4G28280.2
OG0008693	jg9610	AT4G28260.1
OG0008694	jg9611	AT4G28250.1
OG0008695	jg9617	AT4G28190.2
OG0008696	jg9622	AT4G28140.1
OG0008697	jg9624	AT4G28110.1
OG0008698	jg9635	AT4G28025.1
OG0008699	jg9652	AT4G27880.1
OG0008700	jg9661	AT4G27810.1
OG0008701	jg9678	AT4G27660.1
OG0008702	jg9685	AT4G27600.1
OG0008703	jg9702	AT4G27480.1
OG0008704	jg9703	AT4G27470.1
OG0008705	jg9705	AT4G27450.1
OG0008706	jg9707	AT4G27435.1
OG0008707	jg9710	AT4G27420.1
OG0008708	jg9711	AT4G27410.3
OG0008709	jg9739	AT4G27120.1
OG0008710	jg9751	AT4G26990.1
OG0008711	jg9769	AT4G26810.1
OG0008712	jg9776	AT2G16030.1, AT4G26730.1
OG0008713	jg9818	AT4G26370.1
OG0008714	jg9834	AT4G26200.1
OG0008715	jg9860	AT4G25990.2
OG0008716	jg9881	AT4G25820.1
OG0008717	jg9905	AT4G25620.1
OG0008718	jg9910	AT4G25560.1
OG0008719	jg9926	AT4G25410.1
OG0008720	jg9935	AT4G25320.1
OG0008721	jg9951	AT4G25190.2
OG0008722	jg9968	AT4G25050.2
OG0008723	jg9969	AT4G25040.1
OG0008724	jg9975	AT4G24990.1
OG0008725	jg9982	AT4G24910.1
OG0008726	jg9983	AT4G24900.1
OG0008727	jg9992	AT4G24800.1
OG0008728	jg10018	AT4G24590.4
OG0008729	jg10019	AT4G24580.1
OG0008730	jg10023	AT4G24540.1
OG0008731	jg10028	AT4G24490.1
OG0008732	jg10050	AT4G24290.2
OG0008733	jg10052	AT4G24275.1
OG0008734	jg10067	AT4G24160.1
OG0008735	jg10070	AT4G24130.1
OG0008736	jg10076	AT4G24080.1
OG0008737	jg10079	AT4G24040.1
OG0008738	jg10084	AT4G24020.1
OG0008739	jg10085	AT4G24015.1
OG0008740	jg10102	AT4G23880.1
OG0008741	jg10110	AT4G23800.1
OG0008742	jg10112	AT4G23770.1
OG0008743	jg10115	AT4G23750.1
OG0008744	jg10117	AT4G23730.3
OG0008745	jg10131	AT4G23640.1
OG0008746	jg10133	AT4G23620.2
OG0008747	jg10142	AT4G23550.1
OG0008748	jg10148	AT4G23510.1
OG0008749	jg10151	AT4G23500.1
OG0008750	jg10154	AT4G23490.1
OG0008751	jg10223	AT4G23020.2
OG0008752	jg10224	AT4G23010.3
OG0008753	jg10227	AT4G22980.1
OG0008754	jg10229	AT4G22960.1
OG0008755	jg10237	AT4G22880.1
OG0008756	jg10250	AT4G22770.1
OG0008757	jg10272	AT4G22590.1
OG0008758	jg10299	AT4G22320.1
OG0008759	jg10300	AT4G22310.1
OG0008760	jg10311	AT4G22220.1
OG0008761	jg10327	AT4G22130.1
OG0008762	jg10394	AT4G21680.1
OG0008763	jg10419	AT4G21450.3
OG0008764	jg10453	AT4G21150.1
OG0008765	jg10463	AT4G21070.1
OG0008766	jg10472	AT4G21020.1
OG0008767	jg10515, jg10520, jg10527	AT4G20400.1
OG0008768	jg10549	AT4G20190.1
OG0008769	jg10550	AT4G20170.1
OG0008770	jg10552	AT4G20150.1
OG0008771	jg10567	AT4G20000.1
OG0008772	jg10571	AT4G19980.1
OG0008773	jg10634	AT4G19490.1
OG0008774	jg10641	AT4G19420.4
OG0008775	jg10659	AT4G19185.1
OG0008776	jg10661	AT4G19170.1
OG0008777	jg10664	AT4G19140.1
OG0008778	jg10680	AT4G19035.1
OG0008779	jg10689	AT4G18990.1
OG0008780	jg10700	AT4G18890.1
OG0008781	jg10701	AT4G18880.1
OG0008782	jg10705	AT4G18830.1
OG0008783	jg10709	AT4G18800.1
OG0008784	jg10717	AT4G18700.1
OG0008785	jg10758	AT4G18370.1
OG0008786	jg10804	AT4G18040.1
OG0008787	jg10813	AT4G17950.1
OG0008788	jg10814	AT4G17940.1
OG0008789	jg10831	AT4G17810.1
OG0008790	jg10833	AT4G17790.1
OG0008791	jg10835	AT4G17785.1
OG0008792	jg10842	AT4G17720.1
OG0008793	jg10892	AT4G17260.1
OG0008794	jg10893	AT4G17250.1
OG0008795	jg10897	AT4G17220.1
OG0008796	jg10898	AT4G17215.1
OG0008797	jg10916	AT4G17040.1
OG0008798	jg10942	AT4G16750.1
OG0008799	jg10956	AT4G16650.1
OG0008800	jg10967	AT1G02970.1
OG0008801	jg10983	AT4G16535.1
OG0008802	jg10996	AT4G16480.1
OG0008803	jg11002	AT4G16444.1
OG0008804	jg11039	AT4G16180.2
OG0008806	jg11090	AT4G15930.1
OG0008807	jg11138	AT4G15650.1
OG0008808	jg11147	AT4G15570.1
OG0008809	jg11157	AT4G15530.5
OG0008810	jg11159	AT4G15510.1
OG0008811	jg11171	AT4G15430.1
OG0008812	jg11203	AT4G15210.1
OG0008813	jg11241	AT4G14970.1
OG0008814	jg11330	AT4G14410.1
OG0008815	jg11340	AT4G14365.1
OG0008816	jg11364	AT4G14210.1
OG0008817	jg11440	AT4G13720.2
OG0008818	jg11510	AT4G13430.1
OG0008819	jg11520	AT4G13400.1
OG0008820	jg11527	AT4G13350.1
OG0008821	jg11562	AT4G13250.1
OG0008822	jg11657	AT4G12860.1
OG0008823	jg11673	AT4G12800.2
OG0008824	jg11721	AT4G12730.1
OG0008825	jg11959	AT5G35630.1
OG0008826	jg11964	AT5G35700.1
OG0008827	jg12044	AT5G36250.2
OG0008828	jg12154, jg12155	AT5G37290.1
OG0008830	jg12320	AT5G16590.1
OG0008831	jg12324	AT5G38200.1
OG0008832	jg12430	AT5G38865.1
OG0008833	jg12431	AT5G38880.1
OG0008834	jg12482	AT5G39220.1
OG0008835	jg12535	AT5G39610.1
OG0008836	jg12540	AT5G39680.1
OG0008837	jg12639	AT5G40320.1
OG0008838	jg12691	AT5G40720.1
OG0008839	jg12724	AT5G41040.1
OG0008840	jg12725	AT5G41050.1
OG0008841	jg12730	AT5G41100.1
OG0008842	jg12768	AT5G41410.1
OG0008843	jg12771	AT5G41460.1
OG0008844	jg12845	AT5G41970.1
OG0008845	jg12863	AT5G42090.1
OG0008846	jg20267	AT5G47690.3
OG0008847	jg20268	AT5G47680.1
OG0008848	jg20269	AT5G47670.1
OG0008849	jg20282	AT5G47560.1
OG0008850	jg20325	AT5G47230.1
OG0008851	jg20352	AT5G47060.1
OG0008852	jg20373	AT5G46880.1
OG0008853	jg20375	AT5G46860.1
OG0008854	jg20384	AT5G46780.1
OG0008855	jg20392	AT5G46700.1
OG0008856	jg20395	AT5G46650.1
OG0008857	jg20404	AT5G46560.1
OG0008858	jg20429	AT5G46380.2
OG0008859	jg20464	AT5G46070.1
OG0008860	jg20469	AT5G46030.1
OG0008861	jg20509	AT5G45720.1
OG0008862	jg20771, jg20532	AT5G45530.1
OG0008863	jg20555	AT5G45360.1
OG0008864	jg20558	AT5G45330.1
OG0008865	jg20595	AT5G45190.2
OG0008866	jg20613	AT5G45070.1
OG0008867	jg20654	AT5G44790.1
OG0008868	jg20662	AT5G44730.1
OG0008869	jg20703	AT5G44550.1
OG0008870	jg20717	AT5G44480.1
OG0008871	jg20758	AT5G44310.2
OG0008872	jg20763	AT5G44290.1
OG0008873	jg20780	AT5G44130.1
OG0008874	jg20799	AT5G43990.2
OG0008875	jg20804	AT5G43940.2
OG0008876	jg20818	AT5G43850.1
OG0008877	jg20834	AT5G43750.1
OG0008878	jg20855	AT5G43540.1
OG0008879	jg20904	AT5G43310.1
OG0008880	jg20906, jg20905	AT5G43300.1
OG0008881	jg20915	AT5G43270.1
OG0008882	jg20929	AT5G43155.1
OG0008883	jg20932	AT5G43130.2
OG0008884	jg20971	AT5G42970.1
OG0008885	jg21002	AT5G42900.1
OG0008886	jg21166	AT5G42210.1
OG0008887	jg21255	AT1G07830.1
OG0008888	jg21270	AT5G47840.1
OG0008889	jg21280	AT5G47920.1
OG0008890	jg21349	AT5G48170.1
OG0008891	jg21357	AT5G48240.3
OG0008892	jg21372	AT5G48380.1
OG0008893	jg21398	AT5G48560.1
OG0008894	jg21430	AT5G48657.5
OG0008895	jg21464	AT5G48890.1
OG0008896	jg21500	AT5G49000.2
OG0008897	jg21541	AT5G49210.1
OG0008898	jg21549	AT5G49240.1
OG0008899	jg21585	AT5G49510.1
OG0008900	jg21595	AT5G49550.1
OG0008901	jg21605	AT5G49620.2
OG0008903	jg21639	AT5G49890.1
OG0008904	jg21693	AT5G50320.1
OG0008905	jg21694	AT5G50330.1
OG0008906	jg21729	AT5G50690.1, AT5G50590.1
OG0008907	jg21738	AT5G50790.1
OG0008908	jg21748	AT5G50900.1
OG0008909	jg21785	AT5G51230.1
OG0008910	jg21810	AT5G51400.1
OG0008911	jg21812	AT5G51430.1
OG0008912	jg21817	AT5G51460.1
OG0008913	jg21821	AT5G51510.1
OG0008914	jg21822	AT5G51520.1
OG0008915	jg21846	AT5G51700.1
OG0008916	jg21860	AT5G51810.1
OG0008917	jg22267, jg22276	AT5G51840.1
OG0008918	jg21886	AT5G52020.1
OG0008919	jg21921	AT5G52280.1
OG0008920	jg21937	AT5G52420.1
OG0008921	jg21939	AT5G52440.1
OG0008922	jg21971	AT5G52660.2
OG0008923	jg22004	AT5G52910.2
OG0008924	jg22026	AT5G53030.1
OG0008925	jg22029	AT5G53050.4
OG0008926	jg22031	AT5G53070.1
OG0008927	jg22035	AT5G53110.1
OG0008928	jg22041	AT5G53170.1
OG0008929	jg22043	AT5G53200.1
OG0008930	jg22054	AT5G53330.1
OG0008931	jg22058	AT5G53370.2
OG0008932	jg22072	AT5G53500.1
OG0008933	jg22080	AT5G53570.2
OG0008934	jg22095	AT5G53600.1
OG0008934	jg22096	AT5G53610.1
OG0008935	jg22151	AT5G53890.1
OG0008936	jg22163	AT5G53950.1
OG0008937	jg22175	AT5G54010.1
OG0008938	jg22182, jg22176	AT5G54060.1
OG0008939	jg22191	AT5G54110.1
OG0008940	jg22192	AT5G54130.2
OG0008941	jg22202	AT5G54170.1
OG0008942	jg22217	AT5G54250.1
OG0008943	jg22221	AT5G54280.2
OG0008944	jg22282	AT5G54585.1
OG0008945	jg22283	AT5G54590.2
OG0008946	jg22284	AT5G54600.1
OG0008947	jg22323	AT5G54980.1
OG0008948	jg22326	AT5G55020.1
OG0008949	jg22335	AT5G55110.1
OG0008950	jg22337	AT5G55125.1
OG0008951	jg22339	AT5G55135.1
OG0008952	jg22395	AT5G55590.1
OG0008953	jg22397	AT5G55610.1
OG0008954	jg22399	AT5G55630.1
OG0008955	jg22424	AT5G55855.2
OG0008956	jg22425	AT5G55860.1
OG0008957	jg22439	AT5G55970.1
OG0008958	jg22471	AT5G56220.1
OG0008959	jg22477	AT5G56270.1
OG0008960	jg22490	AT5G56340.1
OG0008961	jg22526	AT5G56460.1
OG0008962	jg22532	AT5G56530.1
OG0008963	jg22535	AT5G56550.1
OG0008964	jg22558	AT5G56750.1
OG0008966	jg22569	AT5G56840.1
OG0008967	jg22573	AT5G56880.1
OG0008968	jg22574	AT5G56890.1
OG0008969	jg22585	AT5G56970.1
OG0008970	jg22586	AT5G56980.1
OG0008971	jg22591	AT5G57010.1
OG0008972	jg22594	AT5G57030.1
OG0008973	jg22615	AT5G57180.2
OG0008974	jg22618	AT5G57200.1
OG0008975	jg22620	AT5G57220.1
OG0008976	jg22629	AT5G57300.1
OG0008977	jg22637	AT5G57370.1
OG0008978	jg22638	AT5G57380.1
OG0008979	jg22654	AT5G57550.1
OG0008980	jg22665	AT5G57625.1
OG0008981	jg22669	AT5G57660.1
OG0008982	jg22683	AT5G57810.1
OG0008983	jg22684	AT5G57820.1
OG0008984	jg22686	AT5G57840.1
OG0008985	jg22690	AT5G57880.1
OG0008986	jg22705	AT5G58010.1
OG0008987	jg22708	AT5G58040.1
OG0008988	jg22721	AT5G58160.1
OG0008989	jg22737	AT5G58320.2
OG0008990	jg22786	AT5G58710.1
OG0008991	jg22794	AT5G58784.1
OG0008992	jg22815	AT5G64905.1
OG0008993	jg22821	AT5G58970.1
OG0008994	jg22825	AT5G59000.1
OG0008995	jg22827	AT5G59010.1
OG0008996	jg22912	AT5G59760.1
OG0008997	jg22916	AT5G59790.1
OG0008998	jg22924	AT5G59865.1
OG0008999	jg22934	AT5G59950.5
OG0009000	jg22935	AT5G59960.1
OG0009001	jg22937	AT5G59980.2
OG0009002	jg22945	AT5G60060.1
OG0009003	jg22959	AT5G60170.2
OG0009004	jg22968	AT5G60230.2
OG0009005	jg22992	AT5G60530.1
OG0009006	jg23001	AT5G60620.1
OG0009007	jg23003	AT5G60640.1
OG0009008	jg23004	AT5G60650.1
OG0009009	jg23008	AT5G60680.1
OG0009010	jg23010	AT5G60700.2
OG0009011	jg23011	AT5G60710.1
OG0009012	jg23034	AT5G60920.1
OG0009013	jg23035	AT5G60930.2
OG0009014	jg23047	AT5G61030.1
OG0009015	jg23057	AT5G61150.1
OG0009016	jg23071	AT5G61260.1
OG0009017	jg23097	AT5G61500.1
OG0009018	jg23110	AT5G61620.1
OG0009019	jg23111	AT5G61630.1
OG0009020	jg23132	AT5G61850.2
OG0009021	jg23135	AT5G61890.1
OG0009022	jg23142	AT5G61960.1
OG0009023	jg23146	AT5G61980.1
OG0009024	jg23162	AT5G62130.2
OG0009025	jg23166	AT5G62165.1
OG0009026	jg23169	AT5G62190.1
OG0009027	jg23179	AT5G62270.2
OG0009028	jg23181	AT5G62290.1
OG0009029	jg23189	AT5G62360.1
OG0009030	jg23199	AT5G62470.2
OG0009031	jg23204	AT5G62520.1
OG0009032	jg23208	AT5G62560.1
OG0009033	jg23228	AT5G62740.1
OG0009034	jg23236	AT5G62820.1
OG0009035	jg23239	AT5G62850.1
OG0009036	jg23243	AT5G62865.1
OG0009037	jg23255	AT5G62940.1
OG0009038	jg23258	AT5G62960.1
OG0009039	jg23282	AT5G63130.1
OG0009040	jg23284	AT5G63135.1
OG0009041	jg23287	AT5G63160.1
OG0009042	jg23292	AT5G63220.1
OG0009043	jg23307	AT5G63350.1
OG0009044	jg23319	AT5G63480.1
OG0009045	jg23335	AT5G63620.1
OG0009046	jg23355	AT5G63780.1
OG0009047	jg23357	AT5G63800.1
OG0009048	jg23369, jg23364	AT5G63840.2
OG0009049	jg23372	AT5G63870.1
OG0009050	jg23374	AT5G63890.2
OG0009051	jg23381	AT5G63940.1
OG0009052	jg23389	AT5G63980.1
OG0009053	jg23397	AT5G64060.1
OG0009054	jg23410	AT5G64200.1
OG0009055	jg23421	AT5G64300.1
OG0009056	jg23446	AT5G64430.1
OG0009057	jg23459	AT5G64550.1
OG0009058	jg23468	AT5G64640.1
OG0009059	jg23472	AT5G64670.1
OG0009060	jg23484	AT5G64770.1
OG0009061	jg23486	AT5G64790.1
OG0009062	jg23522	AT5G65140.1
OG0009063	jg23536	AT5G65250.1
OG0009064	jg23567	AT5G65540.1
OG0009065	jg23577	AT5G65640.1
OG0009066	jg23583	AT5G65683.1
OG0009067	jg23598	AT5G65780.2, AT5G65770.2
OG0009068	jg23643	AT5G67370.1
OG0009069	jg23650	AT5G67300.1
OG0009070	jg23653	AT5G67270.1
OG0009071	jg23659	AT5G67220.1
OG0009072	jg23662	AT5G67190.1
OG0009073	jg23689	AT5G66985.1
OG0009074	jg23690	AT5G66980.1
OG0009075	jg23701	AT5G66870.1
OG0009076	jg23710	AT5G66800.1
OG0009077	jg23717	AT5G66730.1
OG0009078	jg23720	AT5G66700.1
OG0009079	jg23726	AT5G66650.1
OG0009080	jg23734	AT5G66600.1
OG0009081	jg23751	AT5G66440.1
OG0009082	jg23754	AT5G66400.1
OG0009083	jg23762	AT5G66310.1
OG0009084	jg23774	AT5G66210.1
OG0009085	jg23776	AT5G66190.1
OG0009086	jg23798	AT5G65980.1
OG0009156	jg28397	AT1G02180.1
OG0009157	jg28401	AT1G02145.3
OG0009158	jg28402	AT1G02140.1
OG0009159	jg28442	AT1G01780.1
OG0009160	jg28451	AT1G01695.1
OG0009161	jg28455	AT1G01650.1
OG0009162	jg28472	AT1G01500.1
OG0009163	jg28489	AT1G01380.1
OG0009164	jg28502	AT1G01250.1
OG0009165	jg28507	AT1G01200.1
OG0009166	jg28508	AT1G01190.2
OG0009167	jg28515	AT1G01120.1
OG0009168	jg28526	AT1G01020.1
OG0009169	jg28533	AT1G02270.1
OG0009170	jg28541	AT1G02340.1
OG0009171	jg28548	AT1G02400.1
OG0009172	jg28567	AT1G02610.1
OG0009173	jg28574	AT1G02680.1
OG0009174	jg28585	AT1G02740.1
OG0009175	jg28614	AT1G03000.1
OG0009176	jg28631	AT1G03150.1
OG0009177	jg28652	AT1G03360.1
OG0009178	jg28658	AT1G03440.1
OG0009179	jg28673	AT1G03600.1
OG0009180	jg28674	AT1G03610.1
OG0009181	jg28722	AT1G04020.1
OG0009182	jg28738	AT1G04210.1
OG0009183	jg28741	AT1G04240.2
OG0009184	jg28746	AT1G04290.1
OG0009185	jg28764	AT1G04450.1
OG0009186	jg28789	AT1G04670.1
OG0009187	jg28791	AT1G04690.1
OG0009188	jg28802	AT1G04800.1
OG0009189	jg28806	AT1G04850.1
OG0009190	jg28810	AT1G04870.2
OG0009191	jg28855	AT1G05205.1
OG0009192	jg28867	AT1G05310.1
OG0009193	jg28868	AT1G05320.1
OG0009194	jg28875	AT1G05370.1
OG0009195	jg28881	AT1G05430.1
OG0009196	jg28887	AT1G05500.1
OG0009197	jg28897	AT1G05577.1
OG0009198	jg28928	AT1G05805.1
OG0009199	jg28969	AT1G06200.2
OG0009200	jg28984	AT1G06320.1
OG0009201	jg28986	AT1G06340.1
OG0009202	jg28992	AT1G06420.1
OG0009203	jg28996	AT1G06460.1
OG0009204	jg29009	AT1G06590.1
OG0009205	jg29018	AT1G06700.1
OG0009206	jg29064	AT1G07130.1
OG0009207	jg29076	AT1G07230.1
OG0009208	jg29098	AT1G07450.1
OG0009209	jg29099	AT1G07460.2
OG0009210	jg29117	AT1G07650.2
OG0009211	jg29118	AT1G07645.1
OG0009212	jg29137	AT1G07795.1
OG0009213	jg29141	AT1G07840.1
OG0009214	jg29162	AT1G08030.1
OG0009215	jg29184	AT1G08220.1
OG0009216	jg29193	AT1G08310.2
OG0009217	jg29195	AT1G08320.1
OG0009218	jg29218	AT1G08550.1
OG0009219	jg29225	AT1G08620.3
OG0009220	jg29232	AT1G08700.1
OG0009221	jg29236	AT1G08750.1
OG0009222	jg29242	AT1G08810.1
OG0009223	jg29294	AT1G09320.1
OG0009224	jg29311	AT1G09460.1
OG0009225	jg29319	AT1G09540.1
OG0009226	jg29322	AT1G09570.3
OG0009227	jg29326	AT1G09600.1
OG0009228	jg29361	AT1G09860.1
OG0009229	jg29363	AT1G09880.3
OG0009230	jg29372	AT1G09950.1
OG0009231	jg29404, jg29407	AT1G10240.1
OG0009232	jg29438	AT1G10480.1
OG0009233	jg29449	AT1G10550.1
OG0009234	jg29500	AT1G10900.1
OG0009235	jg29511	AT1G11020.1
OG0009236	jg29521	AT1G11112.1
OG0009237	jg33170	AT1G50340.1, AT1G50325.1
OG0009238	jg29577, jg29583	AT1G11480.1
OG0009239	jg29588	AT1G11530.1
OG0009240	jg29612	AT1G11720.2
OG0009241	jg29635	AT1G11930.1
OG0009242	jg29645	AT1G12030.1
OG0009243	jg29648	AT1G12060.1
OG0009244	jg29652	AT1G12090.1
OG0009245	jg29695	AT1G12520.1
OG0009246	jg29721	AT1G12680.1
OG0009247	jg29738, jg29765	AT1G12800.1
OG0009248	jg29752	AT1G12940.1, AT4G14358.1
OG0009249	jg29753	AT1G12950.1
OG0009250	jg29759	AT1G13020.1
OG0009251	jg29793	AT1G13300.1
OG0009252	jg29794	AT1G13310.1
OG0009253	jg29798	AT1G13340.1
OG0009254	jg29813, jg29812	AT1G13470.1
OG0009255	jg29815	AT1G13530.1
OG0009256	jg29820	AT1G13590.1
OG0009257	jg29837	AT1G13710.1
OG0009258	jg29856	AT1G13870.1
OG0009259	jg29861	AT1G13920.4
OG0009260	jg29862	AT1G13930.1
OG0009261	jg29882	AT1G14100.1
OG0009262	jg29883	AT1G14110.1
OG0009263	jg29887	AT1G14150.1
OG0009264	jg29906	AT1G14330.1
OG0009265	jg29918	AT1G14430.1
OG0009266	jg29935	AT1G14540.1
OG0009267	jg29940	AT1G14590.1
OG0009268	jg29943	AT1G14620.1
OG0009269	jg29955	AT1G14710.1
OG0009270	jg29957	AT1G14730.1
OG0009271	jg29983	AT1G14970.1
OG0009272	jg29990	AT1G15030.1
OG0009273	jg30005	AT1G15190.1
OG0009274	jg30014	AT1G15280.2
OG0009275	jg30024	AT1G15380.1
OG0009276	jg30026	AT1G15400.3
OG0009277	jg30070	AT1G15800.1
OG0009278	jg30073	AT1G15825.1
OG0009279	jg30086	AT1G15950.1
OG0009280	jg30124	AT1G16380.1
OG0009281	jg30127	AT1G16420.1
OG0009282	jg30134	AT1G16490.1
OG0009283	jg30135	AT1G16500.1
OG0009284	jg30136	AT1G16510.1
OG0009285	jg30138	AT1G16530.1
OG0009286	jg30165, jg30177, jg30154	AT1G16720.2
OG0009287	jg30233	AT1G17100.1
OG0009288	jg30236	AT1G17140.1
OG0009289	jg30241	AT1G17170.1
OG0009290	jg30243	AT1G17190.1
OG0009291	jg30244	AT1G17200.1
OG0009292	jg30248	AT1G17240.2
OG0009293	jg30261	AT1G17360.1
OG0009294	jg30294	AT1G17690.1
OG0009295	jg30295	AT1G17700.1
OG0009296	jg30300	AT1G17750.1
OG0009297	jg30310	AT1G17850.2
OG0009298	jg30315	AT1G17920.1
OG0009299	jg30339	AT1G18170.1
OG0009300	jg30368	AT1G18460.1
OG0009301	jg30381	AT1G18580.1
OG0009303	jg30399	AT1G18750.3
OG0009304	jg30426	AT1G19000.1
OG0009305	jg30448	AT1G19210.1
OG0009306	jg30450	AT1G19230.2
OG0009307	jg30521	AT1G19950.1
OG0009308	jg30530	AT1G20020.1
OG0009309	jg30536	AT1G20080.1
OG0009310	jg30560	AT1G20350.1
OG0009311	jg30573	AT1G20370.1
OG0009312	jg30584	AT1G20480.1
OG0009313	jg30592	AT1G20520.1
OG0009314	jg30620	AT1G20770.1
OG0009315	jg30621	AT1G20780.1
OG0009316	jg30758	AT1G22010.1
OG0009317	jg30720	AT1G21690.3
OG0009318	jg30760	AT1G22020.1
OG0009319	jg30772	AT1G22120.1
OG0009320	jg30777	AT1G22160.1
OG0009321	jg30779	AT1G22180.2
OG0009322	jg30781	AT1G22200.1
OG0009323	jg30790	AT1G22270.1
OG0009324	jg30832	AT1G22710.1
OG0009325	jg30850	AT1G22910.3
OG0009326	jg32004, jg30913	AT1G23400.1
OG0009327	jg30944	AT1G23750.1
OG0009328	jg31012	AT1G27200.1
OG0009330	jg31046	AT1G26940.1
OG0009331	jg31080	AT1G26750.1
OG0009332	jg31100	AT1G26550.1
OG0009333	jg31112	AT1G26450.1
OG0009334	jg31123	AT1G26370.1
OG0009335	jg31138	AT1G26200.3
OG0009336	jg31139	AT1G26190.1
OG0009337	jg31150	AT1G26100.1
OG0009338	jg31162	AT1G25510.1
OG0009339	jg31176	AT1G25390.1
OG0009340	jg31182	AT1G25340.3
OG0009341	jg31212	AT1G24625.1
OG0009342	jg31216	AT1G24590.1
OG0009343	jg31257	AT1G27300.1
OG0009344	jg31261	AT1G27340.1
OG0009345	jg31265	AT1G27385.4
OG0009346	jg31275	AT1G27461.1
OG0009347	jg31280	AT1G27510.1
OG0009348	jg31293	AT1G27700.1
OG0009349	jg31307	AT1G27910.1
OG0009350	jg31326	AT1G28070.1
OG0009351	jg31365	AT1G28380.1
OG0009352	jg31366	AT1G28390.2
OG0009353	jg31368	AT1G28395.1
OG0009354	jg31369	AT1G28400.1
OG0009355	jg31411	AT1G29040.1
OG0009356	jg31446, jg1710	AT1G29220.2
OG0009357	jg31447	AT1G29200.2
OG0009358	jg31482	AT1G29530.1
OG0009359	jg31499	AT1G29670.2
OG0009360	jg31527	AT1G29860.1
OG0009361	jg31534	AT1G29940.1
OG0009362	jg31537	AT1G29950.1
OG0009363	jg31543	AT1G29990.1
OG0009364	jg31544	AT1G30000.2
OG0009365	jg31556	AT1G30130.1
OG0009366	jg31569	AT1G30250.1
OG0009367	jg31583	AT1G30370.1
OG0009368	jg31602	AT1G30475.1
OG0009369	jg31633	AT1G30750.1
OG0009370	jg31664	AT1G30910.1
OG0009371	jg31684	AT1G30960.1
OG0009372	jg31730	AT1G31190.1
OG0009373	jg31740, jg31739	AT1G31255.1
OG0009373	jg31736	AT1G31250.1
OG0009374	jg31744	AT1G31300.1
OG0009375	jg31748	AT1G31335.1
OG0009376	jg31771	AT1G31430.1
OG0009377	jg31788	AT1G31650.1
OG0009378	jg31804	AT1G31750.1
OG0009379	jg31806	AT1G31770.1
OG0009380	jg31819	AT1G31860.1
OG0009381	jg31840	AT1G32080.1
OG0009382	jg31884	AT1G32360.1
OG0009383	jg31899	AT1G32460.1
OG0009384	jg31915	AT1G32640.1
OG0009385	jg7863, jg8124, jg22933, jg8332, jg25563	AT1G29355.1
OG0009385	jg11715, jg11714, jg21343, jg12193	AT1G43145.1
OG0009386	jg31919	AT1G32690.1
OG0009387	jg31921	AT1G32700.1
OG0009388	jg31927	AT1G32730.1
OG0009389	jg31931	AT1G32770.1
OG0009390	jg31978	AT1G33270.1
OG0009391	jg31987	AT1G33330.1
OG0009392	jg32036	AT1G33770.1
OG0009393	jg32100	AT1G34220.1
OG0009394	jg32105	AT1G34270.1
OG0009395	jg32115	AT1G34355.1
OG0009396	jg32217	AT1G35470.2
OG0009397	jg32284	AT1G36310.1
OG0009398	jg32402, jg32408	AT1G33520.1
OG0009399	jg32420	AT1G33540.1
OG0009400	jg32443, jg32456	AT1G41830.1
OG0009401	jg33064, jg32475	AT3G27980.1, AT1G11590.1, AT4G03930.1, AT1G44980.1
OG0009402	jg32515	AT1G43610.1, AT1G43600.1
OG0009403	jg32535	AT1G43700.1
OG0009404	jg21684, jg12616, jg32567	AT4G03170.1, AT1G20600.1
OG0009405	jg2286, jg32604	AT1G44130.1
OG0009406	jg32620	AT1G44446.1
OG0009408	jg32639	AT1G44750.1
OG0009409	jg32656	AT1G44900.1
OG0009410	jg32681	AT1G45145.1
OG0009411	jg32700	AT1G45201.3
OG0009413	jg32728	AT1G45688.1
OG0009414	jg32729	AT1G45976.1
OG0009415	jg32730	AT1G46264.1
OG0009416	jg32742	AT1G47200.1
OG0009417	jg32746	AT1G47240.1
OG0009418	jg32782	AT1G47510.1
OG0009419	jg32785	AT1G47560.1, AT1G47550.2
OG0009420	jg32806	AT1G47640.1
OG0009421	jg32809	AT1G47670.1
OG0009422	jg32813	AT1G47720.1
OG0009423	jg32814	AT1G47740.1
OG0009424	jg32815	AT1G47750.1
OG0009425	jg32885	AT1G48090.2
OG0009426	jg32891	AT1G48140.1
OG0009427	jg32920, jg32917	AT1G48405.1
OG0009428	jg32931	AT1G48510.3
OG0009429	jg32936	AT1G48560.2
OG0009430	jg32954	AT1G48745.1
OG0009431	jg32955	AT1G48750.1
OG0009432	jg32959	AT1G48790.1
OG0009433	jg32980	AT1G48960.1
OG0009434	jg33023	AT1G49245.1
OG0009435	jg33069	AT1G49480.1
OG0009436	jg33074	AT1G49540.2
OG0009437	jg33088	AT1G49670.2
OG0009438	jg33098	AT1G49740.1
OG0009439	jg33107	AT1G49800.1
OG0009440	jg33132, jg33128	AT1G50000.1
OG0009441	jg33139	AT1G50040.1
OG0009442	jg33167	AT1G50320.1
OG0009443	jg33176	AT1G50380.2
OG0009444	jg33180	AT1G50430.1
OG0009445	jg33184	AT1G50480.1
OG0009446	jg33186	AT1G50500.2
OG0009447	jg33200	AT1G50640.1
OG0009448	jg33202	AT1G50660.1
OG0009449	jg33203	AT1G50670.1
OG0009450	jg33220	AT1G50840.2
OG0009451	jg33250	AT1G51070.2
OG0009452	jg33260	AT1G51160.1
OG0009453	jg33272	AT1G51310.1
OG0009454	jg33282	AT1G51390.1
OG0009455	jg33332	AT1G51730.1
OG0009456	jg33344	AT1G51800.1
OG0009457	jg33371	AT1G51960.1
OG0009458	jg33392	AT1G52080.1
OG0009459	jg33393	AT1G52140.1
OG0009460	jg33410	AT1G52260.1
OG0009461	jg33425	AT1G52343.1
OG0009462	jg33433	AT1G52410.2
OG0009463	jg33500	AT1G53000.2
OG0009464	jg33501	AT1G53010.1
OG0009465	jg33521	AT1G53170.1
OG0009466	jg33522	AT1G53180.2
OG0009467	jg33532	AT1G53280.1
OG0009468	jg33547	AT1G53380.1
OG0009469	jg33549	AT1G53400.1
OG0009470	jg33556	AT1G53490.1
OG0009471	jg33559	AT1G53520.1
OG0009472	jg33588	AT1G53645.1
OG0009473	jg25460	AT3G14470.1
OG0009474	jg33601	AT1G53760.1
OG0009475	jg28265	AT4G01260.1
OG0009475	jg16533	AT5G23180.1
OG0009476	jg33635	AT1G54050.1
OG0009477	jg33646	AT1G54140.1
OG0009478	jg33666	AT1G55090.1
OG0009479	jg12650, jg33667	AT4G08263.1, AT4G00610.1
OG0009480	jg33680	AT1G55205.2
OG0009481	jg33689	AT1G55300.2
OG0009482	jg33692	AT1G55325.2
OG0009483	jg33697	AT1G55365.1
OG0009484	jg33711	AT1G55535.1
OG0009485	jg33765	AT1G55860.1, AT1G70320.1
OG0009486	jg33782	AT1G55980.1, AT1G56000.1
OG0009487	jg4737, jg33794	AT5G09225.1
OG0009488	jg33827	AT5G48930.1
OG0009489	jg373	AT1G64570.1
OG0009490	jg391	AT1G64405.1
OG0009491	jg405	AT1G64310.1
OG0009492	jg409	AT1G64290.1
OG0009492	jg407	AT1G64295.1
OG0009493	jg426	AT1G64180.1
OG0009494	jg429	AT1G64150.1
OG0009495	jg456	AT1G64030.1
OG0009496	jg470	AT1G63910.1
OG0009497	jg479	AT1G63850.1
OG0009498	jg488	AT1G63810.1
OG0009499	jg523	AT1G63535.1, AT1G63522.1
OG0009500	jg547	AT1G63245.1
OG0009501	jg568	AT1G63170.1
OG0009502	jg573	AT1G63120.1
OG0009503	jg600	AT1G62981.1
OG0009504	jg625	AT1G62840.1
OG0009505	jg639	AT1G62710.1
OG0009506	jg648	AT1G62640.1
OG0009507	jg755	AT1G61900.1
OG0009508	jg758	AT1G61860.1
OG0009509	jg767	AT1G61795.1
OG0009510	jg771	AT1G61760.1
OG0009511	jg786	AT1G61667.2
OG0009512	jg10307, jg791	AT4G22260.1
OG0009513	jg794	AT1G61620.1
OG0009514	jg833	AT1G61340.1
OG0009515	jg856	AT1G61150.1
OG0009516	jg871	AT1G61050.2
OG0009517	jg885	AT1G60960.1
OG0009518	jg934	AT1G60570.1
OG0009519	jg943	AT1G60550.1
OG0009520	jg954	AT1G60490.1
OG0009521	jg978	AT1G60240.1
OG0009522	jg982	AT1G60190.1
OG0009523	jg989	AT1G60140.1
OG0009524	jg1010	AT1G59910.1
OG0009526	jg1053	AT1G59740.1
OG0009527	jg1056	AT1G59730.1
OG0009528	jg1088	AT1G59660.1
OG0009529	jg1091	AT1G59640.2
OG0009530	jg1101	AT1G59590.1
OG0009531	jg1168	AT1G58280.2
OG0009532	jg1183	AT1G58220.1
OG0009533	jg1214	AT1G58030.1
OG0009534	jg1222, jg3720	AT1G80470.1
OG0009535	jg1290, jg1284	AT4G22430.1
OG0009536	jg1371	AT1G56550.1
OG0009537	jg1409	AT1G56440.1
OG0009538	jg1460	AT1G55020.1
OG0009539	jg1543	AT1G54500.1
OG0009541	jg21925	AT5G52320.1
OG0009541	jg1879, jg1883	AT1G65340.1
OG0009542	jg1908	AT1G65440.1
OG0009543	jg1932	AT1G65520.1
OG0009544	jg24274	AT3G04110.1
OG0009545	jg2027	AT1G65950.1
OG0009546	jg2062	AT1G66210.1
OG0009547	jg2100, jg2099	AT1G66430.1
OG0009548	jg2114	AT1G66510.1
OG0009549	jg2116	AT1G66520.1
OG0009550	jg2141	AT1G66670.1
OG0009551	jg6341	AT5G24750.1
OG0009552	jg2187	AT1G66900.1
OG0009553	jg2231	AT1G67120.2
OG0009554	jg2264	AT1G67370.1
OG0009555	jg2298	AT1G67620.1
OG0009556	jg2310	AT1G67690.1
OG0009557	jg2311	AT1G67700.2
OG0009558	jg2346	AT1G67880.1
OG0009559	jg2352	AT1G67930.1
OG0009560	jg2354	AT1G68150.1
OG0009561	jg2375	AT1G67960.1
OG0009562	jg2376	AT1G67950.2
OG0009563	jg2399	AT1G68360.1
OG0009564	jg2429	AT1G68580.2
OG0009565	jg2438	AT1G68660.1
OG0009566	jg2439	AT1G68670.1
OG0009567	jg2441	AT1G68690.1
OG0009568	jg2475	AT1G68920.1
OG0009569	jg2501	AT1G69220.1
OG0009570	jg2523	AT1G69400.1
OG0009571	jg2540	AT1G69540.2
OG0009572	jg2548	AT1G69600.1
OG0009573	jg2628	AT1G70170.1
OG0009574	jg2640	AT1G70300.1
OG0009575	jg2649	AT1G70410.2
OG0009576	jg2654	AT1G70460.1
OG0009577	jg2719	AT1G71000.1
OG0009578	jg2724	AT1G71040.1
OG0009579	jg2743	AT1G71190.1
OG0009580	jg2785	AT1G71680.1
OG0009581	jg2799	AT1G71770.1
OG0009582	jg2811	AT1G71870.1
OG0009583	jg2818	AT1G71900.2
OG0009584	jg2832	AT1G72030.1
OG0009585	jg2906	AT1G72710.1
OG0009586	jg2925	AT4G09420.1
OG0009587	jg2937	AT1G72970.1
OG0009588	jg2942	AT1G73020.1
OG0009589	jg2948	AT1G73080.1
OG0009590	jg2950	AT1G73100.1
OG0009591	jg2959, jg2958	AT1G73170.3
OG0009592	jg2976	AT1G73350.5
OG0009593	jg2987	AT1G73480.1
OG0009594	jg2993	AT1G73550.1
OG0009595	jg2995	AT1G73560.1
OG0009596	jg3008	AT1G73660.1
OG0009597	jg3025	AT1G73830.1
OG0009598	jg3036	AT1G73920.1
OG0009599	jg3062	AT1G74100.1
OG0009600	jg3063	AT1G74110.1
OG0009601	jg3104	AT1G74510.1
OG0009602	jg3141	AT1G74890.1
OG0009603	jg3155, jg3157	AT1G75040.1
OG0009604	jg3162	AT1G75100.1
OG0009605	jg3168	AT1G75160.1
OG0009606	jg3171	AT1G75190.1
OG0009607	jg3229	AT1G75720.1
OG0009608	jg3238	AT1G75810.1
OG0009609	jg3261	AT1G76065.1
OG0009610	jg3273	AT1G76140.1
OG0009611	jg3312	AT1G76490.1
OG0009612	jg3320	AT1G76590.1
OG0009613	jg3327	AT1G76650.1
OG0009614	jg3382, jg3383	AT1G77160.1, AT1G77145.1
OG0009615	jg3401	AT1G77330.1
OG0009616	jg3408	AT1G77390.1
OG0009617	jg3410	AT1G77405.1
OG0009618	jg3434	AT1G77660.1
OG0009619	jg3443	AT1G77720.1
OG0009620	jg3455	AT1G77850.2
OG0009621	jg3460	AT1G77860.2
OG0009622	jg3477	AT1G78050.1
OG0009623	jg3484	AT1G78100.1
OG0009624	jg3496	AT1G78190.1
OG0009625	jg3531	AT1G78520.1
OG0009626	jg3546	AT1G78650.1
OG0009628	jg3581	AT1G78940.2
OG0009629	jg3590	AT1G79030.1
OG0009630	jg3620	AT1G79330.1
OG0009631	jg3652	AT1G79610.1
OG0009632	jg3660	AT1G79690.1
OG0009633	jg3678	AT1G80820.1
OG0009634	jg3681	AT1G80790.1
OG0009635	jg3683	AT1G80770.6
OG0009636	jg3695	AT1G80680.1
OG0009637	jg17235	AT2G26000.2
OG0009638	jg3713	AT1G80540.1
OG0009639	jg3714	AT1G80530.1
OG0009640	jg3725	AT1G80450.1
OG0009641	jg3727	AT1G80420.1
OG0009642	jg3734	AT1G80350.1
OG0009643	jg3738	AT1G80320.1
OG0009644	jg3749	AT1G80200.2
OG0009645	jg3750	AT1G80190.5
OG0009646	jg3759	AT1G80110.1
OG0009647	jg3761	AT1G80090.1
OG0009648	jg3770	AT1G80000.1
OG0009649	jg23927	AT3G01680.1
OG0009650	jg23959	AT3G01380.2
OG0009651	jg23962	AT3G01350.1
OG0009652	jg23978	AT3G01250.1
OG0009653	jg23989	AT3G01160.1
OG0009654	jg23990	AT3G01150.1
OG0009655	jg23994	AT3G01120.1
OG0009656	jg23995	AT3G01100.4
OG0009657	jg24021	AT3G02150.2
OG0009658	jg24054	AT3G02410.1
OG0009659	jg24080	AT3G02600.1
OG0009660	jg24085	AT3G02650.1
OG0009661	jg24086	AT3G02660.1
OG0009662	jg24107	AT3G02850.1
OG0009663	jg24169	AT3G03341.1
OG0009664	jg24184	AT3G03420.1
OG0009665	jg24201	AT3G03560.1
OG0009666	jg24208	AT3G03610.4
OG0009667	jg24209	AT3G03620.1
OG0009668	jg24213	AT3G03660.3
OG0009669	jg24224	AT3G03760.1
OG0009670	jg24243	AT3G03870.2
OG0009671	jg24260	AT3G03980.1
OG0009672	jg24265	AT3G04030.3
OG0009673	jg24268	AT3G04060.1
OG0009674	jg24308	AT3G04290.1
OG0009675	jg24313	AT3G04340.1
OG0009676	jg24319	AT3G04460.2
OG0009677	jg24327	AT3G04500.1
OG0009678	jg24328	AT3G04510.1
OG0009679	jg24343	AT3G04630.3
OG0009680	jg24350	AT3G04670.1
OG0009681	jg24354	AT3G04710.3
OG0009682	jg24359	AT3G04730.1
OG0009683	jg24366	AT3G04780.1
OG0009684	jg24379	AT3G04910.1
OG0009685	jg24403	AT3G05070.1
OG0009686	jg24404	AT3G05090.1
OG0009687	jg24405	AT3G05100.1
OG0009688	jg24410	AT3G05140.2
OG0009689	jg24416	AT3G05170.1
OG0009690	jg24438	AT3G05350.1
OG0009691	jg24442	AT3G05390.1
OG0009693	jg24472	AT3G05600.1
OG0009694	jg24483	AT3G05680.1
OG0009695	jg24487	AT3G05690.2
OG0009696	jg24491	AT3G05725.1
OG0009697	jg24509	AT3G05850.1
OG0009698	jg24517	AT3G05920.1
OG0009699	jg24528	AT3G05980.1
OG0009700	jg24555	AT3G06230.1
OG0009701	jg24574	AT3G06390.1
OG0009702	jg24577	AT3G06420.1
OG0009703	jg24595	AT3G06510.2
OG0009704	jg24600	AT3G06550.2
OG0009705	jg24622	AT3G06730.1
OG0009706	jg24629	AT3G06790.1
OG0009707	jg24630	AT3G06810.1
OG0009708	jg24640	AT3G06910.1
OG0009709	jg24670	AT3G07180.1
OG0009710	jg24672	AT3G07200.1
OG0009711	jg24676, jg24677	AT3G07250.1
OG0009712	jg24687	AT3G07330.1
OG0009713	jg24689	AT3G07350.1
OG0009714	jg24733	AT3G07750.1
OG0009715	jg24752	AT3G07950.1
OG0009716	jg24757	AT3G08000.1
OG0009717	jg24761	AT3G08030.1
OG0009718	jg24789	AT3G08760.1
OG0009719	jg24828	AT3G09070.1
OG0009720	jg24832	AT3G09100.2
OG0009721	jg24841	AT3G09180.1
OG0009722	jg24850	AT3G09270.1
OG0009723	jg24851	AT3G09280.1
OG0009724	jg24856	AT3G09320.1
OG0009725	jg24870	AT3G09430.1
OG0009726	jg24921	AT3G09925.1
OG0009727	jg24991	AT3G10530.1
OG0009728	jg24999, jg27437	AT3G10595.1
OG0009729	jg25007	AT3G10670.1
OG0009730	jg25013	AT3G10730.1
OG0009731	jg25024	AT3G10815.1
OG0009732	jg25066	AT3G11180.2
OG0009733	jg25068	AT3G11210.1
OG0009734	jg25095	AT3G11440.1
OG0009735	jg25100	AT3G11480.1
OG0009736	jg25105	AT3G11530.1
OG0009737	jg25106	AT3G11540.1
OG0009738	jg25148	AT3G11960.1
OG0009739	jg25164	AT3G12090.1
OG0009740	jg25174	AT3G12150.1
OG0009741	jg25202	AT3G12480.1
OG0009742	jg25203	AT3G12490.2
OG0009743	jg25216	AT3G12610.1
OG0009744	jg25226	AT3G12700.1
OG0009745	jg25234	AT3G12775.1
OG0009746	jg25252	AT3G12930.1
OG0009747	jg25260	AT3G12977.1
OG0009748	jg25286	AT3G13160.1
OG0009749	jg25288	AT3G13175.1
OG0009750	jg25290	AT3G13190.1
OG0009751	jg25296	AT3G13224.2
OG0009752	jg25297	AT3G13227.1
OG0009753	jg25304	AT3G13235.1
OG0009754	jg25325	AT3G13440.1
OG0009755	jg25367	AT3G13740.3
OG0009756	jg25390	AT3G13880.1
OG0009757	jg25415	AT3G14075.1
OG0009758	jg25426	AT3G14180.1
OG0009759	jg25436	AT3G14240.1
OG0009760	jg25440	AT3G14280.1
OG0009761	jg25492	AT3G14750.1
OG0009762	jg25528	AT3G15070.1
OG0009763	jg25549	AT3G15260.1
OG0009764	jg25564	AT3G15350.1
OG0009765	jg25569	AT3G15353.1
OG0009766	jg25587	AT3G15450.1
OG0009767	jg25590	AT3G15470.1
OG0009768	jg25624	AT3G15800.1
OG0009769	jg25632	AT3G15880.2
OG0009770	jg25638	AT3G15970.1
OG0009771	jg25668	AT3G16210.1
OG0009772	jg25687	AT3G16360.2
OG0009773	jg25709	AT3G16540.1
OG0009773	jg25712	AT3G16550.1
OG0009774	jg25732	AT3G16630.1
OG0009775	jg25738, jg25835	AT3G16690.3
OG0009776	jg25761	AT3G16840.2
OG0009777	jg25815	AT3G17220.1
OG0009778	jg25868	AT3G17640.1
OG0009779	jg25871	AT3G17660.2
OG0009780	jg25907, jg25909	AT3G17890.1
OG0009781	jg25914	AT3G17940.1
OG0009782	jg25916	AT3G17970.1
OG0009783	jg25946	AT4G21460.2, AT3G18240.1
OG0009784	jg25947	AT3G18250.1
OG0009785	jg25949	AT3G18270.1
OG0009786	jg25952	AT3G18290.1
OG0009787	jg25963	AT3G18360.1
OG0009788	jg25982	AT3G18510.1
OG0009789	jg25994	AT2G10550.1, AT3G18630.1
OG0009790	jg26031	AT3G18930.1
OG0009791	jg26038	AT3G19010.1
OG0009792	jg26039	AT3G19020.1
OG0009793	jg26046	AT3G19090.2
OG0009794	jg26052	AT3G19160.1
OG0009795	jg26063	AT3G19260.1
OG0009796	jg26088	AT3G19480.1
OG0009797	jg26091	AT3G19508.1
OG0009798	jg26111	AT3G19640.1
OG0009799	jg26116	AT3G19680.1
OG0009800	jg26132	AT3G19850.1
OG0009801	jg26171	AT3G20190.1
OG0009802	jg26172	AT3G20200.1
OG0009803	jg26187	AT3G20320.1
OG0009804	jg26194	AT3G20390.2
OG0009805	jg26199	AT3G20420.1
OG0009806	jg26213	AT3G20555.1
OG0009807	jg27778, jg26223	AT3G20630.1
OG0009808	jg26253	AT3G20840.1
OG0009809	jg26364	AT3G21670.1
OG0009810	jg26393	AT3G21880.2
OG0009811	jg26429	AT3G22104.1
OG0009812	jg26441	AT3G22180.1
OG0009813	jg26442	AT3G22190.1
OG0009814	jg26454	AT3G22275.1
OG0009815	jg26455	AT3G22290.1
OG0009816	jg26535	AT3G22970.1
OG0009817	jg26548	AT3G23060.1
OG0009818	jg26564	AT3G23170.1
OG0009819	jg26570	AT3G23210.1
OG0009820	jg26595	AT3G23410.1
OG0009821	jg26597	AT3G23430.1
OG0009822	jg26600	AT3G23490.1
OG0009823	jg26612	AT3G23610.3
OG0009824	jg26626	AT3G23670.1
OG0009825	jg26662	AT3G23890.1
OG0009826	jg26664	AT3G24255.7, AT3G23910.1
OG0009827	jg26667	AT3G24250.1
OG0009828	jg26671	AT3G24225.1
OG0009829	jg26672	AT3G24220.1
OG0009830	jg26674, jg26694	AT3G24210.1
OG0009831	jg26726	AT3G23920.1
OG0009832	jg26737, jg27105	AT3G24315.1
OG0009833	jg26767	AT3G24515.3
OG0009836	jg26800	AT3G24650.1
OG0009837	jg26801	AT3G24660.1
OG0009838	jg26846	AT3G25070.2
OG0009839	jg26859	AT3G25190.1
OG0009840	jg26890	AT3G25470.1
OG0009841	jg26905	AT3G25530.1
OG0009842	jg26933	AT2G04240.1
OG0009843	jg26977	AT2G04620.1
OG0009844	jg26988	AT2G04700.1
OG0009845	jg27081	AT2G05620.1
OG0009846	jg27138	AT2G05990.1
OG0009847	jg27183	AT2G06530.1
OG0009848	jg27271	AT2G07180.1
OG0009849	jg27291	AT2G07690.1
OG0009850	jg27363	AT2G12400.1
OG0009851	jg27391	AT2G13350.1
OG0009852	jg27392	AT2G13360.1
OG0009853	jg27443	AT2G14170.1
OG0009854	jg27505	AT2G14750.1
OG0009856	jg27517	AT2G14825.1
OG0009857	jg27576	AT2G15560.1
OG0009858	jg27617	AT2G15830.1
OG0009859	jg27648	AT2G16070.2
OG0009860	jg27668	AT2G16250.1
OG0009861	jg27754	AT2G16650.1
OG0009861	jg13091	AT5G60430.1
OG0009862	jg27769	AT2G16740.1
OG0009863	jg19117, jg27787	AT2G39355.1, AT3G23633.1
OG0009864	jg27789	AT2G16900.1
OG0009865	jg27791	AT2G16920.1
OG0009866	jg27804	AT2G17030.1
OG0009867	jg27845	AT2G17220.1
OG0009868	jg27855	AT2G17300.1
OG0009869	jg27865	AT2G17370.1
OG0009870	jg27890	AT2G17580.1
OG0009871	jg27906	AT2G17720.1
OG0009872	jg27925	AT2G17890.1
OG0009873	jg27929	AT2G17940.1
OG0009874	jg27954	AT2G18090.1
OG0009875	jg27979	AT2G18196.1
OG0009876	jg27982	AT2G18230.1
OG0009877	jg27992	AT2G18328.1
OG0009878	jg27996	AT2G18350.1
OG0009879	jg28034	AT4G10100.1
OG0009880	jg28039	AT2G18640.1
OG0009881	jg28040	AT2G18650.1
OG0009882	jg28042	AT2G18670.1
OG0009883	jg28066	AT2G18890.1
OG0009884	jg28092	AT2G19090.1
OG0009885	jg28130	AT2G19460.2
OG0009886	jg28135	AT2G19500.1
OG0009887	jg28164	AT2G19690.2
OG0009888	jg28174	AT2G19790.1
OG0009889	jg28196	AT2G19970.1
OG0009890	jg19421	AT2G41380.1
OG0009891	jg28215	AT2G20030.1
OG0009892	jg28217	AT2G20060.1
OG0009893	jg28224	AT2G20142.1
OG0009894	jg28230	AT2G20190.1
OG0009895	jg28253	AT2G20370.1
OG0009896	jg28278	AT2G20570.2
OG0009897	jg28289	AT2G20670.1
OG0009898	jg13467, jg28304	AT3G27330.1
OG0009899	jg28307	AT2G20815.3
OG0009900	jg28316	AT2G20835.1
OG0009901	jg16495	AT2G20920.1
OG0009902	jg16510	AT2G21070.3
OG0009903	jg16529, jg16514	AT2G21110.1
OG0009904	jg16520	AT2G21170.1
OG0009905	jg16539	AT2G21260.1
OG0009906	jg16554	AT2G21385.1
OG0009908	jg16588	AT2G21720.2
OG0009909	jg16635	AT2G22090.2
OG0009910	jg16641	AT2G22125.1
OG0009911	jg16701	AT2G22740.1
OG0009912	jg16703	AT2G22750.3
OG0009913	jg16749	AT2G23050.1
OG0009914	jg16794	AT2G23350.1
OG0009915	jg16813	AT2G23530.1
OG0009916	jg16833	AT2G23700.1
OG0009917	jg16834	AT2G23740.2
OG0009918	jg16839	AT2G23770.1
OG0009919	jg16842	AT2G23790.1
OG0009920	jg16843	AT2G23800.1
OG0009921	jg16866	AT2G24040.1
OG0009922	jg16904	AT2G24270.2
OG0009923	jg21415, jg16908	AT2G24310.1
OG0009924	jg16919	AT2G24370.1
OG0009925	jg16937	AT2G24500.1
OG0009926	jg16994, jg19481	AT2G41870.1
OG0009927	jg10340	AT4G22000.1
OG0009928	jg17094	AT2G25320.3
OG0009929	jg17137	AT2G25565.1
OG0009930	jg17161	AT2G25680.1
OG0009931	jg17162	AT2G25690.1
OG0009932	jg17201	AT2G25870.1
OG0009933	jg17227	AT2G25920.1
OG0009934	jg17231	AT2G25970.1
OG0009935	jg17334	AT2G26340.2
OG0009936	jg17351	AT2G26430.1
OG0009937	jg18453, jg17402	AT2G33560.2
OG0009938	jg17442	AT2G26690.1
OG0009939	jg17537	AT2G26900.1
OG0009940	jg17548	AT2G26970.1
OG0009941	jg17650	AT2G27430.1
OG0009942	jg17693	AT2G27690.1
OG0009943	jg17704	AT2G27740.1
OG0009944	jg17707	AT2G27770.1
OG0009945	jg17717	AT2G27810.4
OG0009946	jg17736	AT2G27980.1
OG0009947	jg17760	AT2G28090.1
OG0009948	jg17778	AT2G28200.1
OG0009949	jg17807	AT2G28430.1
OG0009950	jg17819	AT2G28510.1
OG0009951	jg17831	AT2G28600.1
OG0009952	jg17834	AT2G28630.1
OG0009953	jg17914	AT2G29180.1
OG0009954	jg17955, jg17951, jg17957, jg17953	AT2G29430.1
OG0009955	jg18004, jg18011	AT2G29900.1
OG0009956	jg18022	AT2G29950.1
OG0009957	jg18069	AT2G30290.2
OG0009958	jg18078	AT2G30370.1
OG0009959	jg18079	AT2G30380.1
OG0009960	jg18094	AT2G30530.1
OG0009961	jg18117	AT2G30690.1
OG0009962	jg18118	AT2G30700.1
OG0009963	jg18127	AT2G30780.1
OG0009964	jg18154	AT2G31035.1
OG0009966	jg18164	AT2G31110.2
OG0009967	jg18165	AT2G31130.1
OG0009968	jg18172	AT2G31190.1
OG0009969	jg18174	AT2G31210.1
OG0009970	jg18177	AT2G31220.2
OG0009971	jg18192	AT2G31310.1
OG0009972	jg18239	AT2G31750.2
OG0009973	jg18243	AT2G31800.1
OG0009974	jg18258	AT2G31930.1
OG0009975	jg18262	AT2G31955.1
OG0009976	jg18281	AT2G32080.1
OG0009977	jg18283	AT2G32100.1
OG0009978	jg18284	AT2G32120.1
OG0009979	jg18304	AT2G32350.1
OG0009980	jg18319, jg18743	AT2G36110.1
OG0009981	jg18346	AT2G32700.7
OG0009982	jg18365	AT2G32850.2
OG0009983	jg18382	AT2G32990.1
OG0009984	jg18395	AT2G33100.1
OG0009985	jg18430	AT2G33320.1
OG0009986	jg18437, jg12217	AT2G33385.2
OG0009987	jg18446	AT2G33480.1
OG0009988	jg18454	AT2G33570.1
OG0009989	jg18468	AT2G33700.1
OG0009990	jg18483	AT2G33790.1
OG0009991	jg18494	AT2G33850.1
OG0009992	jg18495	AT2G33855.1
OG0009993	jg18533	AT2G34340.1
OG0009994	jg18534	AT2G34350.1
OG0009995	jg18536	AT2G34357.1
OG0009996	jg18546	AT2G34440.1
OG0009997	jg18547	AT2G34450.2
OG0009998	jg18549	AT2G34470.2
OG0009999	jg18559	AT2G34570.1
OG0010000	jg18560	AT2G34580.1
OG0010001	jg18565	AT2G34620.1
OG0010002	jg18585	AT2G34700.1
OG0010003	jg18587	AT2G34710.1
OG0010004	jg18588	AT2G34720.1
OG0010005	jg18590	AT2G34730.1
OG0010006	jg18591	AT2G34740.1
OG0010007	jg18603	AT2G34860.1
OG0010008	jg18651	AT2G35300.1
OG0010009	jg18653	AT2G35320.1
OG0010010	jg18664	AT2G35420.1
OG0010011	jg18705	AT2G35710.1
OG0010012	jg18710	AT2G35770.1
OG0010013	jg18745	AT2G36130.1
OG0010014	jg18754	AT2G36230.1
OG0010015	jg18790	AT2G36560.1
OG0010016	jg18806	AT2G36690.1, AT2G06960.1
OG0010017	jg18833	AT2G36910.1
OG0010018	jg18841	AT2G36990.1
OG0010019	jg18860	AT2G37150.3
OG0010020	jg18875	AT2G37260.1
OG0010021	jg18881	AT2G37320.1
OG0010022	jg18889	AT2G37400.1
OG0010023	jg18917	AT2G37590.1
OG0010024	jg18928	AT2G37670.2
OG0010025	jg18941	AT2G37780.1
OG0010026	jg18976	AT2G38080.1
OG0010027	jg18979	AT2G38110.1
OG0010028	jg19014	AT2G38370.2
OG0010029	jg19024	AT2G38420.1
OG0010030	jg19035	AT2G38500.1
OG0010031	jg19058	AT2G38740.1
OG0010032	jg19067	AT2G38823.1
OG0010033	jg19075	AT2G38920.1
OG0010034	jg19080	AT2G38970.1
OG0010035	jg19090	AT2G39060.1
OG0010036	jg19096	AT2G39120.1
OG0010037	jg19098	AT3G43340.1
OG0010037	jg19140	AT2G39140.1
OG0010038	jg19132	AT2G39220.1
OG0010039	jg19192	AT2G39710.1
OG0010040	jg19206	AT2G39795.1
OG0010041	jg19209	AT2G39805.2
OG0010042	jg19235	AT2G40000.1
OG0010043	jg19247	AT2G40095.1
OG0010044	jg19268	AT2G40190.1
OG0010045	jg19270	AT2G40200.1
OG0010046	jg19284	AT2G40320.1
OG0010047	jg19293	AT2G40370.1
OG0010048	jg19297	AT2G40380.1
OG0010049	jg19328	AT2G40620.1
OG0010050	jg19369	AT2G40935.1
OG0010051	jg19376	AT2G40995.2
OG0010052	jg19398	AT2G41220.1
OG0010053	jg19412	AT2G41330.1
OG0010054	jg19425	AT2G41410.1
OG0010055	jg19439	AT2G41530.1
OG0010056	jg19443	AT2G41600.7
OG0010057	jg19463	AT2G41740.1
OG0010058	jg19464	AT2G41750.1
OG0010059	jg19480	AT2G41860.1
OG0010060	jg19489	AT2G41930.1
OG0010061	jg19505	AT2G42070.1
OG0010062	jg19511	AT2G42120.1
OG0010063	jg19572	AT2G42560.1
OG0010064	jg19615	AT2G42910.1
OG0010065	jg19625	AT2G43010.5
OG0010066	jg19629	AT2G43050.1
OG0010067	jg19636	AT2G43110.1
OG0010068	jg19637	AT2G43120.2
OG0010069	jg9175, jg19644	AT2G43190.1
OG0010070	jg19647	AT2G43210.1
OG0010071	jg19650	AT2G43230.2
OG0010072	jg19660	AT2G43290.1
OG0010073	jg19663	AT2G43330.1
OG0010074	jg19672	AT2G43390.1
OG0010076	jg19684	AT2G43490.1
OG0010077	jg19700	AT2G43600.2
OG0010078	jg19722	AT2G43750.1
OG0010079	jg19723	AT2G43760.1
OG0010080	jg19724	AT2G43770.1
OG0010081	jg19745	AT2G43970.1
OG0010082	jg19755	AT2G44080.1
OG0010083	jg19807	AT2G44520.1
OG0010084	jg19809	AT2G44530.1
OG0010085	jg19820	AT2G44640.1
OG0010086	jg13065	AT2G02590.1
OG0010087	jg19857	AT2G44925.1
OG0010088	jg19870	AT1G45332.1, AT2G45030.1
OG0010089	jg19872	AT2G45050.1
OG0010090	jg19873	AT2G45060.1
OG0010091	jg19908	AT2G45200.2
OG0010092	jg19920	AT2G45280.2
OG0010093	jg19929	AT2G45360.1
OG0010094	jg19933	AT2G45410.1
OG0010095	jg19942	AT2G45500.5
OG0010096	jg19958	AT2G45640.1
OG0010097	jg19959	AT2G45650.1
OG0010098	jg19969	AT2G45730.1
OG0010099	jg19987	AT2G45890.1
OG0010100	jg19988	AT2G45900.1
OG0010101	jg20014	AT2G46150.1
OG0010102	jg20057	AT2G46505.1
OG0010103	jg20072	AT2G46660.1
OG0010104	jg20083	AT2G46770.1
OG0010105	jg20143	AT2G47320.1
OG0010106	jg20151	AT2G47390.1
OG0010107	jg20171	AT2G47560.1
OG0010108	jg20188	AT2G47730.1
OG0010109	jg20196	AT2G47810.1
OG0010110	jg20197	AT2G47820.1
OG0010111	jg20201	AT2G47860.3
OG0010112	jg20213, jg9022	AT2G47980.1
OG0010113	jg20217	AT2G48020.1
OG0010114	jg20220	AT2G48060.2
OG0010115	jg20224	AT2G48090.2
OG0010116	jg20227	AT2G48120.1
OG0010117	jg20230	AT2G48140.1
OG0010118	jg12896	AT2G01060.1
OG0010119	jg12908	AT2G01170.1
OG0010120	jg12916	AT2G01260.1
OG0010121	jg12940	AT2G01505.1
OG0010122	jg12973	AT2G01720.1
OG0010123	jg12975	AT2G01735.1
OG0010124	jg12976	AT2G01740.1
OG0010125	jg12979	AT2G01755.2
OG0010126	jg12981	AT2G01770.1
OG0010127	jg12985	AT2G01810.1
OG0010128	jg12989	AT2G01850.1
OG0010129	jg13006	AT2G01950.1
OG0010130	jg13037	AT2G02220.1
OG0010131	jg13052	AT2G02400.1
OG0010132	jg13063	AT2G02560.1
OG0010133	jg13078	AT2G02800.1
OG0010134	jg13080	AT2G02820.2
OG0010135	jg13150	AT2G03500.1
OG0010136	jg13156, jg13154	AT2G03550.1
OG0010137	jg13186	AT2G03840.1
OG0010138	jg13189	AT2G03880.1
OG0010139	jg13190	AT2G03890.1
OG0010141	jg13220	AT3G25597.1
OG0010142	jg13223	AT3G25620.2
OG0010143	jg13226	AT5G40820.2
OG0010144	jg13231	AT3G25690.5
OG0010145	jg13232	AT3G25700.1
OG0010146	jg13233	AT3G25710.1
OG0010147	jg13247	AT3G25805.1
OG0010148	jg13252	AT3G25855.1
OG0010149	jg13262	AT3G25890.1
OG0010150	jg13277	AT3G26000.1
OG0010151	jg13292	AT3G26090.1
OG0010152	jg13296	AT3G26120.1
OG0010153	jg13299	AT3G26140.3
OG0010154	jg13332, jg13331	AT3G26430.1
OG0010155	jg13340	AT3G26510.7
OG0010156	jg13345	AT3G26570.1
OG0010157	jg13367	AT3G26744.1
OG0010158	jg13369	AT3G26760.1
OG0010159	jg13402	AT3G27010.1
OG0010160	jg13419	AT3G27170.1
OG0010161	jg13428, jg13437, jg13444	AT3G27220.1
OG0010162	jg13464	AT3G27325.2
OG0010164	jg13536	AT3G27785.1
OG0010165	jg13550	AT3G27920.1
OG0010166	jg13614	AT3G28450.1
OG0010167	jg13669	AT3G28860.1
OG0010168	jg21406, jg13686	AT5G48600.2
OG0010169	jg13699	AT3G28970.1
OG0010170	jg13751	AT3G29270.1
OG0010171	jg13756	AT3G29280.2
OG0010172	jg13761	AT3G29310.1
OG0010174	jg13789, jg13787	AT3G29385.1
OG0010175	jg13804	AT3G29390.1
OG0010176	jg13827	AT3G29760.2
OG0010177	jg13877	AT3G30460.2
OG0010178	jg13898	AT3G32930.1
OG0010179	jg13948	AT3G42170.1
OG0010180	jg13961	AT3G42670.4
OG0010181	jg14033	AT3G43600.1
OG0010182	jg14034	AT3G43610.2
OG0010183	jg14050	AT3G43720.1
OG0010184	jg14070, jg15378	AT3G54450.1
OG0010185	jg14077	AT3G43860.1
OG0010186	jg14081	AT3G43920.2
OG0010187	jg14150	AT3G44350.2
OG0010188	jg14167	AT3G44540.1
OG0010189	jg14201	AT3G44680.1
OG0010190	jg5219, jg14219	AT5G14050.1
OG0010191	jg14243	AT3G44910.1
OG0010192	jg14247	AT3G44940.1
OG0010193	jg14294	AT3G45260.1
OG0010194	jg14353	AT3G45770.1
OG0010195	jg14404	AT3G46220.2
OG0010196	jg14443	AT3G46600.1
OG0010197	jg14447	AT3G46630.1
OG0010198	jg14460	AT3G46740.1
OG0010199	jg14486	AT3G46910.1
OG0010200	jg14513	AT3G47170.1
OG0010201	jg14544	AT3G47550.3
OG0010202	jg14568	AT3G47640.1
OG0010203	jg14573	AT3G47690.1
OG0010204	jg14592	AT3G47870.1
OG0010205	jg14616	AT3G48100.1
OG0010206	jg14622	AT3G48150.1
OG0010207	jg14623	AT3G48160.2
OG0010208	jg14626	AT3G48187.1
OG0010209	jg14629	AT3G48190.2
OG0010210	jg14634, jg14632	AT3G48205.2
OG0010211	jg14635	AT3G48210.1
OG0010212	jg14663	AT3G48470.1
OG0010213	jg14664	AT3G48480.1
OG0010214	jg14668	AT3G48510.1
OG0010215	jg14669	AT3G48520.1
OG0010216	jg14671	AT3G48530.1
OG0010217	jg14672	AT3G48540.1
OG0010218	jg14679	AT3G48610.1
OG0010219	jg14704	AT3G48800.1
OG0010220	jg14706	AT3G48820.1
OG0010221	jg14798	AT3G49500.1
OG0010222	jg14806	AT3G49540.1
OG0010223	jg14815	AT3G49600.1
OG0010224	jg14821	AT3G49650.1
OG0010225	jg14822	AT3G49660.1
OG0010226	jg14832	AT3G49750.1
OG0010227	jg14840	AT3G49810.1
OG0010228	jg14871	AT3G50050.1
OG0010229	jg14873	AT3G50060.1
OG0010230	jg14907, jg14909, jg15549	AT3G50420.1
OG0010231	jg14910	AT3G50430.1
OG0010232	jg14930	AT3G50610.2
OG0010233	jg14931	AT3G50620.1
OG0010234	jg14932	AT3G50630.1
OG0010235	jg14955	AT3G50808.1
OG0010237	jg14985	AT3G51020.1
OG0010238	jg14986	AT3G51030.1
OG0010239	jg14991	AT3G51080.1
OG0010240	jg15025	AT3G51390.1
OG0010241	jg15035	AT3G51490.2
OG0010242	jg15036	AT3G51500.1
OG0010243	jg15037	AT3G51510.1
OG0010244	jg15045	AT3G51590.1
OG0010245	jg15055	AT3G51710.1
OG0010246	jg15085, jg23693	AT5G66950.1
OG0010247	jg15094	AT3G51895.2
OG0010248	jg15100	AT3G51960.2
OG0010249	jg15117	AT3G52080.1
OG0010250	jg15127	AT3G52190.1
OG0010251	jg15154	AT3G52440.2
OG0010252	jg15156	AT3G52460.1
OG0010253	jg15693, jg15161	AT3G56900.1
OG0010254	jg15179	AT3G52570.1
OG0010255	jg15187	AT5G28390.1, AT3G52660.1
OG0010256	jg15214	AT3G52900.1
OG0010257	jg15215	AT3G52905.1
OG0010258	jg15219	AT3G52940.1
OG0010259	jg15220	AT3G52950.1
OG0010260	jg15229	AT3G53030.1
OG0010261	jg15279	AT3G53470.2
OG0010262	jg15290	AT3G53570.1
OG0010263	jg15317	AT3G53810.1
OG0010264	jg15326	AT3G53920.1
OG0010265	jg15334	AT3G53980.1
OG0010266	jg15361	AT3G54210.1
OG0010267	jg15362	AT3G54220.1
OG0010268	jg15372	AT3G54350.1
OG0010269	jg15381	AT3G54480.1
OG0010270	jg15396	AT3G54610.1
OG0010271	jg15398	AT3G54630.1
OG0010272	jg15400	AT3G54650.1
OG0010273	jg15401	AT3G54660.1
OG0010274	jg15402	AT3G54670.1
OG0010275	jg15404	AT3G54690.1
OG0010276	jg15416	AT3G54820.1
OG0010277	jg15430	AT3G54930.1
OG0010278	jg15445	AT3G55070.1
OG0010279	jg15465	AT3G55270.1
OG0010280	jg15495	AT3G55550.1
OG0010281	jg15498	AT3G55580.1
OG0010282	jg15523	AT3G55720.1
OG0010283	jg15532	AT3G55760.1
OG0010284	jg15580	AT3G56110.1
OG0010285	jg15597	AT3G56270.1
OG0010286	jg15604	AT3G56330.1
OG0010287	jg15628	AT3G56600.1
OG0010288	jg15720, jg15660	AT3G57190.1
OG0010289	jg15719, jg15661	AT3G57170.1
OG0010290	jg15673	AT3G57090.1
OG0010291	jg15678	AT3G57060.2
OG0010292	jg15681	AT3G57030.1
OG0010293	jg15685	AT3G56990.1
OG0010294	jg15703	AT3G56830.1
OG0010295	jg15806	AT3G57860.1
OG0010296	jg15815	AT3G57960.1
OG0010297	jg15819	AT3G58000.1
OG0010298	jg15827	AT3G58070.1
OG0010299	jg15835	AT3G58150.1
OG0010300	jg15851	AT3G58270.1
OG0010301	jg15871	AT3G58450.1
OG0010302	jg15878	AT3G58510.1
OG0010303	jg15886	AT3G58600.1
OG0010304	jg15899	AT3G58720.3
OG0010305	jg15941	AT3G59020.2
OG0010306	jg15943	AT3G59040.2
OG0010307	jg15957	AT3G59170.1
OG0010307	jg15956	AT3G59160.1
OG0010308	jg15994	AT3G59490.2
OG0010309	jg16014	AT3G59660.1
OG0010310	jg16038	AT3G59880.1
OG0010311	jg16040	AT3G59900.1
OG0010312	jg16073	AT3G60966.1
OG0010313	jg16078	AT3G60220.1
OG0010314	jg16108	AT3G60500.1
OG0010315	jg16121	AT3G60620.1
OG0010316	jg16125	AT3G60660.1
OG0010317	jg16140	AT3G60830.1
OG0010318	jg16154	AT3G61060.2
OG0010319	jg16201	AT3G61450.2
OG0010320	jg16204	AT5G28350.1, AT3G61480.2
OG0010321	jg16234	AT3G61720.1
OG0010322	jg16239	AT3G61750.1
OG0010323	jg16240	AT3G61760.1
OG0010324	jg16243	AT3G61790.1
OG0010325	jg16246	AT3G61820.1
OG0010326	jg16247	AT3G61830.1
OG0010327	jg16253	AT3G61890.1
OG0010328	jg16258	AT3G61950.1
OG0010329	jg16296	AT3G62260.2
OG0010330	jg16303	AT3G62330.1
OG0010331	jg16313	AT3G62420.1
OG0010332	jg16321	AT3G62550.1
OG0010333	jg16333	AT3G62660.1
OG0010334	jg16336	AT3G62690.1
OG0010335	jg16364	AT3G62950.1
OG0010336	jg16371	AT3G63020.1
OG0010337	jg16385	AT3G63130.1
OG0010338	jg16402, jg16410, jg16394	AT3G63220.2
OG0010339	jg16404, jg16412, jg16396	AT3G63240.1
OG0010340	jg16414	AT3G63250.1
OG0010341	jg16435	AT3G63390.1
OG0010342	jg16436	AT3G63410.1
OG0010343	jg3818	AT5G01900.1
OG0010344	jg3830	AT5G01830.1
OG0010345	jg3853	AT5G01620.3
OG0010346	jg3901	AT5G01260.2
OG0010347	jg4192, jg3913	AT5G01160.1
OG0010348	jg3921	AT5G01110.2
OG0010349	jg3944	AT5G02130.1
OG0010350	jg3945	AT5G02140.1
OG0010351	jg3955	AT5G02230.3
OG0010352	jg3990	AT5G02540.1
OG0010353	jg3994	AT5G02580.1
OG0010354	jg4043	AT5G03120.2
OG0010355	jg4046	AT5G03160.1
OG0010356	jg4050	AT5G03200.1
OG0010357	jg4056	AT5G03250.1
OG0010358	jg4062	AT5G03310.1
OG0010359	jg4084	AT5G03460.1
OG0010360	jg4125	AT5G03795.1
OG0010361	jg4129	AT5G03840.1
OG0010362	jg4147	AT5G04020.1
OG0010363	jg4165	AT5G04180.1
OG0010365	jg4173	AT5G04250.1
OG0010366	jg4199	AT5G04480.1
OG0010367	jg4204	AT5G04530.1
OG0010368	jg4243	AT5G04930.1
OG0010369	jg4245	AT5G04950.1
OG0010370	jg4250	AT5G04990.1
OG0010371	jg4257	AT5G05070.1
OG0010372	jg4287	AT5G05330.1
OG0010373	jg4352	AT5G05965.1
OG0010374	jg4356	AT5G05990.1
OG0010375	jg4374, jg4373	AT5G06120.1
OG0010376	jg4393	AT5G06265.4
OG0010377	jg4419	AT5G06410.1
OG0010378	jg4423	AT5G06440.4
OG0010379	jg4424	AT5G06450.1
OG0010380	jg4427	AT5G06480.1
OG0010381	jg4452, jg4439	AT5G06590.1
OG0010382	jg4528	AT5G07020.1
OG0010383	jg4557	AT5G07250.1
OG0010384	jg4617	AT5G07740.2
OG0010385	jg4636	AT5G07960.1
OG0010386	jg4667	AT5G08200.1
OG0010387	jg4692	AT5G08415.1
OG0010388	jg4698	AT5G08450.1
OG0010389	jg4703	AT5G08500.1
OG0010390	jg4743	AT5G09280.1
OG0010391	jg4746	AT5G09310.1
OG0010392	jg4752	AT5G09380.2
OG0010393	jg4764	AT5G09480.1
OG0010394	jg4775	AT4G32208.1, AT5G09590.1
OG0010395	jg4785	AT5G09730.1
OG0010396	jg4787	AT5G09750.1
OG0010397	jg4809	AT5G09890.2
OG0010398	jg4834	AT5G10100.1
OG0010399	jg4844	AT5G10150.1
OG0010400	jg4882	AT5G10530.1
OG0010401	jg4896	AT5G10650.1
OG0010402	jg4902	AT5G10730.1
OG0010403	jg4906	AT5G10760.1
OG0010404	jg4930	AT5G11010.2
OG0010405	jg4933	AT5G11030.2
OG0010406	jg4945	AT5G11160.1
OG0010407	jg4946	AT5G11190.1
OG0010408	jg4952	AT5G11240.1
OG0010409	jg4985	AT5G11530.1
OG0010410	jg4987	AT5G11550.1
OG0010411	jg4991	AT5G11590.1
OG0010412	jg4996	AT5G11650.1
OG0010413	jg5003	AT5G11710.1
OG0010414	jg5014	AT5G11800.1
OG0010415	jg5023	AT5G11850.1
OG0010416	jg5036	AT5G11960.1
OG0010417	jg5038	AT5G11980.1
OG0010418	jg5044	AT5G12040.1
OG0010419	jg5053	AT5G12130.1
OG0010420	jg5069	AT5G12260.1
OG0010421	jg5071	AT5G12290.1
OG0010422	jg5076	AT5G12340.2
OG0010423	jg5095	AT5G12850.1
OG0010424	jg5100	AT5G12900.1
OG0010425	jg5111	AT5G13000.1
OG0010426	jg5128	AT5G13140.1
OG0010427	jg5133	AT5G13190.2
OG0010428	jg5142	AT5G13280.1
OG0010429	jg5159	AT5G13460.1
OG0010430	jg5190	AT5G13800.3
OG0010431	jg5191	AT5G13810.1
OG0010432	jg5203	AT5G13920.2
OG0010433	jg5215	AT5G14010.1
OG0010434	jg5240	AT5G14240.1
OG0010435	jg5241	AT5G14260.1
OG0010436	jg5254	AT3G46610.1
OG0010437	jg5285	AT5G14620.1
OG0010438	jg5294	AT5G14710.1
OG0010439	jg5296	AT5G14730.1
OG0010440	jg5335	AT5G15100.1
OG0010441	jg5370	AT5G15450.1
OG0010442	jg5380	AT5G15540.1
OG0010443	jg5394	AT5G15710.1
OG0010444	jg5415	AT5G15880.1
OG0010445	jg5425	AT5G16000.1
OG0010446	jg5431	AT5G16060.1
OG0010447	jg5440	AT5G16160.1
OG0010448	jg5449	AT5G16250.1
OG0010449	jg5463	AT5G16380.1
OG0010450	jg5473	AT5G16480.1
OG0010451	jg5479, jg5480	AT5G16520.1
OG0010452	jg5498	AT5G16680.1
OG0010453	jg5522	AT5G16930.1
OG0010454	jg5548	AT5G17220.1
OG0010455	jg5567	AT5G17340.1
OG0010456	jg5573	AT5G17400.1
OG0010457	jg5582	AT5G17490.1
OG0010458	jg5586	AT5G17530.4, AT5G17522.1
OG0010459	jg5591, jg5592	AT5G17580.2
OG0010460	jg5596	AT5G17620.1
OG0010461	jg5599	AT5G17650.1
OG0010462	jg5616	AT5G17790.1
OG0010463	jg5624	AT5G17860.1
OG0010465	jg5647	AT5G18070.1
OG0010466	jg5652	AT5G18120.1
OG0010467	jg5674	AT5G18310.2
OG0010468	jg5693	AT5G18480.1
OG0010469	jg5718	AT1G33940.1, AT5G18700.1
OG0010470	jg5741	AT5G18900.1
OG0010471	jg5742	AT5G18910.1
OG0010472	jg5768	AT5G19150.1
OG0010473	jg5782	AT5G19220.1
OG0010474	jg5789	AT5G19290.1
OG0010475	jg5796	AT5G19370.1
OG0010476	jg5807	AT5G19473.2
OG0010477	jg5820	AT5G19580.1
OG0010478	jg5825	AT5G19630.1
OG0010479	jg5827	AT5G19650.1
OG0010480	jg5832	AT5G19700.1
OG0010481	jg5836	AT5G19740.1
OG0010482	jg5859	AT5G19960.1
OG0010483	jg5871	AT5G20070.1
OG0010484	jg5877	AT5G20130.2
OG0010485	jg5882	AT5G20170.1
OG0010486	jg5884	AT5G20190.1
OG0010487	jg5925	AT5G20600.1
OG0010488	jg5934	AT5G20690.1
OG0010489	jg5938	AT5G20730.1
OG0010490	jg5958	AT5G20930.1
OG0010491	jg5961	AT5G20950.3
OG0010492	jg5965	AT5G20980.1
OG0010493	jg5967	AT5G21010.1
OG0010494	jg5972	AT5G21070.1
OG0010495	jg5975	AT5G21100.1
OG0010496	jg5987	AT5G21482.1
OG0010497	jg5990	AT5G21920.1
OG0010498	jg5993	AT5G21950.6
OG0010499	jg6004	AT5G22030.2
OG0010501	jg6053	AT5G22430.1
OG0010502	jg6061	AT5G22500.1
OG0010503	jg6065	AT5G22540.1
OG0010504	jg6074	AT5G22580.1
OG0010505	jg6128	AT5G22930.1
OG0010506	jg6142	AT5G23040.1
OG0010507	jg6164	AT5G23190.1
OG0010508	jg6170	AT5G23240.1
OG0010509	jg6195	AT5G23450.3
OG0010510	jg6206	AT5G23570.1
OG0010511	jg6226	AT5G23760.1
OG0010512	jg6238	AT5G23890.1
OG0010513	jg6251	AT5G24020.1
OG0010514	jg6252	AT5G24030.1
OG0010515	jg6259	AT5G24070.1
OG0010516	jg6261	AT5G24090.1
OG0010517	jg6270	AT5G24170.1
OG0010518	jg6275	AT5G24230.1
OG0010519	jg6277	AT5G24260.1
OG0010520	jg6290, jg6288	AT5G24316.1
OG0010521	jg6304	AT5G24400.1
OG0010522	jg6306	AT5G24420.1
OG0010523	jg6309	AT5G24450.1
OG0010524	jg6310	AT5G24460.1
OG0010525	jg6367	AT5G24930.1
OG0010526	jg23629, jg6395	AT5G67490.1
OG0010527	jg6396	AT5G25240.1
OG0010528	jg6443	AT5G25570.3
OG0010529	jg6444	AT5G25580.1
OG0010530	jg6470	AT5G25840.1
OG0010531	jg6490	AT5G25970.1, AT5G25990.1
OG0010532	jg6569	AT5G26610.1
OG0010533	jg6653	AT5G27470.1
OG0010534	jg6655	AT5G27460.1
OG0010535	jg6659	AT5G27420.1
OG0010536	jg6715	AT5G27970.2
OG0010537	jg6775	AT5G28300.1
OG0010538	jg6823	AT5G28770.2
OG0010539	jg6875	AT5G29560.1
OG0010540	jg7058	AT4G08300.1
OG0010541	jg7153, jg7088	AT4G08460.1
OG0010542	jg7101, jg7138	AT4G08540.1
OG0010543	jg7211	AT4G08960.1
OG0010544	jg7214	AT4G08980.1
OG0010545	jg7234	AT4G09150.2
OG0010546	jg7282	AT4G09670.1
OG0010547	jg7287	AT4G09730.1
OG0010548	jg7338	AT4G10030.1
OG0010549	jg7382	AT4G10360.1
OG0010550	jg7383	AT4G10380.1
OG0010551	jg7390	AT4G10440.1
OG0010552	jg7413	AT4G10620.1
OG0010553	jg7424	AT4G10720.1
OG0010554	jg7469	AT4G11090.1
OG0010555	jg7471	AT4G11100.1
OG0010556	jg7472	AT4G11110.1
OG0010557	jg7569	AT4G11720.1
OG0010558	jg7598	AT4G11970.1
OG0010559	jg7604	AT4G12030.2
OG0010560	jg7629	AT4G12250.1
OG0010561	jg7642	AT4G12390.1
OG0010562	jg7667	AT4G12610.2
OG0010563	jg7696	AT4G04360.1
OG0010564	jg7720	AT4G04670.1
OG0010565	jg7759	AT4G04980.1
OG0010566	jg7800, jg7801	AT4G05380.1
OG0010567	jg7851	AT4G02730.1
OG0010568	jg7860	AT4G02780.1
OG0010569	jg7865	AT4G02810.1
OG0010570	jg7868	AT4G02830.1
OG0010571	jg7899	AT4G03000.1
OG0010572	jg7905	AT4G03080.1
OG0010573	jg7908	AT4G03110.1
OG0010574	jg7913	AT4G03150.1
OG0010575	jg7915	AT4G03190.1
OG0010576	jg7917	AT4G03210.1
OG0010577	jg7981	AT4G02370.1
OG0010578	jg7988	AT4G02290.1
OG0010579	jg7990	AT4G02270.1
OG0010580	jg7991	AT4G02260.1
OG0010581	jg8006	AT4G02160.1
OG0010582	jg8017	AT4G02090.1
OG0010583	jg8050	AT4G01883.1
OG0010584	jg8083	AT4G01560.1
OG0010585	jg8098	AT4G01400.1
OG0010586	jg8104	AT4G01320.1
OG0010587	jg8105	AT4G01310.1
OG0010588	jg8110	AT4G01240.1
OG0010589	jg8129	AT4G01040.1
OG0010590	jg8130	AT4G01037.1
OG0010591	jg8132	AT4G01026.1
OG0010592	jg8163	AT4G00770.1
OG0010593	jg8168	AT4G00740.1
OG0010594	jg8170	AT4G00720.1
OG0010595	jg8176	AT4G00660.1
OG0010596	jg8219	AT4G00295.1
OG0010597	jg8229	AT4G00170.1
OG0010598	jg8273	AT4G38150.1
OG0010599	jg8285	AT4G38240.1
OG0010600	jg8287	AT4G38260.1
OG0010601	jg8289	AT4G38280.1, AT2G45250.2
OG0010602	jg8292	AT4G38360.2
OG0010603	jg8304, jg8297	AT4G38410.1
OG0010604	jg8300, jg8307	AT4G38440.1
OG0010605	jg8375	AT4G39050.1
OG0010606	jg8392	AT4G39220.1
OG0010607	jg8397	AT4G39260.1
OG0010608	jg8401	AT4G39320.1
OG0010609	jg8409	AT4G39390.1
OG0010610	jg8436	AT4G39660.1
OG0010611	jg8464	AT4G39680.1
OG0010612	jg8485	AT4G39840.1
OG0010613	jg8503	AT4G39980.1
OG0010614	jg8510	AT4G40045.1
OG0010615	jg8539	AT4G37925.1
OG0010616	jg8557	AT4G37770.1
OG0010617	jg8584	AT4G37490.1
OG0010618	jg8590	AT4G37440.1
OG0010619	jg8625	AT4G37000.1
OG0010620	jg8630	AT4G37040.1
OG0010621	jg8631, jg8633	AT4G37050.1
OG0010622	jg8659	AT4G36780.1
OG0010623	jg8667	AT4G36700.1
OG0010624	jg8675	AT4G36620.1
OG0010625	jg8685	AT4G36520.1
OG0010626	jg8698	AT4G36380.1
OG0010627	jg8713	AT4G36160.2
OG0010628	jg8721	AT4G36120.1
OG0010629	jg8798	AT4G35490.1
OG0010630	jg8800	AT4G35470.1
OG0010631	jg8857	AT4G34990.1
OG0010632	jg8860	AT4G34960.1
OG0010633	jg8864	AT4G34910.1
OG0010634	jg8872	AT4G34800.1
OG0010635	jg8874	AT4G34770.1
OG0010636	jg8894	AT4G34580.1
OG0010637	jg8901	AT4G34520.1
OG0010639	jg8951	AT4G34140.1
OG0010640	jg8977	AT4G33905.1
OG0010641	jg8990	AT4G33800.1
OG0010642	jg8994	AT4G33760.1
OG0010643	jg9013	AT4G33610.1
OG0010644	jg9030	AT4G33500.1
OG0010645	jg9039	AT4G33440.1
OG0010646	jg9049	AT4G33350.1
OG0010647	jg9050	AT4G33330.2
OG0010648	jg9066	AT4G33170.1
OG0010649	jg9069	AT4G33140.1
OG0010650	jg9075	AT4G33080.1
OG0010651	jg9239	AT4G31615.1
OG0010651	jg9238	AT4G31620.1
OG0010652	jg9092	AT4G32950.1
OG0010653	jg9094	AT4G32930.2
OG0010654	jg9100	AT4G32880.1
OG0010655	jg9114	AT4G32750.1
OG0010656	jg9117	AT4G32710.1
OG0010657	jg9119	AT4G32700.2
OG0010658	jg9142	AT4G32510.2
OG0010659	jg9169	AT4G32270.1
OG0010660	jg9197	AT4G32020.1
OG0010661	jg9198	AT4G32010.1
OG0010662	jg9206	AT4G31920.1
OG0010663	jg9217	AT4G31830.1
OG0010664	jg9223	AT4G31770.1
OG0010665	jg9229	AT4G31720.1
OG0010666	jg9265	AT4G31370.1
OG0010667	jg9293	AT4G31040.1
OG0010668	jg9295	AT4G31010.2
OG0010669	jg9302	AT4G30980.2
OG0010670	jg9328	AT4G30820.16
OG0010671	jg9329	AT4G30810.1
OG0010672	jg9335	AT4G30730.1, AT4G30750.1
OG0010673	jg9353	AT4G30570.1
OG0010674	jg9355	AT4G30550.1
OG0010675	jg9368	AT4G30440.1
OG0010676	jg9373	AT4G30390.1
OG0010677	jg9396	AT4G30150.1
OG0010678	jg9430	AT4G29890.1
OG0010679	jg9436	AT4G29830.1
OG0010680	jg9477	AT4G29560.1
OG0010681	jg9484	AT4G29520.1
OG0010682	jg9494	AT4G29400.1
OG0010683	jg9517	AT4G29170.1
OG0010684	jg9534	AT4G28990.2
OG0010685	jg9537	AT4G28940.1
OG0010686	jg9545	AT4G28850.1
OG0010687	jg9580	AT4G28520.1
OG0010688	jg9582	AT4G28500.1
OG0010689	jg9584	AT4G28485.2
OG0010690	jg9615	AT4G28210.1
OG0010691	jg9620	AT4G28160.1
OG0010692	jg9633	AT4G28040.1
OG0010693	jg9655	AT4G27850.1
OG0010694	jg9740	AT4G27110.1
OG0010695	jg9752	AT4G26980.1
OG0010696	jg9757	AT4G26940.1
OG0010697	jg9763	AT4G26880.1
OG0010698	jg9765	AT4G26850.1
OG0010699	jg9816	AT4G26400.1
OG0010700	jg9838	AT4G26190.1
OG0010701	jg9840	AT4G26170.1
OG0010702	jg9842	AT4G26150.1
OG0010703	jg9851	AT4G26070.2
OG0010704	jg9855	AT4G26020.2
OG0010705	jg9859	AT4G26000.1
OG0010706	jg9893	AT4G25720.1
OG0010707	jg9903	AT4G25640.2
OG0010708	jg9966	AT4G25080.6
OG0010709	jg9980	AT4G24950.1
OG0010710	jg9985	AT4G24880.1
OG0010711	jg9997	AT4G24760.1
OG0010712	jg10014	AT4G24640.1
OG0010713	jg10027	AT4G24500.1
OG0010714	jg10073	AT4G24100.4
OG0010715	jg10100	AT4G23885.1
OG0010716	jg10160	AT4G23430.2
OG0010716	jg10161	AT4G23420.3
OG0010717	jg10222	AT4G23030.1
OG0010718	jg10238	AT4G22860.1
OG0010719	jg10253	AT4G22755.1
OG0010720	jg10264, jg10387	AT4G21720.1
OG0010721	jg10276	AT4G22560.1
OG0010722	jg10278	AT4G22540.1
OG0010723	jg10314	AT4G22190.1
OG0010724	jg10405	AT4G21570.2
OG0010725	jg10408	AT4G21540.1
OG0010726	jg10409	AT4G21530.1
OG0010727	jg10433	AT4G21330.1
OG0010728	jg10498	AT4G20780.1
OG0010729	jg10521, jg10516, jg10528	AT4G20390.1
OG0010730	jg10537	AT4G20325.1
OG0010731	jg10543	AT4G20260.4
OG0010732	jg10600	AT4G19810.1
OG0010733	jg10615	AT4G19645.1
OG0010734	jg10647	AT4G19380.2
OG0010735	jg10694	AT4G18950.1
OG0010737	jg10743	AT4G18490.3
OG0010738	jg10746	AT4G18460.1
OG0010739	jg10752	AT4G18400.1
OG0010740	jg10766	AT4G18290.2
OG0010741	jg10781	AT4G18240.1
OG0010742	jg10787	AT4G18197.1
OG0010742	jg10786	AT4G18205.1
OG0010743	jg10791	AT4G18170.1
OG0010744	jg10811	AT4G17970.1, AT4G17585.1
OG0010745	jg10820	AT4G17895.1
OG0010746	jg10829	AT4G17830.2
OG0010747	jg10832	AT4G17800.1
OG0010748	jg10848	AT4G17680.1
OG0010749	jg10851	AT4G17650.1
OG0010750	jg10853	AT4G17620.1
OG0010751	jg10875	AT4G17460.1
OG0010752	jg10879	AT4G17420.1
OG0010753	jg10883	AT4G17370.1
OG0010754	jg10910	AT4G17080.1
OG0010755	jg10911	AT4G17070.1
OG0010756	jg10915	AT4G17050.1
OG0010757	jg10920	AT4G17000.1
OG0010758	jg10925	AT4G16850.1
OG0010759	jg10927	AT4G16845.1
OG0010760	jg10933	AT4G16807.1
OG0010761	jg10940	AT4G16765.1
OG0010762	jg10955	AT4G16660.2
OG0010763	jg10958	AT4G16630.1
OG0010764	jg10999	AT4G16450.1
OG0010765	jg11007	AT4G16420.1
OG0010767	jg11045	AT4G16160.2
OG0010768	jg11052	AT4G16140.2
OG0010770	jg11077	AT4G15975.1
OG0010771	jg11167	AT4G15470.1
OG0010772	jg11170	AT4G15440.1
OG0010773	jg11207	AT4G15180.1
OG0010775	jg11244	AT4G14950.1
OG0010776	jg11261	AT4G14815.1
OG0010777	jg11276	AT4G14770.1
OG0010778	jg11303	AT4G14605.1
OG0010779	jg11304	AT4G14590.1
OG0010780	jg11345	AT4G14330.1
OG0010781	jg11362	AT4G14220.1
OG0010782	jg11410	AT4G13950.1
OG0010783	jg11455	AT4G13630.1
OG0010784	jg11483	AT4G13540.1
OG0010785	jg11506	AT4G13460.1
OG0010786	jg11508	AT4G13450.1
OG0010787	jg11509	AT4G13440.2
OG0010788	jg11525, jg11523	AT4G13370.1
OG0010789	jg11535	AT4G13330.1
OG0010790	jg11686	AT4G12750.1
OG0010791	jg11864, jg11765	AT5G33290.1
OG0010792	jg11882	AT5G35080.1
OG0010793	jg11928	AT5G35380.1
OG0010794	jg11933	AT5G35410.1
OG0010795	jg11973	AT5G35750.1
OG0010796	jg12064, jg12058	AT5G36700.1, AT5G36790.1
OG0010797	jg12074	AT5G36920.1
OG0010797	jg12077	AT5G36925.1
OG0010798	jg12170	AT5G37380.1
OG0010799	jg12247	AT5G37790.1
OG0010800	jg12384	AT5G38510.1
OG0010801	jg12386	AT5G38530.1
OG0010802	jg12416	AT5G38720.2
OG0010803	jg12425	AT5G38840.1
OG0010804	jg12433	AT5G38895.3
OG0010805	jg12480	AT5G39200.1, AT5G39170.1, AT5G39140.1
OG0010806	jg12505	AT5G39400.1
OG0010807	jg12507	AT5G39420.1
OG0010808	jg12518	AT5G39500.1
OG0010809	jg12571	AT5G39940.1
OG0010810	jg12572	AT5G39950.1
OG0010811	jg12579	AT5G39970.1
OG0010812	jg12588	AT5G39990.1
OG0010813	jg12615	AT5G40140.1
OG0010814	jg12619	AT5G40160.1
OG0010815	jg12628	AT5G40250.1
OG0010816	jg12635	AT5G40290.1
OG0010816	jg12632	AT5G40270.1
OG0010817	jg12658	AT5G40450.1
OG0010818	jg12671	AT5G40570.2
OG0010819	jg12683	AT5G40645.1
OG0010820	jg12705	AT5G40850.1
OG0010821	jg12709	AT5G40890.1
OG0010822	jg12722	AT5G41020.1
OG0010823	jg12728	AT5G41080.1
OG0010824	jg12737	AT5G41140.1
OG0010825	jg12760	AT5G41350.2
OG0010826	jg12763	AT5G41380.1
OG0010827	jg12818	AT5G41760.1
OG0010828	jg12824	AT5G41800.1
OG0010829	jg12836	AT5G41880.1
OG0010830	jg12859	AT5G42070.1
OG0010831	jg20270	AT5G47660.1
OG0010832	jg20273	AT5G47635.1
OG0010833	jg20292	AT5G47470.2
OG0010834	jg20305	AT5G47380.1
OG0010835	jg20307	AT5G47370.1
OG0010836	jg20382	AT5G46795.1
OG0010837	jg20386	AT5G46760.1
OG0010838	jg20387	AT5G46750.1
OG0010839	jg20393	AT5G46690.1
OG0010840	jg20398	AT5G46620.1
OG0010841	jg20441	AT5G46280.1
OG0010842	jg20454	AT5G46160.1
OG0010843	jg20465	AT5G46060.1
OG0010844	jg20490	AT5G45890.1
OG0010845	jg20496	AT5G45840.1
OG0010846	jg20497	AT5G45830.1
OG0010847	jg20508	AT5G45740.1
OG0010848	jg20530	AT5G45550.1
OG0010849	jg20534	AT5G45520.1
OG0010850	jg20538	AT5G45480.1
OG0010851	jg20546	AT5G45410.1
OG0010852	jg20552	AT5G45390.1
OG0010853	jg20553	AT5G45380.1
OG0010855	jg20600	AT5G45140.1
OG0010856	jg20653	AT5G44800.1
OG0010857	jg20720	AT5G44460.1
OG0010858	jg20816	AT5G43870.1
OG0010859	jg20817	AT5G43860.1
OG0010860	jg20950	AT5G43060.1
OG0010861	jg20987	AT5G42940.1
OG0010862	jg21018	AT5G42800.1
OG0010863	jg21023	AT5G42780.1
OG0010864	jg21024	AT5G42770.2
OG0010865	jg21028	AT5G42740.1
OG0010866	jg21050	AT5G42650.1
OG0010867	jg21190	AT5G42120.1
OG0010868	jg21217	AT5G48520.2
OG0010869	jg21246	AT5G47830.1
OG0010870	jg21279	AT5G47910.1
OG0010871	jg21350	AT5G48180.1
OG0010872	jg21351	AT5G48210.1
OG0010873	jg21397	AT5G48545.1
OG0010874	jg21458	AT5G48830.2
OG0010875	jg21461	AT5G48870.1
OG0010876	jg21472	AT5G48940.1
OG0010877	jg21478	AT5G48960.1
OG0010878	jg21508	AT5G49020.1
OG0010879	jg21556	AT5G49300.1
OG0010880	jg21566	AT5G49330.1
OG0010881	jg21592, jg21593	AT5G49530.1
OG0010882	jg21645	AT5G49945.1
OG0010883	jg21662	AT5G50100.1
OG0010884	jg21670	AT5G50175.1
OG0010885	jg21699	AT5G50350.1
OG0010886	jg21700	AT5G50360.1
OG0010887	jg21715	AT5G50450.1
OG0010888	jg21733	AT5G50740.3
OG0010889	jg21734	AT5G50750.1
OG0010890	jg21737	AT5G50780.1
OG0010891	jg21739	AT5G50800.1
OG0010892	jg21745	AT5G50860.1
OG0010893	jg21769	AT5G51100.1
OG0010894	jg21775	AT5G51150.1
OG0010895	jg21795	AT5G51340.1
OG0010896	jg21811	AT5G51410.1
OG0010897	jg21856	AT5G51780.2
OG0010898	jg21867	AT5G51860.1
OG0010899	jg21891	AT5G52060.1
OG0010900	jg21912	AT5G52200.1
OG0010901	jg21913	AT5G52210.1
OG0010902	jg21927	AT5G52340.1
OG0010903	jg22048	AT5G53280.1
OG0010904	jg22055	AT5G53340.1
OG0010905	jg22056	AT5G53350.1
OG0010906	jg22068	AT5G53486.4
OG0010907	jg22075	AT5G53520.1
OG0010908	jg22131	AT5G53730.1
OG0010909	jg22133	AT5G53750.1
OG0010910	jg22136	AT5G53770.1
OG0010912	jg22142	AT5G53800.1
OG0010913	jg22145	AT5G53830.1
OG0010914	jg22165	AT5G53980.1
OG0010915	jg22193	AT5G54140.1
OG0010916	jg22208	AT5G54200.1
OG0010917	jg22211	AT5G54220.1
OG0010918	jg22214	AT5G54230.1
OG0010919	jg22220	AT5G54270.1
OG0010920	jg22233	AT5G54380.1
OG0010921	jg22251	AT5G54470.1
OG0010922	jg22253	AT5G54490.1
OG0010923	jg22295	AT5G54730.1
OG0010924	jg22299	AT5G54750.2
OG0010925	jg22302	AT5G54780.1
OG0010926	jg22303	AT5G54790.1
OG0010927	jg22313	AT5G54870.1
OG0010928	jg22330	AT5G55060.1
OG0010929	jg22338	AT5G55130.1
OG0010930	jg22341	AT5G55150.1
OG0010931	jg22371	AT5G55410.2
OG0010932	jg22387	AT5G55530.1
OG0010933	jg22393	AT5G55570.1
OG0010934	jg22396	AT5G55600.1
OG0010935	jg22402	AT5G55660.1
OG0010936	jg22406	AT5G55700.1
OG0010937	jg22408	AT5G55720.1
OG0010938	jg22411	AT5G55750.1
OG0010939	jg22412	AT5G55760.1
OG0010940	jg22438	AT5G55960.1
OG0010941	jg22453, jg22451	AT5G56050.1
OG0010942	jg22459	AT5G56110.1
OG0010943	jg22480	AT5G56290.1
OG0010944	jg22493	AT5G56360.1
OG0010945	jg22540	AT5G56580.1
OG0010946	jg22559	AT5G56760.1
OG0010947	jg22562	AT5G56790.1
OG0010948	jg22581	AT5G56930.1
OG0010949	jg22584	AT5G56960.2
OG0010950	jg22601	AT5G57090.1
OG0010951	jg22605	AT5G57110.1
OG0010952	jg22606	AT5G57120.1
OG0010953	jg22613	AT5G57170.2
OG0010954	jg22619	AT5G57210.1
OG0010955	jg22627, jg22625	AT5G57280.1
OG0010956	jg22651	AT5G57510.1
OG0010957	jg22674	AT5G57710.1
OG0010958	jg22676	AT5G57740.1
OG0010959	jg22678	AT5G57760.1
OG0010960	jg22679	AT5G57770.1
OG0010961	jg22681	AT5G57790.1
OG0010962	jg22694	AT5G57920.3
OG0010963	jg22704	AT5G58005.1
OG0010964	jg22706	AT5G58020.1
OG0010965	jg22707	AT5G58030.1
OG0010966	jg22715	AT5G58090.1
OG0010967	jg22725	AT5G58190.2
OG0010968	jg22732	AT5G58260.1
OG0010969	jg22733	AT5G58270.1
OG0010970	jg22745	AT5G58360.1
OG0010971	jg22748	AT5G58375.1
OG0010972	jg22762	AT5G58500.1
OG0010973	jg22779	AT5G58650.1
OG0010974	jg22788	AT5G58730.1
OG0010975	jg22789	AT5G58740.1
OG0010976	jg22797	AT5G58800.1
OG0010977	jg22817	AT5G58930.1
OG0010978	jg22828	AT5G59020.1
OG0010979	jg22836	AT5G59220.1
OG0010980	jg22837	AT5G59210.1
OG0010981	jg22867	AT5G59340.1
OG0010982	jg22872	AT4G01180.1, AT5G59390.1
OG0010983	jg22879	AT5G59460.1
OG0010984	jg22881	AT5G59480.1
OG0010985	jg22896	AT5G59610.3
OG0010986	jg22949	AT5G60100.2
OG0010988	jg22980	AT5G60370.1
OG0010989	jg22985	AT5G60450.1
OG0010990	jg23017	AT5G60760.1
OG0010991	jg23031	AT5G60900.1
OG0010992	jg23037	AT5G60950.1
OG0010993	jg23065	AT5G61210.1
OG0010994	jg23082	AT5G61380.1
OG0010995	jg23089	AT5G61440.1
OG0010996	jg23094	AT5G61470.1
OG0010997	jg23100	AT5G61530.1
OG0010998	jg23108	AT5G61600.1
OG0010999	jg23125	AT5G61770.2
OG0011000	jg23165	AT5G62160.1
OG0011001	jg23170	AT5G62200.1
OG0011002	jg23195	AT5G62420.1
OG0011003	jg23201	AT5G62490.1
OG0011004	jg23212	AT5G62600.1
OG0011005	jg23224	AT5G62710.1
OG0011006	jg23225	AT5G62720.1
OG0011007	jg23278	AT5G63090.1
OG0011008	jg23279	AT5G63100.1
OG0011009	jg23301	AT5G63270.1
OG0011010	jg23305	AT5G63310.1
OG0011011	jg23310	AT5G63400.1
OG0011012	jg23354	AT5G63770.1
OG0011013	jg23358, jg23361, jg23365	AT5G63810.1
OG0011014	jg23363, jg23463, jg23368	AT5G63830.1
OG0011015	jg23388	AT5G63970.1
OG0011016	jg23391	AT5G64000.1
OG0011017	jg23408	AT5G64180.1
OG0011018	jg23413	AT5G64230.1
OG0011019	jg23420	AT5G64290.1
OG0011020	jg23424	AT5G64330.1
OG0011021	jg23438	AT5G64370.1
OG0011022	jg23487	AT5G64810.1
OG0011023	jg23488	AT5G64813.1
OG0011024	jg23509	AT5G65020.1
OG0011025	jg23511	AT5G65040.1
OG0011026	jg23517	AT5G65090.1
OG0011027	jg23531	AT5G65210.1
OG0011029	jg23557	AT5G65440.3
OG0011030	jg23558	AT5G65450.2
OG0011031	jg23570	AT5G65570.1
OG0011032	jg23571	AT5G65590.1
OG0011033	jg23576	AT5G65630.1
OG0011034	jg23580	AT5G65670.1
OG0011035	jg23611	AT5G65900.1
OG0011036	jg23614	AT5G65925.1
OG0011037	jg23617	AT5G67620.1
OG0011038	jg23631	AT5G67470.1
OG0011039	jg23638	AT5G67410.1
OG0011040	jg23641	AT5G67385.1
OG0011041	jg23657	AT5G67240.1
OG0011042	jg23658	AT5G67230.1
OG0011043	jg23694	AT5G66940.1
OG0011044	jg23699	AT5G66890.1
OG0011045	jg23712	AT5G66780.1
OG0011046	jg23715	AT5G66750.1
OG0011047	jg23722	AT5G66680.1
OG0011048	jg23743	AT5G66510.2
OG0011049	jg23747	AT5G66470.1
OG0011050	jg23748	AT5G66460.1
OG0011051	jg23755	AT5G66390.1
OG0011052	jg23756	AT5G66380.1
OG0011053	jg23759	AT5G66350.1
OG0011054	jg23778	AT5G66170.2
OG0011055	jg23787	AT5G66070.2
OG0011056	jg191	AT2G07732.1
OG0011141	jg28399	AT1G02160.2
OG0011142	jg28412	AT1G02080.1
OG0011143	jg28419	AT1G02020.1
OG0011144	jg28422	AT1G01990.1
OG0011145	jg28430	AT1G01930.1
OG0011146	jg28431	AT1G01920.1
OG0011147	jg28457	AT1G01630.1
OG0011148	jg28474	AT1G01480.1
OG0011149	jg28478	AT1G01460.1
OG0011150	jg28479	AT1G01453.2
OG0011151	jg28481	AT1G01440.1
OG0011152	jg28482	AT1G01430.1
OG0011153	jg28501	AT1G01260.1
OG0011154	jg28504	AT1G01225.1
OG0011155	jg28514, jg20334	AT5G47170.1
OG0011156	jg28516	AT1G01110.2
OG0011157	jg28555	AT1G02470.1
OG0011158	jg28556	AT1G02475.1
OG0011160	jg28573	AT1G02660.1
OG0011161	jg28576	AT5G61710.1
OG0011162	jg28594	AT1G02830.1
OG0011163	jg28599	AT1G02870.1
OG0011164	jg28605	AT1G02910.1
OG0011165	jg28609	AT1G02950.5
OG0011166	jg28610	AT1G02960.2
OG0011167	jg28617	AT1G03030.1
OG0011168	jg28620	AT1G03055.1
OG0011169	jg1638, jg28633	AT1G03160.1
OG0011170	jg28636	AT1G03210.2
OG0011171	jg28660	AT1G03457.2
OG0011172	jg28691	AT1G03760.1
OG0011173	jg28718	AT1G03982.1
OG0011174	jg28726	AT1G04070.1
OG0011175	jg28739	AT1G04220.1
OG0011176	jg28760	AT1G04420.1
OG0011177	jg28769	AT1G04510.1
OG0011178	jg28771	AT1G04530.1
OG0011179	jg28773	AT1G04550.2
OG0011180	jg28774	AT1G04555.1
OG0011181	jg28776	AT1G04570.1
OG0011182	jg28782	AT1G04610.1
OG0011183	jg28787	AT1G04650.1
OG0011184	jg28804	AT1G04830.2
OG0011185	jg28814	AT1G04910.1
OG0011186	jg28816	AT1G04930.2
OG0011188	jg28833	AT1G05020.1
OG0011189	jg28869	AT1G05330.1
OG0011190	jg28880	AT1G05410.1
OG0011191	jg28886	AT1G05490.1
OG0011192	jg28891	AT1G05540.1
OG0011193	jg28892	AT1G05550.3
OG0011194	jg28918	AT1G05730.1
OG0011195	jg28922	AT1G05750.1
OG0011196	jg28923	AT1G05760.2
OG0011197	jg28941	AT1G05910.1
OG0011198	jg28962	AT1G06140.1
OG0011199	jg28978	AT1G06260.1
OG0011200	jg28980	AT1G06270.1
OG0011201	jg28990	AT1G06400.1
OG0011202	jg28999	AT1G06490.1
OG0011203	jg29000	AT1G06500.1
OG0011204	jg29031	AT1G06840.1
OG0011205	jg29054	AT1G07010.3
OG0011206	jg29036	AT1G07020.1
OG0011207	jg29045	AT1G06930.1
OG0011208	jg29063	AT1G07120.1
OG0011209	jg29065	AT1G07135.1
OG0011210	jg29067	AT1G07160.1
OG0011211	jg29078	AT1G07250.1
OG0011212	jg29082	AT1G07280.1
OG0011213	jg29092	AT1G07380.2
OG0011214	jg29128	AT1G07725.1
OG0011215	jg29131	AT1G07745.1
OG0011216	jg29178	AT1G08150.1
OG0011217	jg29194	AT1G08315.1
OG0011218	jg29201	AT1G08390.1
OG0011219	jg29203	AT1G08410.1
OG0011220	jg29230	AT1G08670.1
OG0011221	jg29231	AT1G08680.4
OG0011222	jg29233	AT1G08710.2
OG0011223	jg29245	AT1G08840.3
OG0011224	jg29255	AT1G08960.1
OG0011225	jg29261	AT1G09030.1
OG0011226	jg29264	AT1G09060.3
OG0011227	jg29269	AT1G09130.3
OG0011228	jg29278	AT1G09195.10
OG0011229	jg23597	AT5G65760.1
OG0011230	jg29291	AT1G09290.1
OG0011231	jg29306	AT1G09415.1
OG0011232	jg29307	AT1G09420.2
OG0011233	jg29308	AT1G09430.1
OG0011234	jg29312	AT1G09470.1
OG0011235	jg29320	AT1G09550.1
OG0011236	jg29323	AT1G09575.1
OG0011237	jg29327	AT1G09610.1
OG0011238	jg29345	AT1G09750.1
OG0011239	jg29350	AT1G09790.1
OG0011240	jg29352	AT1G09800.1
OG0011241	jg29365	AT1G09910.1
OG0011242	jg29367	AT1G09930.1
OG0011243	jg29381	AT1G10040.1
OG0011244	jg29382	AT1G10050.3
OG0011245	jg29416	AT1G10320.1
OG0011246	jg29417	AT1G10330.1
OG0011247	jg29421	AT1G10370.1
OG0011248	jg29422	AT1G10380.1
OG0011249	jg29425	AT1G10390.1
OG0011250	jg29429	AT1G10417.4
OG0011251	jg29432	AT1G10450.3
OG0011252	jg29458	AT1G10600.1
OG0011253	jg29473	AT1G10710.1
OG0011254	jg29475	AT1G10720.1
OG0011255	jg29518	AT1G11090.1
OG0011256	jg29530	AT1G11160.1
OG0011257	jg29556	AT1G11320.1
OG0011258	jg29566	AT1G11410.4
OG0011259	jg29604	AT1G11650.2
OG0011260	jg29610	AT1G11700.1
OG0011261	jg29614	AT1G11750.2
OG0011262	jg29617	AT1G11765.1
OG0011263	jg29619	AT1G11780.1
OG0011264	jg29621	AT1G11800.1
OG0011265	jg29622	AT1G11820.2
OG0011266	jg29626	AT1G11870.2
OG0011267	jg29629	AT1G11900.1
OG0011268	jg29630	AT1G11905.1
OG0011269	jg29638	AT1G11950.1
OG0011270	jg29641	AT1G11990.2
OG0011271	jg29642	AT1G12000.1
OG0011272	jg29665	AT1G12230.2
OG0011273	jg29723, jg29733	AT1G12770.1
OG0011274	jg29736	AT1G12790.1
OG0011275	jg29744	AT1G12845.1
OG0011276	jg29747	AT1G12860.1
OG0011277	jg29756	AT1G12980.1
OG0011278	jg29758	AT1G13000.1
OG0011279	jg29780	AT1G13190.1
OG0011280	jg29792	AT1G13290.1
OG0011281	jg29801	AT1G13380.1
OG0011283	jg29809	AT1G13450.1
OG0011284	jg29833	AT1G13680.1
OG0011285	jg29851, jg29849	AT1G13820.1
OG0011286	jg29859	AT1G13900.1
OG0011287	jg29873	AT1G14020.1
OG0011288	jg29895	AT1G14220.1
OG0011289	jg29908	AT1G14345.1
OG0011291	jg29947	AT1G14660.1
OG0011292	jg31686	AT1G30990.1
OG0011292	jg29982	AT1G14960.1
OG0011293	jg29994	AT1G15080.1
OG0011294	jg29999	AT1G15130.1
OG0011295	jg30010	AT1G15230.1
OG0011296	jg30033	AT1G15440.1
OG0011297	jg30045	AT1G15570.1
OG0011298	jg30051	AT1G15660.1
OG0011299	jg30109	AT1G16210.1
OG0011300	jg30118	AT1G16320.1
OG0011301	jg30129	AT1G16440.1
OG0011302	jg30139	AT1G16540.3
OG0011303	jg30175, jg30152	AT1G16705.2
OG0011304	jg30180, jg30168, jg30157	AT1G16750.1
OG0011305	jg30171, jg30183, jg30160	AT1G16770.1
OG0011306	jg30189, jg30202	AT1G16830.1
OG0011307	jg30223	AT1G17020.1
OG0011308	jg30240	AT1G17160.1
OG0011309	jg30265	AT1G17410.1
OG0011310	jg30266	AT1G17420.1
OG0011311	jg30268	AT1G17440.1
OG0011312	jg30276	AT1G17510.1
OG0011313	jg30282	AT1G17560.1
OG0011314	jg30305	AT1G17800.1
OG0011315	jg30323	AT1G17970.1
OG0011316	jg30325	AT1G18010.1, AT1G18000.1
OG0011317	jg30333	AT1G18100.1
OG0011318	jg30346	AT1G18250.2
OG0011319	jg30354	AT3G10113.1, AT1G18330.2
OG0011320	jg30362	AT1G18400.1
OG0011321	jg30372	AT1G18490.1
OG0011322	jg30382	AT1G18590.1
OG0011323	jg30397	AT1G18730.1
OG0011324	jg30406	AT1G18790.1
OG0011325	jg30417	AT1G18890.1
OG0011326	jg30427	AT1G19010.1
OG0011327	jg30434	AT1G19100.1
OG0011328	jg30436	AT1G19115.4
OG0011329	jg30440	AT1G19150.1
OG0011330	jg30441	AT1G19160.1
OG0011330	jg21961, jg21964	AT5G52610.1
OG0011331	jg30451	AT1G19240.1
OG0011332	jg30464	AT1G19380.1
OG0011333	jg30471	AT1G19430.1
OG0011334	jg30474	AT1G19470.1, AT1G19460.1
OG0011335	jg30485	AT1G19600.1
OG0011336	jg30488	AT1G19630.1
OG0011337	jg30489	AT1G19640.1
OG0011338	jg30494	AT1G19690.1
OG0011339	jg30503	AT1G19790.1
OG0011340	jg30505	AT1G19830.1
OG0011341	jg30506	AT1G19835.1
OG0011342	jg30514	AT1G19880.1
OG0011343	jg30579	AT1G20430.1
OG0011344	jg30593	AT1G20530.1
OG0011345	jg30598	AT1G20575.1
OG0011346	jg30600	AT1G20610.1
OG0011347	jg30604	AT1G20650.1
OG0011348	jg30622	AT1G20790.1
OG0011349	jg30623, jg30625	AT1G20803.1
OG0011350	jg30626	AT1G20810.1
OG0011351	jg30628	AT1G20830.1
OG0011352	jg30629	AT1G20840.1
OG0011353	jg30643	AT1G20980.1
OG0011354	jg30652	AT1G21090.1
OG0011355	jg30678	AT1G21326.1
OG0011356	jg30682	AT1G21360.1
OG0011357	jg30689	AT1G21430.1
OG0011358	jg30714	AT1G21651.1
OG0011359	jg30717	AT1G21670.1
OG0011360	jg30721	AT1G21695.1
OG0011361	jg30736, jg17605	AT1G21840.1
OG0011362	jg30740	AT1G21890.1
OG0011363	jg28236, jg30744	AT2G20250.2
OG0011364	jg30759	AT1G22015.1
OG0011365	jg30765	AT1G22060.1
OG0011366	jg30773	AT1G22130.1
OG0011367	jg30784	AT1G22230.1
OG0011368	jg30815	AT1G22530.1
OG0011369	jg30837	AT1G22740.1
OG0011370	jg30846	AT1G22850.1
OG0011371	jg30848	AT1G22882.1
OG0011372	jg30852	AT1G22930.1
OG0011373	jg30855	AT1G22960.1
OG0011374	jg30856	AT1G22970.1
OG0011375	jg30879	AT1G23170.2
OG0011376	jg30890	AT1G23230.1
OG0011377	jg30908	AT1G23360.1
OG0011378	jg30942	AT1G23730.1
OG0011379	jg30955	AT1G23860.1
OG0011380	jg30959	AT1G23900.1
OG0011381	jg30967	AT1G24020.1
OG0011382	jg30970	AT1G24050.1
OG0011383	jg30973	AT1G24060.1
OG0011384	jg30984	AT1G24140.1
OG0011385	jg30991	AT1G24160.1
OG0011386	jg31027	AT1G27080.1
OG0011387	jg31047	AT1G26930.1
OG0011388	jg31075	AT1G26790.1
OG0011389	jg31076	AT1G26780.2
OG0011390	jg31092	AT1G26640.1
OG0011391	jg31103	AT1G26520.1
OG0011392	jg31124	AT1G26360.1
OG0011393	jg31127	AT1G26320.1
OG0011394	jg31128	AT1G26310.1
OG0011395	jg31135	AT1G26220.1
OG0011396	jg31151	AT1G26090.1
OG0011397	jg31155	AT1G25570.1
OG0011398	jg31183	AT1G25330.1
OG0011399	jg31214	AT1G24610.1
OG0011400	jg31230	AT1G24470.1
OG0011401	jg31250	AT1G24270.1
OG0011402	jg31266	AT1G27390.1
OG0011403	jg31274	AT1G27460.1
OG0011404	jg31286	AT1G27620.1
OG0011405	jg31292	AT1G27695.1
OG0011406	jg31295	AT1G27720.1
OG0011407	jg31313	AT1G27960.1
OG0011408	jg31315	AT1G27980.1
OG0011409	jg31328	AT1G28090.1
OG0011410	jg31335	AT1G28140.1
OG0011411	jg31341	AT1G28200.1
OG0011412	jg31344	AT1G28220.1
OG0011413	jg31345	AT1G28230.1
OG0011414	jg31347	AT1G28250.1
OG0011415	jg31382	AT1G28530.1
OG0011416	jg31383	AT1G28540.1
OG0011417	jg31396	AT1G28680.1
OG0011418	jg31406	AT1G29010.1
OG0011419	jg31420	AT1G29100.2
OG0011420	jg31429	AT1G29170.1
OG0011421	jg31444	AT1G29240.1
OG0011422	jg31483	AT1G29540.1
OG0011423	jg31496	AT1G29630.2
OG0011424	jg31501	AT1G29690.1
OG0011425	jg31524	AT1G29830.3, AT1G29820.1
OG0011426	jg16756, jg31535	AT2G23093.1
OG0011427	jg31577	AT1G30290.2
OG0011428	jg31588	AT1G30440.1
OG0011429	jg31603	AT1G30480.1
OG0011430	jg31604	AT1G30490.1, AT5G32670.1
OG0011431	jg31614	AT1G30560.1
OG0011432	jg31634	AT1G30755.1
OG0011433	jg31653	AT1G30814.1
OG0011434	jg31690, jg31688	AT1G31020.1
OG0011435	jg31719	AT1G31130.1
OG0011436	jg31735	AT1G31240.1
OG0011437	jg31820	AT1G31870.1
OG0011438	jg31825	AT1G31930.1
OG0011439	jg31831	AT1G31940.1
OG0011440	jg31843	AT1G32120.1
OG0011441	jg31844	AT1G32127.1
OG0011442	jg31854	AT1G32170.1
OG0011443	jg31873, jg31875	AT1G32270.1
OG0011444	jg31914	AT1G32630.1
OG0011445	jg31932	AT1G32780.1
OG0011446	jg31968	AT1G33170.1
OG0011447	jg31986	AT1G33340.1
OG0011448	jg31990	AT1G33400.2
OG0011449	jg32024	AT1G33700.1
OG0011450	jg32104	AT1G34260.1
OG0011451	jg32106	AT1G34300.1
OG0011452	jg32116	AT1G34360.1
OG0011453	jg32214	AT1G35440.1
OG0011454	jg32223	AT1G35530.2
OG0011455	jg32233, jg24784	AT1G35620.1
OG0011456	jg32299	AT1G36390.1
OG0011457	jg32302, jg16141	AT3G60840.1
OG0011458	jg32327	AT1G36940.2
OG0011459	jg32399	AT1G33480.1
OG0011460	jg32448, jg32457	AT1G42430.1
OG0011461	jg32452, jg32465	AT1G42480.1
OG0011462	jg32470	AT1G42540.1
OG0011463	jg32471	AT1G42550.1
OG0011465	jg32503, jg32511	AT1G43245.2
OG0011466	jg32517	AT1G43620.1
OG0011467	jg32530	AT1G43650.1
OG0011468	jg32533	AT1G43670.1
OG0011469	jg32571	AT1G43860.1
OG0011471	jg8373, jg32607	AT4G39030.1
OG0011472	jg32608	AT1G44191.1
OG0011473	jg32632, jg32612	AT1G44318.1
OG0011474	jg32640	AT1G44760.2
OG0011475	jg32641	AT1G44770.1
OG0011476	jg32668	AT1G45110.1
OG0011477	jg32703	AT1G45207.2
OG0011478	jg15777, jg32712, jg15800	AT3G57780.1
OG0011479	jg32714	AT1G45230.1
OG0011480	jg32716	AT1G45545.2
OG0011481	jg32756	AT1G47278.2
OG0011482	jg32757	AT1G47280.1
OG0011483	jg32761	AT1G47290.2
OG0011484	jg32776	AT1G47420.1
OG0011485	jg32779	AT1G47480.1
OG0011486	jg32783	AT1G47530.1
OG0011487	jg32790	AT1G47580.1
OG0011488	jg32796	AT1G47603.1
OG0011489	jg23387	AT5G63960.2
OG0011490	jg32808	AT1G47655.1
OG0011491	jg32831	AT1G47845.1
OG0011491	jg32830	AT1G47840.1
OG0011493	jg32833	AT1G47870.1
OG0011494	jg32835, jg23528	AT5G65200.1
OG0011495	jg32838	AT1G47900.1
OG0011496	jg32851, jg32870	AT1G47970.1
OG0011497	jg32879	AT1G48040.1
OG0011498	jg32880	AT1G48050.1
OG0011499	jg32904	AT1G48270.1
OG0011500	jg32905	AT1G48280.1
OG0011501	jg32908	AT1G48320.1
OG0011502	jg32935	AT1G48550.1
OG0011503	jg32968	AT1G48840.1
OG0011504	jg32975	AT1G48910.1
OG0011505	jg32996	AT1G49030.1
OG0011506	jg32997	AT1G49040.1
OG0011507	jg32998	AT1G49050.1
OG0011508	jg33013, jg33012	AT1G49150.1
OG0011509	jg33026	AT1G49270.1
OG0011510	jg33039	AT1G49350.1
OG0011511	jg33042	AT1G49380.1
OG0011512	jg33047, jg33056	AT1G49420.1
OG0011513	jg33068	AT1G49475.1
OG0011514	jg33096	AT1G49720.2
OG0011515	jg33115	AT1G49880.1
OG0011516	jg33118, jg33117	AT1G49900.1
OG0011517	jg33124	AT1G49970.1
OG0011518	jg33125	AT1G49975.1
OG0011519	jg33126, jg33134	AT1G50020.1
OG0011520	jg33135	AT1G50030.1
OG0011521	jg33192	AT1G50570.1
OG0011522	jg33210	AT1G50730.1
OG0011524	jg33251	AT1G51080.1
OG0011525	jg33277	AT1G51350.1
OG0011526	jg33517, jg33291, jg33292	AT1G53140.1
OG0011527	jg33310	AT1G51520.2
OG0011528	jg33314	AT1G51550.1
OG0011529	jg33323	AT1G51640.1
OG0011530	jg33331	AT1G51720.1
OG0011531	jg33342	AT1G51790.2
OG0011532	jg33363	AT1G51913.1
OG0011532	jg33365	AT1G51915.1
OG0011533	jg33366	AT1G51930.1
OG0011534	jg33367, jg9055	AT4G33280.3
OG0011535	jg33396	AT1G52160.1
OG0011536	jg33419	AT1G52320.2
OG0011537	jg33421	AT1G52330.2
OG0011538	jg33434	AT1G52420.1
OG0011539	jg33453	AT1G52620.1
OG0011540	jg33512	AT1G53090.1
OG0011541	jg33541	AT1G53330.1
OG0011542	jg33569	AT1G53560.1
OG0011543	jg33570, jg33572	AT1G53570.1
OG0011544	jg33596	AT1G53700.1
OG0011545	jg33602	AT1G53770.2
OG0011546	jg33638	AT1G54080.2
OG0011547	jg33648	AT1G54160.1
OG0011548	jg33704	AT1G55475.1
OG0011549	jg33712	AT1G55540.2
OG0011550	jg33770	AT1G55890.1
OG0011551	jg33779	AT1G55960.1
OG0011552	jg33824	AT1G54350.1
OG0011553	jg357	AT1G64710.1
OG0011554	jg370	AT1G64600.1
OG0011555	jg374	AT1G64550.1
OG0011556	jg380	AT1G64500.1
OG0011558	jg399	AT1G64350.1
OG0011559	jg11902, jg404	AT1G64320.1
OG0011560	jg423	AT1G64200.1
OG0011561	jg10797	AT4G18110.1
OG0011562	jg7310, jg459, jg27477	AT1G64020.1
OG0011563	jg466	AT1G63960.2
OG0011564	jg12977, jg468	AT1G63940.2
OG0011565	jg478	AT1G63855.4
OG0011566	jg491	AT1G63770.3
OG0011567	jg500	AT1G63700.1
OG0011568	jg503	AT1G63670.1
OG0011569	jg531	AT1G63440.1
OG0011570	jg576	AT1G63110.1
OG0011571	jg590	AT1G63057.1, AT1G63055.1
OG0011572	jg595	AT1G63010.5
OG0011573	jg601	AT1G62980.1
OG0011574	jg602	AT1G62975.1
OG0011575	jg637	AT1G62730.1
OG0011576	jg676	AT1G62480.1
OG0011577	jg685	AT1G62390.1
OG0011578	jg707	AT1G62250.1
OG0011579	jg718	AT1G62180.1
OG0011580	jg757	AT1G61870.1
OG0011581	jg770	AT1G61770.1
OG0011582	jg789	AT1G61640.1
OG0011583	jg859	AT1G61120.1
OG0011584	jg869	AT1G61065.1
OG0011585	jg872	AT1G61040.1
OG0011586	jg878	AT1G60995.1
OG0011587	jg892	AT1G60890.2
OG0011588	jg905	AT1G60800.1
OG0011589	jg906	AT1G60790.1
OG0011590	jg910	AT1G60760.1
OG0011591	jg923	AT1G60660.1
OG0011592	jg925	AT1G60640.1
OG0011593	jg970	AT1G60390.1
OG0011594	jg980	AT2G10625.1, AT1G60220.1
OG0011595	jg981	AT1G60200.1
OG0011596	jg998	AT1G60010.1
OG0011597	jg999	AT1G59990.1
OG0011598	jg1005	AT1G59970.1
OG0011599	jg1048, jg7386	AT1G59760.1
OG0011600	jg1049	AT1G59750.1
OG0011601	jg1089	AT1G59650.1
OG0011602	jg1133	AT1G58470.1
OG0011603	jg1139	AT1G58420.1
OG0011604	jg1152	AT1G58370.2
OG0011605	jg1207	AT1G58070.1
OG0011606	jg1295, jg1296	AT1G57700.1
OG0011608	jg1411	AT1G56423.1
OG0011609	jg1431	AT1G56290.1
OG0011610	jg22455, jg2339, jg1450	AT5G56075.1
OG0011611	jg1464	AT1G54990.1
OG0011612	jg1498	AT1G54860.1
OG0011613	jg1559	AT1G54440.2
OG0011614	jg1579	AT1G54400.1
OG0011615	jg1703, jg12966	AT2G01650.1
OG0011616	jg1717	AT1G64770.3
OG0011617	jg1736, jg1727	AT1G64810.2
OG0011618	jg1751	AT1G64880.1
OG0011619	jg1764	AT1G64970.1
OG0011620	jg1804	AT1G65040.2
OG0011621	jg1811	AT1G65090.2
OG0011622	jg20610	AT2G32140.1
OG0011622	jg1898	AT1G65390.1
OG0011623	jg1911	AT1G65450.1
OG0011625	jg1941, jg1943	AT1G65570.1
OG0011626	jg1944	AT1G65580.1
OG0011627	jg2033	AT1G65960.2
OG0011628	jg2236	AT1G67150.2
OG0011628	jg2036	AT1G65985.1
OG0011629	jg2047	AT1G66110.1
OG0011630	jg2049	AT1G66130.1
OG0011631	jg2055	AT1G66150.1
OG0011632	jg2070	AT1G66260.1
OG0011633	jg2089	AT1G66360.1
OG0011635	jg2109	AT1G66480.1
OG0011636	jg2140	AT1G66680.1
OG0011637	jg2165	AT1G66750.1
OG0011638	jg2166	AT1G66760.2
OG0011639	jg2176	AT1G66840.1
OG0011640	jg2185	AT1G66890.1
OG0011641	jg2221	AT1G67060.1
OG0011642	jg2224	AT1G67070.1
OG0011643	jg2252	AT1G67280.1
OG0011644	jg2267	AT1G67400.1, AT3G43400.1
OG0011645	jg2268	AT1G67410.1
OG0011646	jg2272	AT1G67440.2
OG0011647	jg2291	AT1G67550.1
OG0011648	jg2295	AT1G67580.1
OG0011649	jg2308	AT1G67660.1
OG0011651	jg2381	AT1G68190.2
OG0011652	jg2382	AT1G68200.1
OG0011653	jg2386	AT1G68238.1
OG0011654	jg2387	AT1G68240.1
OG0011655	jg2391	AT1G68300.1
OG0011656	jg2398	AT1G68350.1
OG0011657	jg2404	AT1G68400.1
OG0011658	jg2420	AT1G68540.1
OG0011659	jg2431	AT1G68590.1
OG0011660	jg2440	AT1G68680.1
OG0011661	jg2445	AT1G68725.1
OG0011662	jg2456	AT1G68800.2
OG0011663	jg2459	AT1G68810.1
OG0011664	jg2487	AT1G69060.1
OG0011665	jg2489	AT1G69080.1
OG0011666	jg2514	AT1G69330.1
OG0011667	jg2517	AT1G69350.1
OG0011668	jg2526	AT1G69430.1
OG0011669	jg2527	AT1G69440.1
OG0011670	jg2528	AT1G69450.3
OG0011671	jg2529	AT1G69460.1
OG0011672	jg2535	AT1G69520.2
OG0011673	jg2542, jg2541	AT1G69550.1
OG0011674	jg2544	AT1G69570.1
OG0011675	jg2590	AT1G69910.1
OG0011676	jg2631	AT1G70190.1
OG0011677	jg2633	AT1G70210.1
OG0011678	jg2656	AT1G70480.2
OG0011679	jg2668	AT1G70560.1
OG0011680	jg2675	AT1G70590.1
OG0011681	jg2678	AT1G70640.1
OG0011682	jg2680	AT1G70660.1
OG0011683	jg2690	AT1G70760.1
OG0011684	jg2693	AT1G70790.1
OG0011685	jg2712	AT1G70920.1
OG0011686	jg2713	AT1G70940.1
OG0011687	jg2727	AT1G71060.1
OG0011688	jg2729	AT1G71080.1
OG0011689	jg2732	AT1G71110.1
OG0011690	jg2754	AT1G71310.1
OG0011691	jg2780	AT1G71480.1
OG0011692	jg2790	AT1G71695.1
OG0011693	jg2791	AT1G71696.2
OG0011694	jg2802	AT1G71800.1
OG0011695	jg2809	AT1G71860.1
OG0011696	jg2822	AT1G71950.1
OG0011697	jg2827	AT1G71980.1
OG0011698	jg2828	AT1G71990.1
OG0011699	jg2835	AT1G72070.1
OG0011700	jg2862	AT1G72275.1
OG0011701	jg2867	AT1G72320.1
OG0011702	jg2873	AT1G72390.1
OG0011703	jg2875	AT1G72416.3
OG0011704	jg2878	AT1G72440.1
OG0011705	jg2880	AT1G72460.1
OG0011706	jg2889	AT1G72550.1
OG0011707	jg2894	AT1G72620.1
OG0011708	jg2909	AT1G72740.1
OG0011709	jg2940	AT1G73000.1
OG0011710	jg2956	AT1G73160.1
OG0011711	jg2960	AT1G73180.1
OG0011712	jg2966	AT1G73240.1
OG0011713	jg2978	AT1G73370.1
OG0011714	jg2983	AT1G73430.1
OG0011715	jg2998	AT1G73590.1
OG0011716	jg3005	AT1G73640.1
OG0011717	jg3044	AT1G73990.1
OG0011718	jg3046	AT1G74000.1
OG0011719	jg3059	AT1G74080.1
OG0011720	jg3064	AT1G74120.1
OG0011721	jg3078	AT1G74240.1
OG0011722	jg3080	AT1G74260.1
OG0011723	jg3084	AT1G74310.1
OG0011724	jg3088	AT1G74360.1
OG0011725	jg3091	AT1G74390.1
OG0011726	jg3106	AT1G74530.3
OG0011727	jg3121	AT1G74690.1
OG0011728	jg3130	AT1G74790.1
OG0011729	jg3136	AT1G74850.1
OG0011730	jg3137	AT1G74860.1
OG0011731	jg3138	AT1G74870.1
OG0011732	jg3140	AT1G74880.1
OG0011733	jg3142	AT1G74900.1
OG0011734	jg3165	AT1G75125.1
OG0011735	jg3166	AT1G75130.1
OG0011736	jg3167	AT1G75150.3
OG0011737	jg3186	AT1G75310.2
OG0011738	jg3188	AT1G75330.1
OG0011739	jg3227	AT1G75700.3
OG0011740	jg3234	AT1G75770.1
OG0011741	jg3239	AT1G75820.1
OG0011742	jg3245	AT1G75870.1
OG0011744	jg3291	AT1G76310.3
OG0011745	jg3314	AT1G76510.3
OG0011746	jg3333	AT1G76700.1
OG0011747	jg3334	AT1G76710.3
OG0011748	jg3339	AT1G76760.1
OG0011749	jg3356	AT1G76940.1
OG0011750	jg3369	AT1G77020.1
OG0011751	jg3375	AT1G77090.1
OG0011752	jg3376	AT1G77100.1
OG0011753	jg3381	AT1G77140.1
OG0011754	jg3384	AT1G77170.1
OG0011755	jg3397	AT1G77290.1
OG0011756	jg3398	AT1G77300.1
OG0011757	jg3409	AT1G77400.1
OG0011758	jg3412	AT1G77420.1
OG0011759	jg3423	AT1G77540.1
OG0011760	jg3429	AT1G77600.3
OG0011761	jg3478	AT1G78060.1
OG0011762	jg3488	AT1G78140.1
OG0011763	jg3489	AT1G78150.3
OG0011764	jg3495	AT1G78180.1
OG0011765	jg3500	AT1G78230.1
OG0011766	jg3504	AT1G78280.1
OG0011767	jg3507	AT1G78310.1
OG0011768	jg3510	AT1G78340.1
OG0011769	jg3523	AT1G78460.1
OG0011770	jg3537	AT1G78580.1
OG0011771	jg3541	AT1G78620.2
OG0011772	jg3553	AT1G78710.1
OG0011773	jg3571	AT1G78890.1
OG0011774	jg3575	AT1G78910.1
OG0011775	jg3587	AT1G78995.1
OG0011776	jg3588	AT1G79000.2
OG0011777	jg3592	AT1G79050.1
OG0011778	jg3596	AT1G79090.1
OG0011779	jg3603	AT1G79160.1
OG0011780	jg3623	AT1G79350.1
OG0011781	jg3624	AT1G79360.1
OG0011782	jg3634	AT1G79460.1
OG0011783	jg3657	AT1G79660.1
OG0011784	jg3697	AT1G80660.1
OG0011785	jg3698	AT1G80650.1
OG0011786	jg3701	AT1G80625.1
OG0011786	jg26125	AT3G19790.1
OG0011787	jg3706	AT1G80580.1
OG0011788	jg3730	AT1G80390.1
OG0011789	jg4042, jg3741	AT5G03110.1
OG0011790	jg3758	AT1G80120.1
OG0011791	jg3766	AT1G80040.1
OG0011792	jg12913, jg3769	AT1G80010.1
OG0011793	jg3779	AT1G79910.1
OG0011794	jg3781	AT1G79890.1, AT1G09995.1
OG0011795	jg3797	AT1G79730.1
OG0011796	jg23889	AT3G02000.1
OG0011797	jg23898	AT3G01920.2
OG0011798	jg23911	AT3G01830.1
OG0011799	jg23923	AT3G01710.3
OG0011800	jg23931	AT3G01640.2
OG0011801	jg23946	AT3G01500.2
OG0011802	jg23948	AT3G01480.1
OG0011803	jg23981	AT3G01220.1
OG0011804	jg23987	AT3G01175.1
OG0011805	jg23998	AT3G01085.3
OG0011806	jg23999	AT3G01080.2
OG0011807	jg24500, jg26884, jg24010	AT1G07190.1
OG0011808	jg24014	AT3G02100.1
OG0011810	jg24089	AT3G02680.1
OG0011811	jg24096	AT3G02740.1
OG0011812	jg24120	AT3G02940.1
OG0011813	jg24126	AT3G03000.1
OG0011814	jg24129	AT3G03010.1
OG0011815	jg24194, jg24136	AT3G03500.1
OG0011816	jg24161	AT3G03280.1
OG0011817	jg24164	AT3G03305.1
OG0011818	jg24166	AT3G03320.1
OG0011819	jg24167	AT3G03330.1
OG0011820	jg24206	AT3G03590.1
OG0011821	jg24210	AT3G03630.1
OG0011822	jg24215	AT3G03670.1
OG0011823	jg24218	AT3G03700.1, AT3G04440.1
OG0011824	jg24287, jg24229	AT3G03790.3
OG0011825	jg24238, jg17859	AT2G28800.1
OG0011826	jg24245, jg25578	AT3G03890.1
OG0011827	jg24688, jg24276	AT3G07340.1
OG0011828	jg24284	AT3G04160.2
OG0011829	jg24292	AT4G38092.1
OG0011829	jg24326	AT3G04490.2
OG0011830	jg24301	AT3G04240.1
OG0011831	jg24310	AT3G04310.1
OG0011832	jg24314	AT3G04350.1
OG0011833	jg24318	AT3G04450.1
OG0011834	jg24321	AT3G04480.1
OG0011835	jg23493, jg24329	AT5G64860.1
OG0011836	jg24334	AT3G04550.1
OG0011837	jg24335	AT3G04560.1
OG0011838	jg24337	AT3G04580.1
OG0011839	jg24345	AT3G04650.1
OG0011840	jg24351	AT3G04680.1
OG0011841	jg24370	AT3G04820.1
OG0011842	jg24375	AT3G04870.1
OG0011843	jg24377	AT3G04890.4
OG0011844	jg24386	AT3G04950.1
OG0011845	jg24392	AT3G05000.1
OG0011846	jg24415	AT3G05160.1, AT3G05165.6
OG0011847	jg24417	AT3G05180.1
OG0011848	jg24424	AT3G05240.1
OG0011849	jg24445	AT3G05440.1
OG0011850	jg24476	AT3G05625.1
OG0011851	jg24511	AT3G05860.1
OG0011852	jg24520	AT3G05936.1
OG0011853	jg24537	AT3G06050.1
OG0011854	jg24541	AT3G06100.1
OG0011855	jg24549	AT3G06170.1
OG0011856	jg24584	AT3G06440.1
OG0011857	jg24589	AT3G06480.1
OG0011858	jg24598	AT3G06540.1
OG0011859	jg24603	AT3G06580.1
OG0011860	jg24614	AT3G66658.2
OG0011861	jg24624	AT3G06750.1
OG0011862	jg24638	AT3G06880.4
OG0011863	jg24648	AT3G06980.1
OG0011864	jg24659	AT3G07080.1
OG0011865	jg24714	AT3G07570.1
OG0011866	jg24732	AT3G07740.4
OG0011867	jg24747	AT3G07900.1
OG0011868	jg24764	AT3G08490.1
OG0011869	jg24769	AT3G08550.1
OG0011870	jg24806	AT3G08920.1
OG0011871	jg24812	AT3G08960.1
OG0011872	jg24827	AT3G09060.1
OG0011873	jg24830	AT3G09085.1
OG0011874	jg24858	AT3G09350.1
OG0011875	jg24890	AT3G09640.1
OG0011876	jg24903	AT3G09760.1
OG0011877	jg24915	AT3G09890.1
OG0011878	jg24946, jg24944	AT3G10116.1
OG0011879	jg24947	AT3G10130.1
OG0011880	jg24951	AT3G10160.1
OG0011881	jg24980	AT3G10420.2
OG0011882	jg24988	AT3G10500.1
OG0011883	jg25003	AT3G10630.1
OG0011884	jg25012	AT3G10720.2
OG0011885	jg25022	AT3G10800.1
OG0011886	jg25032	AT3G10880.1
OG0011887	jg25043	AT3G10970.1
OG0011888	jg25054	AT3G11050.1
OG0011889	jg25069	AT3G11220.1
OG0011890	jg25104	AT3G11520.1
OG0011891	jg25108	AT3G11560.2
OG0011892	jg25115	AT3G11640.1
OG0011893	jg25118	AT3G11670.1
OG0011894	jg25142	AT3G11900.1
OG0011895	jg25149	AT3G11964.2
OG0011896	jg25154	AT3G12010.1
OG0011897	jg25163	AT3G12080.1
OG0011898	jg25190	AT3G12345.1
OG0011899	jg25193	AT3G12370.1
OG0011900	jg25196	AT3G12400.2
OG0011901	jg25205	AT3G12510.1
OG0011902	jg25206	AT3G12520.1
OG0011903	jg25210	AT3G12550.1
OG0011904	jg25223	AT3G12680.1
OG0011905	jg25242	AT3G12880.1
OG0011906	jg25256	AT3G12960.1
OG0011907	jg25258	AT3G12970.1
OG0011908	jg25274	AT3G13062.2
OG0011909	jg25281	AT3G13110.1
OG0011910	jg25285	AT3G13150.1
OG0011911	jg25298	AT3G13225.2
OG0011912	jg25332	AT3G13490.1
OG0011913	jg25351	AT3G13650.1
OG0011914	jg25379	AT3G13800.1
OG0011915	jg25388	AT3G13860.1
OG0011916	jg25393	AT3G13898.1
OG0011917	jg25412	AT3G14060.1
OG0011918	jg25413	AT3G14067.1
OG0011919	jg25427	AT3G14190.1
OG0011920	jg25433	AT3G14220.1
OG0011921	jg25448	AT3G14360.1
OG0011922	jg25474	AT3G14590.2
OG0011923	jg25489	AT3G14720.1
OG0011924	jg25508	AT3G14910.1
OG0011925	jg25510	AT3G14930.1
OG0011926	jg25518	AT3G14980.1
OG0011927	jg25529	AT3G15080.1
OG0011928	jg25531	AT3G15095.1
OG0011929	jg25537	AT3G15130.1
OG0011930	jg25538	AT3G15150.1
OG0011931	jg25542	AT3G15180.2
OG0011932	jg25544	AT3G15200.1
OG0011933	jg25548	AT3G15250.1
OG0011934	jg25551	AT3G15280.1
OG0011935	jg25565	AT3G15354.3
OG0011936	jg14287, jg25571	AT3G15357.1
OG0011937	jg25574	AT3G15360.1
OG0011938	jg25603	AT3G15590.1
OG0011939	jg25604	AT3G15605.4
OG0011940	jg25608	AT3G15630.1
OG0011941	jg25646, jg27765, jg27643, jg27645	AT2G16005.1
OG0011942	jg25651	AT3G16070.1
OG0011943	jg25653	AT3G16090.1
OG0011944	jg25663	AT3G16175.1
OG0011945	jg25670	AT3G16230.1
OG0011946	jg25679	AT3G16280.2
OG0011947	jg25683	AT3G16320.1
OG0011948	jg25686	AT3G16350.1
OG0011949	jg25706	AT3G16510.1
OG0011950	jg25751	AT3G16800.1
OG0011952	jg25769	AT3G16900.1
OG0011953	jg25773	AT3G16940.1
OG0011954	jg25782	AT3G17040.1
OG0011955	jg25788	AT3G17070.1, AT3G42570.1
OG0011956	jg25805	AT3G17170.1
OG0011957	jg25814	AT3G17210.1
OG0011958	jg25838, jg25832	AT3G17340.2
OG0011959	jg25836, jg25840	AT3G17360.3
OG0011960	jg25839	AT3G17350.1
OG0011961	jg25852	AT3G17470.2
OG0011962	jg25872	AT3G17668.1
OG0011963	jg25873	AT3G17670.2
OG0011964	jg25874	AT3G17675.1
OG0011965	jg25883	AT3G17712.2, AT3G17740.1
OG0011966	jg25911	AT3G17910.1
OG0011967	jg25912	AT3G17920.1
OG0011968	jg25940	AT3G18200.2
OG0011969	jg25945	AT3G18230.1
OG0011970	jg25955, jg25956	AT3G18310.1
OG0011971	jg25962	AT3G18350.1
OG0011972	jg25970	AT3G18390.1
OG0011973	jg25977	AT3G18470.1
OG0011974	jg25981	AT3G18500.3
OG0011975	jg25984	AT3G18520.2
OG0011976	jg25995	AT3G18640.1
OG0011977	jg25999	AT3G18670.2
OG0011978	jg26007	AT3G18750.1
OG0011980	jg26014	AT3G18800.1
OG0011981	jg26026	AT3G18900.4
OG0011982	jg26032	AT3G18940.1
OG0011983	jg26036	AT3G18990.2
OG0011984	jg26067	AT3G19300.1
OG0011985	jg26068	AT3G19310.1
OG0011986	jg26071	AT3G19340.1
OG0011987	jg26074	AT3G19370.1
OG0011988	jg26075	AT3G19380.1
OG0011989	jg26117	AT3G19690.1
OG0011990	jg26124	AT3G19780.1
OG0011991	jg26130	AT3G19830.1
OG0011992	jg26131	AT3G19840.1
OG0011993	jg26134	AT3G19870.2
OG0011994	jg26137	AT3G19895.1
OG0011995	jg26169	AT3G20170.1
OG0011996	jg26180	AT3G20270.1
OG0011997	jg26188	AT3G20330.1
OG0011998	jg26200	AT3G20430.1
OG0011999	jg26202	AT3G20450.1
OG0012000	jg26207	AT3G20490.1
OG0012001	jg26210	AT3G20520.1
OG0012002	jg26227	AT3G20660.1
OG0012003	jg26242	AT3G20730.1
OG0012004	jg26258	AT3G20880.1
OG0012005	jg26304	AT3G21215.1
OG0012006	jg26317	AT3G21295.1
OG0012007	jg26318	AT3G21305.1
OG0012008	jg26333	AT3G21410.1
OG0012010	jg26347	AT3G21510.1
OG0012011	jg26357	AT3G21600.1
OG0012012	jg26360	AT3G21630.1
OG0012013	jg26365	AT3G21680.1
OG0012014	jg26375	AT3G21740.1
OG0012015	jg26380	AT3G21770.1
OG0012016	jg26385	AT3G21810.1
OG0012017	jg26386	AT3G21820.1
OG0012018	jg26392	AT3G21870.1
OG0012019	jg26428	AT3G22100.1
OG0012020	jg26480	AT3G22490.1
OG0012021	jg26482	AT3G22510.1
OG0012022	jg26483	AT3G22520.1
OG0012023	jg26485	AT3G22540.1
OG0012024	jg26498	AT3G22670.1
OG0012025	jg26524	AT3G22880.1
OG0012026	jg26526	AT3G22900.1
OG0012027	jg26527	AT3G22910.1
OG0012028	jg26537	AT3G22990.1
OG0012029	jg26545	AT3G23020.1
OG0012030	jg26549	AT3G23070.1
OG0012031	jg26558	AT3G23130.1
OG0012032	jg26571	AT3G23220.1
OG0012033	jg26573	AT3G23240.1
OG0012034	jg26575	AT3G23255.2
OG0012035	jg26589	AT3G23360.1
OG0012036	jg26593	AT3G23400.1
OG0012037	jg26594, jg4730	AT5G08740.1
OG0012038	jg26601	AT3G23530.1, AT3G23510.1
OG0012039	jg26602	AT3G23540.1
OG0012040	jg26605	AT3G23570.1
OG0012041	jg26615	AT3G23640.3
OG0012042	jg26637	AT3G23740.1
OG0012043	jg26676	AT3G24180.1
OG0012044	jg26703, jg21321	AT3G24070.1
OG0012045	jg26711	AT3G24030.1
OG0012046	jg26716	AT3G23990.1
OG0012047	jg20622, jg26760	AT3G24500.1
OG0012048	jg26769	AT3G24530.1
OG0012049	jg26798	AT3G24630.1
OG0012050	jg26803	AT3G24690.1
OG0012051	jg26807	AT3G24715.1
OG0012052	jg26809	AT3G24740.1
OG0012053	jg26810	AT3G24750.2
OG0012054	jg26811	AT3G24760.1
OG0012055	jg26832	AT3G24870.1, AT3G24880.1
OG0012056	jg26854	AT3G25160.1
OG0012057	jg26878	AT3G25400.1
OG0012058	jg26879	AT3G25410.1
OG0012059	jg26902	AT3G25493.1, AT3G25500.1
OG0012060	jg26916	AT2G14160.1
OG0012061	jg26944	AT2G04400.1
OG0012062	jg26967, jg26964	AT2G04495.1, AT2G04515.1
OG0012063	jg26985	AT2G04650.1
OG0012064	jg26987	AT2G04690.5
OG0012065	jg26994	AT2G04740.1
OG0012066	jg26998	AT2G04795.1
OG0012067	jg27009	AT2G04880.1
OG0012068	jg27012	AT2G04910.1
OG0012069	jg27037	AT2G05210.1, AT2G04395.1
OG0012070	jg27038	AT2G05230.1, AT2G05250.1
OG0012071	jg27042	AT4G13500.1, AT2G05310.1
OG0012072	jg27075	AT2G05590.2
OG0012073	jg27090	AT2G05755.1
OG0012074	jg27102	AT2G05830.1
OG0012075	jg27152	AT2G06025.1
OG0012076	jg27153	AT2G06040.1
OG0012077	jg27176	AT2G06210.1
OG0012078	jg27181	AT2G06510.1
OG0012079	jg27195	AT2G06850.1
OG0012080	jg27272	AT2G07340.1
OG0012081	jg27290	AT2G22650.1
OG0012082	jg27358	AT2G11890.1
OG0012083	jg27370	AT2G12550.1
OG0012084	jg27398	AT2G13542.1, AT1G59833.1
OG0012085	jg27405	AT2G13620.1
OG0012086	jg27416	AT2G13820.3
OG0012087	jg27438, jg19953	AT2G45590.1
OG0012088	jg27493, jg21720, jg21722	AT5G50490.1, AT5G27910.1
OG0012089	jg27532	AT2G14900.1
OG0012090	jg27533	AT2G14910.1
OG0012091	jg27558	AT2G15290.1
OG0012092	jg27582	AT2G15590.2
OG0012093	jg27599	AT2G15680.1
OG0012094	jg27600	AT2G15690.1
OG0012095	jg27610	AT2G15780.1
OG0012096	jg27623	AT2G15890.1
OG0012097	jg27636	AT2G15900.1
OG0012098	jg27637	AT2G15910.1
OG0012099	jg27641	AT2G15970.1
OG0012100	jg27670	AT2G16270.1
OG0012101	jg27671	AT2G16280.1
OG0012102	jg27695	AT2G16390.2
OG0012103	jg27702	AT2G16460.1
OG0012104	jg27749, jg20944	AT5G43070.1
OG0012105	jg27762	AT2G16720.1
OG0012106	jg27775	AT2G16790.3
OG0012107	jg27799	AT2G16990.1
OG0012108	jg27805	AT2G17033.2
OG0012109	jg27852	AT2G17270.1
OG0012110	jg27869	AT2G17440.1
OG0012111	jg27880	AT2G17500.1
OG0012112	jg27882	AT2G17520.1
OG0012113	jg27897	AT2G17650.1
OG0012114	jg27904	AT2G17705.1
OG0012115	jg27914	AT2G17780.1
OG0012116	jg27923	AT2G17870.1
OG0012117	jg27932	AT2G17970.1
OG0012118	jg27934	AT2G17975.1
OG0012119	jg27940	AT2G18000.2
OG0012120	jg27948	AT2G18030.1
OG0012121	jg27984	AT2G18245.1
OG0012122	jg27986	AT2G18280.1
OG0012123	jg28008	AT2G18465.1
OG0012124	jg28010	AT2G18480.1
OG0012125	jg7353, jg28033	AT4G10110.1
OG0012126	jg10950, jg28045	AT4G16710.1
OG0012127	jg28070	AT2G18940.1
OG0012128	jg28096	AT2G19130.1
OG0012129	jg28114	AT2G19270.1
OG0012130	jg28125	AT2G19400.1
OG0012131	jg28158	AT2G19620.1
OG0012132	jg28166	AT2G19710.1
OG0012133	jg11478	AT1G44810.1
OG0012133	jg28172	AT4G00238.1, AT4G00250.1
OG0012134	jg28195	AT2G19950.2
OG0012135	jg28214	AT2G20020.1
OG0012136	jg28216	AT2G20050.1
OG0012137	jg28221	AT2G20110.2
OG0012138	jg28228	AT2G20180.2
OG0012139	jg28232	AT2G20210.1
OG0012140	jg28238	AT2G20270.2
OG0012141	jg28240	AT2G20290.1
OG0012142	jg28261	AT2G20440.1
OG0012143	jg28291	AT2G20690.1
OG0012144	jg28298	AT2G20750.1
OG0012145	jg28305	AT2G20800.1
OG0012146	jg28312	AT2G20820.2
OG0012147	jg28319	AT2G20860.1
OG0012148	jg16500, jg16497	AT2G20940.1
OG0012149	jg16518	AT2G21150.1
OG0012150	jg16545	AT2G21320.1
OG0012151	jg16557	AT2G21400.2
OG0012152	jg16561	AT2G21440.1
OG0012153	jg16567	AT2G21500.1
OG0012154	jg16583	AT2G21660.1
OG0012155	jg16586	AT2G21710.1
OG0012156	jg16620	AT2G21940.4
OG0012158	jg16634	AT2G22080.1
OG0012159	jg16637	AT2G22120.2
OG0012160	jg16670	AT2G22430.1
OG0012161	jg16672	AT2G22460.1
OG0012162	jg16683	AT2G22560.1
OG0012163	jg16684	AT2G22570.1
OG0012164	jg16691	AT2G22640.1
OG0012165	jg16700	AT2G22730.2
OG0012166	jg16747	AT2G23030.1
OG0012167	jg16760	AT2G23120.1
OG0012168	jg16792	AT2G23340.1
OG0012169	jg16827	AT2G23640.1
OG0012170	jg16880	AT2G24130.2
OG0012171	jg16881	AT2G24140.2
OG0012172	jg16894	AT2G24220.2
OG0012173	jg16910	AT2G24330.1
OG0012174	jg16923	AT2G24400.1
OG0012175	jg16948	AT2G24540.1
OG0012177	jg16979	AT2G24700.1
OG0012178	jg17010	AT2G24790.1
OG0012179	jg17011	AT2G24800.1
OG0012180	jg17030	AT2G24970.1
OG0012181	jg17041	AT3G32410.1, AT2G25050.1
OG0012182	jg17047	AT2G25090.1
OG0012183	jg17050	AT2G25100.1
OG0012184	jg17063	AT2G25180.1
OG0012185	jg17067	AT2G25190.1
OG0012186	jg17089	AT2G25295.1
OG0012187	jg17146, jg17153	AT2G25625.1
OG0012188	jg17175	AT2G25737.1
OG0012189	jg17178	AT2G25760.2
OG0012190	jg17215	AT2G25890.2
OG0012191	jg17221	AT2G25910.2
OG0012192	jg17240	AT2G26070.2
OG0012193	jg17254, jg10093	AT4G23940.1
OG0012194	jg17262	AT2G26150.1
OG0012195	jg17294	AT2G26180.1
OG0012196	jg17316	AT2G26290.1
OG0012197	jg17324	AT2G26310.1
OG0012198	jg17335	AT2G26350.1
OG0012199	jg17352	AT2G26440.1
OG0012200	jg17360	AT2G26470.1
OG0012201	jg17581, jg8466, jg17499, jg17503, jg17488, jg17482	AT2G26760.1
OG0012202	jg14121	AT5G28720.1
OG0012203	jg17512	AT2G26810.1
OG0012204	jg17552	AT2G26980.4
OG0012205	jg17568	AT2G27035.1
OG0012206	jg17572	AT2G27050.1
OG0012207	jg17573	AT2G27060.1
OG0012208	jg17575	AT2G27090.1
OG0012209	jg17578	AT2G27110.1
OG0012210	jg17619	AT2G27240.1
OG0012211	jg17652	AT2G27450.2
OG0012212	jg17655	AT5G47760.1
OG0012213	jg17659	AT2G27470.1
OG0012214	jg7782, jg17664	AT4G05180.1
OG0012215	jg17676	AT2G27580.1
OG0012216	jg17681	AT2G27610.1
OG0012217	jg17688	AT2G27660.1
OG0012218	jg10060, jg17716	AT4G24210.1
OG0012219	jg17721	AT2G27840.3
OG0012220	jg17784	AT2G28240.1
OG0012221	jg17786	AT2G28260.1
OG0012222	jg17790	AT2G28305.1
OG0012223	jg17791	AT2G28310.1
OG0012224	jg17794	AT2G28330.1
OG0012225	jg17806	AT2G28420.1
OG0012226	jg17809	AT2G28450.1
OG0012227	jg17841	AT2G28650.1
OG0012228	jg17849	AT2G28700.1
OG0012229	jg17862	AT2G28830.1
OG0012230	jg17871	AT2G28920.1
OG0012231	jg17905	AT2G29090.1
OG0012232	jg17917	AT2G29210.1
OG0012233	jg18034	AT2G29995.1
OG0012234	jg18044	AT2G30100.1
OG0012235	jg18050	AT2G30120.5
OG0012236	jg18080	AT2G30390.2
OG0012237	jg18119	AT2G30710.1
OG0012238	jg18139	AT2G30890.1
OG0012239	jg18140	AT2G30900.1
OG0012240	jg18148	AT2G30960.1
OG0012241	jg18152	AT2G31010.1
OG0012242	jg18155	AT2G31040.1
OG0012243	jg18162	AT2G31082.1
OG0012244	jg18179, jg18183	AT2G31240.1
OG0012245	jg18189	AT2G31290.1
OG0012246	jg18198	AT2G31370.1
OG0012247	jg18205	AT2G31440.1
OG0012248	jg18228	AT2G31670.1
OG0012249	jg18247	AT2G31840.1
OG0012250	jg18254	AT2G31890.1
OG0012251	jg18259	AT2G31940.1
OG0012252	jg18264	AT2G31970.1
OG0012253	jg18268	AT2G32000.1
OG0012254	jg18275	AT2G32030.1
OG0012255	jg18282	AT2G32090.1
OG0012256	jg18285	AT2G32150.1
OG0012257	jg18298	AT2G32280.1
OG0012258	jg18317	AT2G32460.1
OG0012259	jg18320	AT2G32500.2
OG0012260	jg18330	AT2G32590.1
OG0012261	jg18336	AT2G32640.1
OG0012262	jg18354	AT2G32770.3
OG0012263	jg18357	AT2G32790.1
OG0012264	jg18377	AT2G32940.1
OG0012265	jg18378	AT2G32950.1
OG0012266	jg18401	AT2G33170.1
OG0012267	jg18413	AT2G33205.5
OG0012268	jg18418, jg18420	AT2G33250.1
OG0012269	jg13582, jg18451	AT2G33540.1
OG0012270	jg18467	AT2G33690.1
OG0012271	jg18477	AT2G33760.1
OG0012272	jg18478	AT2G33770.1
OG0012273	jg18486	AT2G33800.1
OG0012274	jg18501	AT2G33980.3
OG0012275	jg18510	AT2G34080.1
OG0012276	jg18514	AT2G34100.1
OG0012277	jg18528	AT2G34260.1
OG0012278	jg18532	AT2G34330.1
OG0012279	jg18553	AT2G34520.1
OG0012280	jg18555	AT2G34530.3
OG0012281	jg18561	AT2G34585.1
OG0012282	jg18568	AT2G34650.1
OG0012283	jg18584	AT2G34690.1
OG0012284	jg18604	AT2G34870.1
OG0012285	jg18610	AT2G34925.1
OG0012286	jg18611	AT2G34930.1
OG0012287	jg18617	AT2G35000.1
OG0012288	jg18632	AT2G35155.1
OG0012289	jg18635	AT2G35160.1
OG0012290	jg18641	AT2G35210.1
OG0012291	jg18661	AT2G35380.1
OG0012292	jg18665	AT2G35430.1
OG0012293	jg18699	AT2G35658.2
OG0012294	jg18711	AT2G35780.1
OG0012295	jg18722	AT2G35890.1
OG0012296	jg18731	AT2G35980.1
OG0012297	jg18740	AT2G36080.1
OG0012298	jg18744	AT2G36120.1
OG0012299	jg18793	AT2G36570.1
OG0012300	jg18798	AT2G36610.1
OG0012301	jg18812, jg7357	AT2G36720.1
OG0012302	jg18816	AT2G36750.1
OG0012303	jg18822	AT2G36830.1
OG0012304	jg18823	AT2G36835.1
OG0012305	jg18830	AT2G36895.3
OG0012306	jg18840	AT2G36980.1
OG0012307	jg18846	AT2G37020.3
OG0012308	jg18848	AT2G37035.1
OG0012309	jg18853	AT2G37070.1
OG0012310	jg18878	AT2G37290.2
OG0012311	jg18883	AT2G37340.1
OG0012312	jg18907	AT2G37500.1
OG0012313	jg6867, jg18914	AT2G37570.1
OG0012314	jg18923	AT2G37650.1
OG0012315	jg18942	AT2G37790.1
OG0012316	jg18949	AT2G37840.1
OG0012317	jg18955	AT2G37920.1
OG0012318	jg18956	AT2G37925.1
OG0012319	jg18968	AT2G38020.1
OG0012320	jg18974	AT2G38060.2
OG0012321	jg19006	AT2G38300.1
OG0012322	jg19012	AT2G38360.1
OG0012323	jg19018	AT2G38410.1
OG0012324	jg19029	AT2G38460.1
OG0012325	jg19042	AT2G38580.1
OG0012326	jg19083	AT2G39000.1
OG0012327	jg19155, jg19113	AT2G39400.1
OG0012328	jg19127	AT2G39270.1
OG0012329	jg19128	AT2G39260.1
OG0012330	jg19162	AT2G39440.1
OG0012332	jg19174	AT2G39510.1
OG0012333	jg19194	AT2G39725.1
OG0012334	jg19196	AT2G39740.1
OG0012335	jg19210	AT2G39810.1
OG0012336	jg19236	AT2G40010.1
OG0012338	jg19277	AT2G40270.1
OG0012339	jg19291	AT2G40340.6
OG0012340	jg19303	AT2G40420.1
OG0012341	jg19313	AT2G40490.1
OG0012342	jg19319	AT2G40550.1
OG0012343	jg19321	AT2G40570.1
OG0012344	jg19330	AT2G40640.1
OG0012345	jg19338	AT2G40730.1
OG0012346	jg19348	AT2G40810.1
OG0012347	jg19350, jg15615	AT3G56440.1
OG0012348	jg19353	AT2G40840.1
OG0012349	jg19355	AT2G40860.1
OG0012350	jg19374	AT2G40980.1
OG0012351	jg19381	AT2G41020.1
OG0012352	jg19392	AT2G41160.1
OG0012353	jg19393	AT2G41170.2
OG0012354	jg19420	AT2G41370.1
OG0012355	jg19434	AT2G41480.1
OG0012356	jg19455	AT2G41670.1
OG0012357	jg19456	AT2G41680.1
OG0012358	jg19457	AT2G41690.1
OG0012359	jg19458	AT2G41700.1
OG0012360	jg19459	AT2G41705.1
OG0012361	jg19474	AT2G41810.1
OG0012362	jg19477	AT2G41830.1
OG0012363	jg19483	AT2G41890.1
OG0012364	jg19485	AT2G41900.1
OG0012365	jg19510	AT2G42110.1
OG0012366	jg19523	AT2G42220.1
OG0012367	jg19538	AT2G42350.1
OG0012368	jg19568	AT2G42520.1
OG0012369	jg19578	AT2G42620.1
OG0012370	jg19582	AT2G42670.2
OG0012371	jg19587	AT2G42710.1
OG0012372	jg19595	AT2G42770.1
OG0012373	jg19596	AT2G42780.1
OG0012374	jg19607	AT2G42860.1
OG0012375	jg19618	AT2G42940.1
OG0012376	jg19619	AT2G42950.1
OG0012377	jg19621	AT2G42975.1
OG0012378	jg19630	AT2G43060.1
OG0012379	jg19651	AT2G43235.1
OG0012380	jg19653	AT2G43250.1
OG0012381	jg19675	AT2G43410.2
OG0012382	jg19676	AT2G43420.1
OG0012383	jg19690	AT2G43540.1
OG0012384	jg19692	AT2G43560.1
OG0012385	jg19706	AT2G43650.1
OG0012386	jg19771	AT2G44200.1
OG0012387	jg19774	AT2G44230.1
OG0012388	jg19778	AT2G44280.1
OG0012389	jg19793, jg19795	AT2G44410.1
OG0012390	jg19797	AT2G44430.1
OG0012391	jg19798	AT2G44440.1
OG0012392	jg19815	AT2G44580.1
OG0012393	jg19836	AT2G44760.1
OG0012394	jg14566, jg19896	AT3G47620.1
OG0012395	jg19898	AT2G45120.1
OG0012396	jg19930, jg19917	AT2G45380.1
OG0012397	jg19941	AT2G45490.1
OG0012398	jg19945	AT2G45520.1
OG0012399	jg19952	AT2G45580.1
OG0012400	jg19975	AT2G45770.1
OG0012401	jg19982	AT2G45850.1
OG0012402	jg19984	AT2G45870.1
OG0012404	jg19998	AT2G45990.1
OG0012405	jg20002	AT2G46040.2
OG0012406	jg20003	AT2G46050.1
OG0012407	jg20025	AT2G46240.1
OG0012408	jg20028	AT2G46270.1
OG0012409	jg20034	AT2G46320.1
OG0012410	jg20036	AT2G46340.1
OG0012411	jg20039	AT2G46380.1
OG0012412	jg20047	AT2G46470.1
OG0012413	jg20060	AT2G46530.3
OG0012414	jg20065	AT2G46580.1
OG0012415	jg20078	AT2G46720.1, AT3G10280.1
OG0012416	jg20093	AT2G46880.1
OG0012417	jg20102	AT2G46960.2
OG0012418	jg20105	AT2G46980.2
OG0012419	jg20106	AT2G46990.1
OG0012420	jg20108	AT2G47010.1
OG0012421	jg20109	AT2G47020.3
OG0012422	jg20119	AT2G47090.1
OG0012423	jg20121	AT2G47115.1
OG0012424	jg20141	AT2G47300.2
OG0012425	jg20142	AT2G47310.1
OG0012426	jg20144	AT2G47330.1
OG0012427	jg20148	AT2G47360.1
OG0012428	jg20159	AT2G47470.1
OG0012429	jg20163	AT2G47500.1
OG0012430	jg20173	AT2G47580.1
OG0012431	jg20174	AT2G47590.1
OG0012432	jg20185	AT2G47700.1
OG0012433	jg20198	AT2G47830.1
OG0012434	jg20207	AT2G47910.1
OG0012435	jg20211	AT2G47960.1
OG0012436	jg20214	AT2G47990.1
OG0012437	jg20219	AT4G22745.1
OG0012438	jg12912	AT2G01210.1
OG0012439	jg12929	AT2G01410.1
OG0012440	jg12932	AT2G01440.1
OG0012441	jg12934	AT2G01460.1
OG0012442	jg12941	AT2G01510.1
OG0012443	jg12958	AT2G01580.1
OG0012444	jg12972	AT2G01710.2
OG0012445	jg12978	AT2G01750.2
OG0012446	jg12987	AT2G01830.2
OG0012447	jg12993	AT2G01900.3
OG0012448	jg12995	AT2G01910.1
OG0012449	jg13062	AT2G02540.1
OG0012450	jg13064	AT2G02570.1
OG0012451	jg13068, jg13069	AT2G02710.1
OG0012452	jg13073	AT2G02750.1
OG0012453	jg13099	AT2G02970.1
OG0012454	jg13104	AT2G03070.1
OG0012455	jg13105	AT2G03090.1
OG0012456	jg13124	AT2G03260.1
OG0012457	jg13126	AT2G03280.2
OG0012458	jg13130	AT2G03310.1
OG0012459	jg13138	AT2G03380.1
OG0012460	jg13139	AT2G03390.1
OG0012461	jg13141	AT2G03420.1
OG0012462	jg13181	AT2G03780.1
OG0012463	jg13183	AT2G03810.1
OG0012464	jg13184	AT2G03820.1
OG0012465	jg13213	AT3G25560.3
OG0012466	jg13229	AT3G25670.1
OG0012467	jg13295	AT3G26115.1
OG0012468	jg13298	AT3G26130.2
OG0012469	jg13323	AT3G26350.1
OG0012470	jg13326	AT3G26380.1
OG0012471	jg13343	AT3G26540.1
OG0012472	jg13384	AT3G26890.1
OG0012473	jg13400	AT3G26990.1
OG0012474	jg13411	AT3G27080.1
OG0012475	jg13413	AT3G27100.1
OG0012476	jg13416	AT3G27150.1
OG0012477	jg13460	AT3G27310.1
OG0012478	jg13476	AT3G27410.1
OG0012479	jg13477	AT3G27420.1
OG0012480	jg13492	AT3G27470.5
OG0012481	jg13530	AT3G27730.2
OG0012482	jg13534	AT3G27750.1
OG0012483	jg13538	AT3G27820.1
OG0012484	jg13543	AT3G27860.1
OG0012485	jg13554	AT3G27925.1
OG0012486	jg13564	AT3G28030.3
OG0012487	jg13638	AT3G28660.1, AT3G28640.1
OG0012488	jg13641	AT3G28670.2
OG0012489	jg13654	AT3G28730.1
OG0012490	jg13658	AT3G28770.1
OG0012491	jg13706	AT3G29020.2
OG0012492	jg13728	AT3G29130.2
OG0012493	jg13736	AT3G29185.1
OG0012494	jg13757	AT3G29290.1
OG0012495	jg13979, jg14005	AT3G43210.1
OG0012496	jg14076	AT3G43850.1
OG0012497	jg14117	AT3G48630.1, AT3G44150.1
OG0012498	jg14118	AT3G44160.1
OG0012499	jg14133	AT3G44200.1
OG0012500	jg14142	AT3G44280.1
OG0012501	jg14151	AT3G44370.1
OG0012502	jg14157	AT3G44460.1
OG0012503	jg14160	AT3G44530.1
OG0012504	jg20318, jg14193	AT5G47250.1
OG0012505	jg14203	AT3G44716.1
OG0012506	jg14205	AT3G44720.1
OG0012507	jg14206	AT3G44730.2
OG0012508	jg14241	AT3G44890.1
OG0012509	jg14242	AT3G44900.1
OG0012510	jg14245	AT3G44920.1
OG0012510	jg14244	AT3G44930.1
OG0012511	jg14249	AT3G44990.1
OG0012512	jg14267, jg14263	AT3G45050.2
OG0012513	jg14339	AT3G45650.2
OG0012514	jg14363	AT3G45830.1
OG0012515	jg14432	AT3G46510.1
OG0012516	jg14436	AT3G46550.1
OG0012517	jg14439	AT3G46580.1
OG0012518	jg14490	AT3G46940.2
OG0012519	jg14506	AT3G47080.1
OG0012520	jg14524	AT3G47380.1
OG0012521	jg14530	AT3G47420.1
OG0012522	jg14535	AT3G47470.1
OG0012523	jg14536	AT3G47480.1
OG0012524	jg15908, jg14540	AT3G47520.1
OG0012525	jg14571	AT3G47670.1
OG0012526	jg14601	AT3G48000.1
OG0012527	jg14604	AT3G48020.1
OG0012528	jg14648	AT3G48340.1
OG0012529	jg14639	AT3G48250.1
OG0012530	jg14654	AT3G48410.2
OG0012531	jg14685	AT3G48710.1
OG0012532	jg14714	AT3G48900.2
OG0012533	jg14717	AT3G48920.1
OG0012534	jg14741	AT3G49080.1
OG0012535	jg14757	AT3G49180.1
OG0012536	jg14773	AT3G49330.2
OG0012538	jg14827, jg14828	AT3G49710.1
OG0012539	jg14849	AT3G49890.2
OG0012540	jg14859	AT3G49970.1
OG0012541	jg14862	AT3G49990.1
OG0012542	jg14869, jg14867	AT3G50030.1
OG0012543	jg14887	AT3G50230.2
OG0012544	jg14894	AT3G50310.1
OG0012545	jg14920	AT3G50510.1
OG0012546	jg14926	AT3G50560.1
OG0012547	jg14929	AT3G50590.1
OG0012548	jg14938	AT3G50690.1
OG0012549	jg14944	AT3G50750.1
OG0012550	jg14962	AT3G50860.1
OG0012551	jg14976	AT3G50950.1
OG0012552	jg14979, jg14981	AT3G50980.1
OG0012553	jg15007	AT3G51240.1
OG0012554	jg15011	AT3G51280.1
OG0012555	jg15034	AT3G51480.1
OG0012556	jg15075	AT3G51760.1
OG0012557	jg15091	AT3G51870.1
OG0012558	jg15098	AT3G51940.2
OG0012559	jg15103	AT3G51990.1
OG0012560	jg15121	AT3G52110.1
OG0012561	jg15122	AT3G52115.1
OG0012562	jg15123	AT3G52120.3
OG0012563	jg15129	AT3G52210.3
OG0012564	jg15130	AT3G52220.1
OG0012565	jg15131	AT3G52230.1
OG0012566	jg15132	AT3G52240.1
OG0012567	jg15140	AT3G52310.1
OG0012568	jg15150	AT3G52390.2
OG0012569	jg15160	AT3G52480.1
OG0012570	jg15167	AT3G52490.1
OG0012571	jg15170	AT3G52520.1
OG0012572	jg15175	AT3G52540.1
OG0012573	jg15176	AT3G52550.1
OG0012574	jg15178	AT3G52561.1
OG0012575	jg15208	AT3G52850.1
OG0012576	jg15209	AT3G52860.1
OG0012577	jg15211	AT3G52880.2
OG0012578	jg15245	AT3G53140.1
OG0012579	jg15247	AT3G53160.1
OG0012580	jg15269	AT3G53380.1
OG0012581	jg15271	AT3G53400.1
OG0012582	jg15294	AT3G53600.1
OG0012583	jg15316	AT3G53800.1
OG0012584	jg15320	AT3G53830.4
OG0012585	jg15333	AT3G53970.1
OG0012586	jg15337	AT3G54010.1
OG0012587	jg15345	AT3G54090.1
OG0012588	jg15355	AT3G54150.1
OG0012589	jg15363	AT3G54230.2
OG0012590	jg15365	AT3G54260.1
OG0012591	jg15373	AT3G54380.1
OG0012592	jg15384	AT3G54510.2
OG0012593	jg15397	AT3G54620.1
OG0012594	jg15406	AT3G54710.1
OG0012595	jg15409	AT3G54750.3
OG0012596	jg15421	AT3G54840.1
OG0012597	jg15422	AT3G54850.1
OG0012598	jg15423	AT3G54860.2
OG0012599	jg15436	AT3G54990.1
OG0012600	jg15449	AT3G55110.1
OG0012601	jg15456	AT3G55180.1
OG0012602	jg15464	AT3G55260.1
OG0012603	jg15488	AT3G55500.1
OG0012604	jg15489	AT3G55510.1
OG0012605	jg15492	AT3G55520.1
OG0012606	jg15493	AT3G55530.1
OG0012607	jg15506	AT3G55605.1
OG0012608	jg15537	AT3G55820.1
OG0012609	jg15563	AT3G55950.1
OG0012610	jg15567	AT3G55990.1
OG0012611	jg15581	AT3G56120.1
OG0012612	jg15591	AT3G56210.5
OG0012613	jg15596	AT3G56260.2
OG0012614	jg15601	AT3G56310.1
OG0012615	jg15602	AT3G56320.1
OG0012616	jg15610	AT3G56390.1
OG0012617	jg15622	AT3G56500.1
OG0012618	jg15623	AT3G56510.1
OG0012619	jg15624	AT3G56550.1
OG0012620	jg15626	AT3G56570.2
OG0012621	jg15636	AT3G56680.1
OG0012622	jg15637	AT3G56690.1
OG0012623	jg15643, jg15717	AT3G56740.1
OG0012624	jg15714, jg15646	AT3G56770.1
OG0012625	jg15694	AT3G56891.1
OG0012626	jg15699	AT3G56870.1
OG0012627	jg15702	AT3G56840.1
OG0012628	jg15704	AT3G56820.1
OG0012629	jg15746	AT3G57340.1
OG0012630	jg15763	AT3G57520.1
OG0012632	jg15810	AT3G57910.1
OG0012633	jg15811	AT3G57920.1
OG0012634	jg15820	AT3G58010.1
OG0012635	jg15822	AT3G58020.1
OG0012636	jg15831	AT3G58110.1
OG0012637	jg15834	AT3G58140.1
OG0012638	jg15884	AT3G58570.1
OG0012639	jg15888	AT3G58620.1
OG0012640	jg15891	AT3G58640.1
OG0012641	jg15907	AT3G58790.1
OG0012642	jg15946	AT3G59060.2
OG0012643	jg15955	AT3G59150.1
OG0012644	jg15988	AT3G59430.1
OG0012645	jg16022	AT3G59770.3
OG0012646	jg16041	AT3G59910.1
OG0012647	jg16048	AT3G59960.1
OG0012648	jg16064	AT3G60080.1
OG0012649	jg16070	AT3G60140.1
OG0012650	jg16087	AT3G60300.2
OG0012651	jg16088	AT3G60310.1
OG0012652	jg16095	AT3G60380.1
OG0012653	jg16096	AT3G60390.1
OG0012654	jg16115	AT3G60570.1
OG0012655	jg16122	AT3G60630.1
OG0012656	jg16127	AT3G60680.1
OG0012657	jg16147	AT3G60890.2
OG0012659	jg16156	AT3G61080.2
OG0012660	jg16172	AT3G61200.1
OG0012661	jg16209	AT3G61540.1
OG0012662	jg16230	AT3G61680.1
OG0012663	jg16235	AT2G25410.1
OG0012664	jg16241	AT3G61770.1
OG0012665	jg16248	AT3G61840.1
OG0012666	jg16260	AT3G61970.1
OG0012667	jg16264	AT3G62000.2
OG0012668	jg16266	AT3G62020.1
OG0012669	jg16277	AT3G62070.1
OG0012670	jg16283	AT3G62130.1
OG0012671	jg16318	AT3G62450.1
OG0012672	jg16320	AT3G62470.1, AT3G62540.1, AT5G14820.1
OG0012673	jg16338	AT3G62710.1
OG0012674	jg16344	AT3G62780.1
OG0012675	jg16348	AT3G62810.1
OG0012676	jg16361	AT3G62920.1
OG0012677	jg16366	AT3G62970.1
OG0012678	jg16372	AT3G63030.1
OG0012679	jg16386	AT3G63140.1
OG0012680	jg16387	AT3G63150.1
OG0012681	jg16403, jg16411, jg16395	AT3G63230.2
OG0012682	jg16429	AT3G63340.2
OG0012683	jg16438	AT3G63430.1
OG0012684	jg16446	AT3G63500.2
OG0012685	jg16452	AT5G26880.1
OG0012686	jg3803	AT5G01010.2
OG0012687	jg3810	AT5G01960.1
OG0012688	jg3824	AT5G01850.2
OG0012689	jg3829	AT5G01840.1
OG0012690	jg3833	AT5G01810.1
OG0012691	jg3842	AT5G01730.1
OG0012692	jg3844	AT5G01710.1
OG0012693	jg3851	AT4G00005.1, AT5G01640.1
OG0012694	jg3895	AT5G01310.1
OG0012695	jg3897	AT5G01300.1
OG0012696	jg3899	AT5G01280.1
OG0012697	jg3902	AT5G01250.1
OG0012698	jg3907	AT5G01210.1
OG0012699	jg3908	AT5G01200.1
OG0012700	jg3926	AT5G01070.1
OG0012701	jg3931	AT5G02010.1
OG0012702	jg3939	AT5G02090.1
OG0012703	jg3956, jg3958	AT5G02240.1
OG0012704	jg3962	AT5G02270.2
OG0012705	jg3975	AT5G02410.1
OG0012706	jg3988	AT5G02520.2
OG0012707	jg3997	AT5G02600.1
OG0012708	jg4001	AT5G02640.1
OG0012709	jg4002	AT5G02710.1
OG0012710	jg4023, jg7962	AT4G02550.3
OG0012711	jg4080	AT5G03420.1
OG0012712	jg4082	AT5G03450.1
OG0012713	jg4101	AT5G03570.3
OG0012714	jg4102	AT5G03580.1
OG0012715	jg4107	AT5G03630.1
OG0012716	jg4115	AT5G03720.1
OG0012717	jg4117	AT5G03740.1
OG0012718	jg4126	AT5G03800.1
OG0012719	jg4127	AT5G03810.1, AT5G03820.2
OG0012720	jg4145	AT5G04000.2
OG0012721	jg4154	AT5G04050.2
OG0012722	jg4166	AT5G04190.1
OG0012723	jg4174	AT5G04270.1
OG0012724	jg4184	AT5G04340.1
OG0012725	jg4196	AT5G04440.1
OG0012726	jg4210	AT5G04610.1
OG0012727	jg4211	AT5G04620.2
OG0012728	jg4228	AT5G04810.1
OG0012729	jg4230	AT5G04830.1
OG0012730	jg4234	AT5G04860.1
OG0012731	jg4239, jg4241	AT5G04910.1
OG0012732	jg4242	AT5G04920.1
OG0012733	jg4279	AT5G05240.1
OG0012734	jg4282	AT5G05270.1
OG0012735	jg4283	AT5G05280.1
OG0012736	jg4292	AT5G05365.1
OG0012737	jg4294	AT5G05380.2
OG0012738	jg4317	AT5G05600.1
OG0012739	jg4326	AT5G05680.1
OG0012740	jg4335	AT5G05790.1
OG0012741	jg4336	AT5G05800.1
OG0012742	jg4341	AT5G05850.1
OG0012743	jg4364, jg4390, jg4359	AT5G06050.1
OG0012744	jg4370	AT5G06090.1
OG0012745	jg4376	AT5G06140.1
OG0012746	jg4385	AT5G06240.1
OG0012747	jg4399	AT5G06310.1
OG0012748	jg4414	AT5G06370.1
OG0012749	jg4430	AT5G06510.1
OG0012750	jg4457, jg4433	AT5G06540.1
OG0012751	jg4434	AT5G06550.1
OG0012752	jg4438, jg4453	AT5G06580.1
OG0012753	jg4441, jg4450	AT5G06610.1
OG0012754	jg4488, jg4443	AT5G06670.1
OG0012755	jg4484, jg4689	AT5G08390.1
OG0012756	jg4491	AT5G06710.1
OG0012757	jg4495	AT5G06750.1
OG0012758	jg4514	AT5G06905.1
OG0012759	jg4517	AT5G06930.1
OG0012760	jg4518	AT5G06940.1
OG0012761	jg4524	AT5G06980.4
OG0012762	jg4545	AT5G07170.1
OG0012763	jg4549	AT5G07190.1
OG0012764	jg4564	AT5G07270.1
OG0012765	jg4590	AT5G07475.1
OG0012766	jg4605	AT5G07610.1
OG0012767	jg4614	AT5G07710.1
OG0012768	jg4615	AT5G07720.1
OG0012769	jg4620	AT5G07790.1
OG0012770	jg4621	AT5G07800.1
OG0012772	jg4656	AT5G08110.3
OG0012773	jg4660	AT5G08139.1
OG0012774	jg4668	AT5G08230.1
OG0012775	jg4690	AT5G08400.1
OG0012776	jg4694	AT5G08430.1
OG0012777	jg4727	AT5G08710.1
OG0012778	jg4745	AT5G09300.1
OG0012779	jg4753	AT5G09390.1
OG0012780	jg4793	AT5G09790.2
OG0012781	jg4802	AT5G09840.1
OG0012782	jg4831	AT5G10070.2
OG0012783	jg4832	AT5G10080.1
OG0012784	jg4910	AT5G10790.1
OG0012785	jg4919	AT5G10900.2
OG0012786	jg4924	AT5G10950.1
OG0012787	jg4928	AT5G10990.1
OG0012788	jg4956	AT5G11280.1
OG0012789	jg4975	AT3G29639.1, AT5G11430.1
OG0012790	jg4981	AT5G11490.2
OG0012791	jg4992	AT5G11610.1
OG0012792	jg4993	AT5G11620.1
OG0012793	jg4995	AT5G11640.1
OG0012794	jg5000	AT5G11680.1
OG0012795	jg5012	AT5G11780.1
OG0012796	jg5019	AT5G11840.1
OG0012797	jg5025	AT5G11870.2
OG0012798	jg5049	AT5G12100.1
OG0012799	jg5070	AT5G12270.1
OG0012800	jg5084	AT5G12430.1
OG0012801	jg5085	AT5G12440.10
OG0012802	jg5099	AT5G12890.1
OG0012803	jg5108	AT5G12970.1
OG0012804	jg5134	AT5G13200.1
OG0012805	jg5145	AT5G13310.1
OG0012806	jg5148	AT5G13340.1
OG0012807	jg5165	AT5G13520.1
OG0012808	jg5171	AT5G13600.1
OG0012809	jg5172	AT5G13610.1
OG0012810	jg5194	AT5G13830.1
OG0012811	jg5199	AT5G13880.2
OG0012812	jg5211	AT5G13970.1
OG0012813	jg5249	AT5G14310.1
OG0012814	jg5253	AT5G14345.1
OG0012815	jg5259	AT5G14400.2
OG0012816	jg5262	AT5G14430.1
OG0012817	jg5274	AT5G14520.1
OG0012818	jg5286	AT5G14640.1
OG0012819	jg5293	AT5G14700.1
OG0012820	jg5297	AT5G14740.1
OG0012821	jg5306	AT5G14850.1
OG0012822	jg5308	AT5G14870.1
OG0012823	jg5309	AT5G14880.1
OG0012824	jg5356	AT5G15290.1
OG0012825	jg5360	AT5G15330.2
OG0012826	jg5364	AT5G15390.1
OG0012827	jg5373	AT5G15480.1
OG0012828	jg5375	AT5G15500.2
OG0012829	jg5399	AT5G15760.1
OG0012830	jg5405	AT5G15802.1
OG0012831	jg5418	AT5G15910.1
OG0012832	jg5433	AT5G16080.1
OG0012833	jg5467	AT5G16420.1
OG0012834	jg5502	AT5G16720.1
OG0012835	jg5515	AT5G16850.1
OG0012836	jg5521	AT5G16920.1
OG0012837	jg5526	AT5G16960.1
OG0012838	jg5530	AT5G17010.1
OG0012839	jg5543	AT5G17170.1
OG0012840	jg5556	AT5G17280.1
OG0012841	jg5570	AT5G17370.2
OG0012842	jg5575	AT5G17420.1
OG0012843	jg5584	AT5G17510.1
OG0012844	jg5602	AT5G17680.2
OG0012845	jg5661	AT5G18200.1
OG0012846	jg5685	AT5G18410.1
OG0012847	jg5687	AT5G18430.1
OG0012848	jg5692	AT5G18475.1
OG0012849	jg5700	AT5G18540.1
OG0012850	jg5705	AT5G18590.1
OG0012851	jg5716	AT5G18680.1
OG0012852	jg5745	AT5G18940.1
OG0012853	jg5746	AT5G18950.1
OG0012854	jg5752	AT5G19010.1
OG0012855	jg5766	AT5G19130.1
OG0012856	jg5769	AT5G19151.1
OG0012857	jg5791	AT5G19320.1
OG0012858	jg5793	AT5G19340.1
OG0012859	jg5797	AT5G19380.2
OG0012860	jg5803	AT5G19440.1
OG0012861	jg5809	AT5G19485.1
OG0012862	jg5822	AT5G19600.1
OG0012863	jg5842	AT5G19810.1
OG0012863	jg5841	AT5G19800.1
OG0012864	jg5846	AT5G19850.1
OG0012865	jg5856	AT5G19930.1
OG0012866	jg5860	AT5G19970.1
OG0012867	jg5867	AT5G20030.1
OG0012868	jg5872	AT5G20080.1
OG0012869	jg5876	AT5G20120.1
OG0012870	jg5891	AT5G20260.2
OG0012871	jg5897	AT5G20320.1
OG0012872	jg5949	AT5G20860.2
OG0012873	jg5969	AT5G21040.1
OG0012874	jg5985	AT5G21326.1
OG0012875	jg5988	AT5G21900.1
OG0012876	jg5991	AT5G21930.1
OG0012877	jg5997	AT5G21970.1
OG0012878	jg6005	AT5G22040.1
OG0012879	jg6013	AT5G22110.1
OG0012880	jg6027	AT5G22180.1
OG0012881	jg6030	AT5G22210.1
OG0012882	jg6034	AT5G22260.1
OG0012883	jg6040	AT5G22320.1
OG0012884	jg6052	AT5G22410.1
OG0012885	jg6062	AT5G22510.1
OG0012886	jg6083	AT5G22620.1
OG0012887	jg6101	AT5G22790.1
OG0012888	jg6116	AT5G22830.1
OG0012889	jg6126	AT5G22910.1
OG0012890	jg6141	AT5G23030.1
OG0012891	jg6145	AT5G23070.1
OG0012892	jg6162	AT5G23170.1
OG0012893	jg6165	AT5G23200.1
OG0012894	jg6176	AT5G23270.1
OG0012895	jg6209	AT5G23590.1
OG0012896	jg6241	AT5G23920.1
OG0012897	jg6244	AT5G23950.2
OG0012898	jg6249	AT5G24000.1
OG0012899	jg6250	AT5G24010.1
OG0012900	jg6265	AT5G24130.1
OG0012901	jg6273	AT5G24210.1
OG0012901	jg6272	AT5G24200.1
OG0012902	jg6284	AT5G24310.1
OG0012903	jg6285, jg6286	AT5G24313.1
OG0012904	jg6287	AT5G24314.2
OG0012905	jg6294	AT5G24340.2
OG0012906	jg6299	AT5G24360.2
OG0012907	jg6303	AT5G24390.1
OG0012909	jg6348	AT5G24790.1
OG0012910	jg6356	AT5G24830.1
OG0012911	jg6357	AT5G24850.1
OG0012912	jg6360	AT5G24880.1
OG0012913	jg6372	AT5G24970.2
OG0012914	jg6392	AT5G25210.2
OG0012915	jg6400	AT5G25270.1
OG0012916	jg6416	AT5G25390.2
OG0012917	jg6428	AT5G25440.2
OG0012918	jg6438	AT5G25530.1
OG0012919	jg6442	AT5G25560.3
OG0012920	jg6445	AT5G25590.1
OG0012921	jg6476	AT5G25900.1
OG0012922	jg6497	AT5G26050.1
OG0012923	jg6508	AT5G26100.1
OG0012924	jg6532	AT5G26220.1
OG0012925	jg6555	AT5G26680.1
OG0012926	jg6571	AT5G26749.2
OG0012927	jg6573	AT5G26760.2
OG0012928	jg6589	AT5G26940.1
OG0012929	jg6622	AT5G27730.1
OG0012930	jg6631	AT5G27690.1
OG0012931	jg6639	AT5G27650.1
OG0012932	jg6671	AT5G27330.1
OG0012933	jg6751	AT5G28080.2
OG0012934	jg6779	AT5G28470.2
OG0012935	jg12048	AT5G36290.1
OG0012936	jg6791	AT5G28590.1
OG0012937	jg6801	AT5G28646.1
OG0012938	jg6821	AT5G28740.1
OG0012939	jg6953	AT4G06744.1
OG0012940	jg6963	AT4G07390.1
OG0012941	jg7048	AT4G08240.1
OG0012942	jg7060	AT4G08320.2
OG0012943	jg7160, jg7077	AT4G08390.1
OG0012944	jg7134, jg7104, jg7129	AT4G08560.1
OG0012945	jg7112, jg7111, jg7122	AT4G08620.1
OG0012946	jg7182	AT4G08840.1
OG0012947	jg7199	AT4G08900.1
OG0012948	jg7208	AT4G08940.1
OG0012949	jg7209	AT4G08950.1
OG0012950	jg7223	AT4G09060.2
OG0012951	jg7248	AT4G09350.1
OG0012952	jg7253	AT4G09460.1
OG0012953	jg7267	AT4G09580.1
OG0012954	jg7291	AT4G09750.1
OG0012955	jg7301	AT4G09820.1
OG0012956	jg7317	AT4G09890.1
OG0012957	jg7336	AT4G10010.2
OG0012958	jg7355	AT4G10130.1
OG0012959	jg7363	AT4G10170.1
OG0012960	jg7364	AT4G10180.1
OG0012961	jg7368	AT4G10260.1
OG0012962	jg7372	AT4G10300.1
OG0012963	jg7393	AT4G10465.1
OG0012964	jg7409	AT4G10600.1
OG0012965	jg7417	AT4G10650.1
OG0012966	jg7425	AT4G10730.1
OG0012967	jg7427	AT4G10750.1
OG0012968	jg7429	AT4G10770.1
OG0012969	jg7431	AT4G10800.1
OG0012970	jg7462	AT4G11030.1
OG0012971	jg7464	AT4G11050.1
OG0012972	jg7468	AT4G11080.1
OG0012973	jg7474	AT4G11120.1
OG0012974	jg7479	AT4G11140.1
OG0012975	jg7497	AT4G11300.1
OG0012976	jg7508	AT4G11410.1
OG0012977	jg7540	AT4G11570.1
OG0012978	jg7557	AT4G11655.1
OG0012979	jg7571	AT4G11740.1
OG0012980	jg7584	AT4G11860.1
OG0012981	jg7586	AT4G11880.1
OG0012982	jg7601	AT4G12000.1
OG0012983	jg7607	AT4G12060.1
OG0012984	jg7622	AT4G12130.1
OG0012985	jg7627	AT4G12230.1
OG0012986	jg7649	AT4G12450.1
OG0012987	jg7656	AT4G12530.1
OG0012988	jg7657	AT4G12540.1
OG0012989	jg7678	AT4G03820.4
OG0012990	jg7681	AT4G03960.1
OG0012991	jg7682	AT4G03965.1
OG0012992	jg7684	AT4G04025.1
OG0012993	jg7686	AT4G04180.1
OG0012994	jg7692	AT4G04320.1
OG0012995	jg7693	AT4G04330.1
OG0012996	jg7711	AT4G04610.1
OG0012997	jg7732	AT4G04780.1
OG0012998	jg7737	AT4G04850.2
OG0013000	jg7750	AT4G32580.1, AT4G04950.1
OG0013001	jg7769	AT4G05060.1
OG0013002	jg7770	AT4G05070.1
OG0013003	jg7773	AT4G05100.1
OG0013004	jg7807	AT4G05430.3
OG0013005	jg7835	AT4G03560.1
OG0013006	jg7837	AT4G03540.1
OG0013007	jg7846	AT4G03430.1
OG0013008	jg7850	AT4G02725.1
OG0013009	jg7855	AT4G02750.1
OG0013010	jg7858	AT4G02760.3
OG0013011	jg7861	AT4G02790.1
OG0013012	jg7898	AT4G02990.1
OG0013013	jg7912	AT4G03140.1
OG0013014	jg7921	AT4G03250.1
OG0013015	jg7923	AT4G03270.1
OG0013016	jg7924	AT4G03280.1
OG0013017	jg7927	AT4G03320.1
OG0013018	jg7937	AT4G03410.2
OG0013019	jg7939	AT4G02710.1
OG0013020	jg7965	AT4G02510.1
OG0013021	jg7967	AT4G02485.1
OG0013022	jg7973	AT4G02425.1
OG0013023	jg7979	AT4G02390.1
OG0013024	jg7982	AT4G02360.1
OG0013025	jg7983	AT4G02350.1
OG0013026	jg7995	AT4G02220.1
OG0013027	jg7996	AT4G02210.1
OG0013028	jg8008	AT4G02140.1
OG0013029	jg8014	AT4G02110.1
OG0013030	jg8016	AT4G02100.1
OG0013031	jg8028	AT4G02060.1
OG0013032	jg8032	AT4G02020.1
OG0013033	jg8033	AT4G02010.1
OG0013034	jg8045	AT4G01935.1
OG0013035	jg8046	AT4G01900.1
OG0013036	jg8047	AT4G01897.1
OG0013037	jg8049	AT4G01890.1
OG0013038	jg8051	AT4G01880.1
OG0013039	jg8052	AT4G01870.2
OG0013040	jg8053	AT4G01860.1
OG0013041	jg8058	AT4G01800.2
OG0013042	jg8059	AT4G01790.1
OG0013043	jg8072	AT4G01660.1
OG0013044	jg8077	AT4G01610.1
OG0013045	jg8108	AT4G01250.1
OG0013046	jg8114	AT4G01190.2
OG0013047	jg8125	AT4G01080.1
OG0013048	jg8131	AT4G01030.1
OG0013049	jg8134	AT4G01010.1
OG0013050	jg8145	AT4G00895.1
OG0013051	jg8161	AT4G00800.1
OG0013052	jg8171	AT4G00710.1
OG0013053	jg8181	AT4G00590.1
OG0013054	jg8184	AT4G00560.4
OG0013055	jg8189	AT4G00540.1, AT1G43330.1
OG0013056	jg8191	AT4G00525.1
OG0013057	jg8198	AT4G00450.1
OG0013058	jg8208	AT4G00355.1
OG0013059	jg8220	AT4G00290.1, AT4G00234.1
OG0013060	jg8223	AT4G00230.1
OG0013061	jg8231	AT4G00150.1
OG0013062	jg8232	AT1G73440.1, AT4G00140.1
OG0013064	jg8274	AT4G38160.3
OG0013065	jg8277	AT4G38190.1
OG0013066	jg8284	AT4G38230.2
OG0013067	jg8301, jg8308	AT4G38460.1
OG0013068	jg8312	AT4G38495.1
OG0013069	jg8330	AT4G38300.1, AT4G38650.1
OG0013070	jg8338	AT4G38700.1
OG0013071	jg8339	AT4G38710.2
OG0013072	jg8344	AT4G38770.1
OG0013073	jg8347	AT4G38800.1
OG0013074	jg8366	AT4G38980.1
OG0013075	jg8379	AT4G39100.1
OG0013076	jg8388	AT4G39180.1
OG0013077	jg8403	AT4G39340.1
OG0013078	jg8414	AT4G39470.1
OG0013079	jg8489	AT4G39880.1
OG0013080	jg8498	AT4G39952.1
OG0013081	jg8500	AT4G39955.1
OG0013082	jg8502	AT4G39970.1
OG0013083	jg8505	AT4G40000.1
OG0013084	jg8507	AT4G40020.1
OG0013085	jg8518	AT1G26290.1
OG0013086	jg8519	AT4G38100.1
OG0013087	jg8546	AT4G37890.1
OG0013088	jg8550	AT4G37840.1
OG0013089	jg8587	AT4G37460.1
OG0013090	jg8589	AT4G37445.1
OG0013091	jg8594	AT4G37420.1
OG0013092	jg8606	AT4G37290.1
OG0013093	jg8616	AT4G36920.1
OG0013094	jg8627	AT4G37020.2
OG0013095	jg8628	AT4G37030.1
OG0013096	jg8636	AT4G37110.1
OG0013097	jg8642	AT4G37170.1
OG0013098	jg8644	AT4G37190.1
OG0013099	jg8645	AT4G37200.1
OG0013100	jg8650	AT4G36870.1
OG0013101	jg8651	AT4G36860.3
OG0013102	jg8654	AT4G36830.2
OG0013103	jg8660	AT4G36770.1
OG0013104	jg8666	AT4G36710.1
OG0013105	jg8669	AT4G36680.1
OG0013106	jg8671	AT4G36660.1
OG0013107	jg8684	AT4G36530.2
OG0013108	jg8689	AT4G36480.1
OG0013109	jg8692	AT4G36440.1
OG0013110	jg8696	AT4G36400.1
OG0013111	jg8697	AT4G36390.1
OG0013112	jg8714	AT4G36150.1
OG0013113	jg8725	AT4G36090.3
OG0013114	jg8728	AT4G36060.3
OG0013115	jg8734	AT4G35987.1
OG0013116	jg8746	AT4G35880.1
OG0013117	jg8762	AT4G35770.1
OG0013118	jg8767	AT4G35733.1
OG0013119	jg8795	AT4G35520.2
OG0013120	jg8804	AT4G35420.1
OG0013121	jg8820	AT4G35270.1
OG0013122	jg8828	AT4G35220.1
OG0013123	jg8834	AT4G35170.1
OG0013124	jg8839	AT4G35140.2
OG0013125	jg8870	AT4G34830.1
OG0013126	jg8896	AT4G34560.1
OG0013127	jg8900	AT4G34530.1
OG0013128	jg8903	AT4G34500.1
OG0013129	jg8913	AT4G34412.1
OG0013130	jg8921	AT4G34350.1
OG0013131	jg8929	AT4G34270.1
OG0013132	jg8932	AT4G34260.1
OG0013133	jg8933	AT4G34250.1
OG0013134	jg8942, jg21666	AT4G34190.1
OG0013135	jg8960	AT4G34060.3
OG0013136	jg8964	AT4G34020.1
OG0013137	jg8966	AT4G33990.1
OG0013138	jg8967	AT4G33985.1
OG0013139	jg8970	AT4G33950.1
OG0013140	jg9002	AT4G33700.1
OG0013141	jg9033	AT4G33480.1
OG0013142	jg9068	AT4G33150.1
OG0013143	jg9077	AT4G33060.1
OG0013144	jg9095	AT4G32920.1
OG0013145	jg9103	AT4G32850.8
OG0013146	jg9108	AT4G32810.2
OG0013147	jg9124	AT4G32660.1, AT1G36627.1
OG0013148	jg9128	AT4G32620.2
OG0013149	jg9129	AT4G32605.1
OG0013150	jg9162	AT4G32320.1
OG0013151	jg9213	AT4G31870.1
OG0013152	jg9218	AT4G31820.1
OG0013153	jg9249	AT4G31540.1
OG0013154	jg9250	AT4G31530.2
OG0013155	jg9257	AT4G31450.1
OG0013156	jg9266	AT4G31360.1
OG0013157	jg9274	AT4G31270.1
OG0013158	jg9276	AT4G31250.1
OG0013159	jg9284	AT4G31150.1
OG0013160	jg9306	AT4G30935.1
OG0013161	jg9318	AT4G30860.1
OG0013162	jg9336	AT4G30720.1
OG0013163	jg9342	AT4G30670.1
OG0013164	jg9345	AT4G30650.1
OG0013165	jg9348	AT4G30620.1
OG0013166	jg9352	AT4G30580.1
OG0013167	jg9362	AT4G30490.1
OG0013168	jg9375	AT4G30360.1
OG0013169	jg9386	AT4G30250.2
OG0013170	jg9387	AT4G30240.1
OG0013171	jg9399	AT4G30120.1
OG0013172	jg9410	AT4G30060.1
OG0013173	jg9428	AT4G29910.2
OG0013174	jg9429	AT4G29900.1
OG0013175	jg9431	AT4G29880.1
OG0013176	jg9441	AT4G29780.1
OG0013177	jg9483	AT4G29530.1
OG0013178	jg9486	AT4G29490.1
OG0013179	jg9493	AT4G29420.1
OG0013180	jg9510	AT4G29250.1
OG0013181	jg9511	AT4G29240.1
OG0013182	jg9523	AT4G29110.1
OG0013183	jg9555	AT4G28760.1
OG0013184	jg9560	AT4G28706.4
OG0013185	jg9561	AT4G28703.1
OG0013186	jg9593	AT4G28410.1
OG0013187	jg9616	AT4G28200.1
OG0013188	jg9625	AT4G28100.1
OG0013189	jg9634	AT4G28030.1
OG0013190	jg9638	AT4G28010.1
OG0013191	jg9642	AT4G27980.2
OG0013192	jg9668	AT4G27745.1
OG0013193	jg9680	AT4G27650.1
OG0013194	jg9681	AT4G27640.1
OG0013195	jg9695, jg9693	AT4G27550.1
OG0013196	jg9696	AT4G27540.1
OG0013197	jg9704	AT4G27460.1
OG0013198	jg9708	AT4G27430.1
OG0013199	jg9725	AT4G27290.2
OG0013200	jg9754	AT4G26965.1
OG0013201	jg9756	AT4G26950.1
OG0013202	jg9761	AT4G26900.1
OG0013203	jg9762	AT4G26890.1
OG0013204	jg9775	AT4G26740.1
OG0013205	jg9801	AT4G26500.1
OG0013206	jg11619	AT4G13060.1
OG0013207	jg9808	AT4G26466.1
OG0013208	jg9809	AT4G26455.1
OG0013209	jg9845	AT4G26130.1
OG0013210	jg9846	AT4G26120.2
OG0013211	jg9865	AT4G25940.1
OG0013212	jg9902	AT4G25650.2
OG0013213	jg9922	AT4G25434.8
OG0013214	jg9923	AT4G25433.1
OG0013215	jg9925	AT4G25420.1
OG0013216	jg9931	AT4G25360.1
OG0013217	jg9932	AT4G25350.1
OG0013218	jg9934	AT4G25330.1
OG0013219	jg9941	AT4G25280.1
OG0013220	jg9942	AT4G25270.1
OG0013221	jg9950	AT4G25200.1
OG0013222	jg9952	AT4G25180.1
OG0013223	jg9953	AT4G25170.2
OG0013224	jg9954	AT4G25160.1
OG0013225	jg9955	AT4G25150.1
OG0013226	jg9960	AT4G25100.1
OG0013227	jg9979	AT4G24960.1
OG0013228	jg9994	AT4G24790.1
OG0013229	jg9998	AT4G24750.1
OG0013230	jg10003, jg10001	AT4G24715.1
OG0013231	jg10006	AT4G24700.1
OG0013232	jg10007	AT4G24690.1
OG0013233	jg10017	AT4G24610.2
OG0013234	jg10035	AT4G24400.1
OG0013235	jg10046	AT4G24320.1
OG0013236	jg10053	AT4G24270.2
OG0013237	jg10072	AT4G24110.1
OG0013238	jg10074	AT4G24090.1
OG0013239	jg10078	AT4G24050.1
OG0013240	jg10099	AT4G23890.1
OG0013241	jg10106	AT4G23840.1
OG0013242	jg10118	AT4G23720.1
OG0013243	jg10134	AT4G23610.1
OG0013244	jg10140	AT4G23570.3
OG0013245	jg10144	AT4G23530.1
OG0013246	jg10162	AT4G23410.1
OG0013247	jg10211	AT4G23100.1
OG0013248	jg10228	AT4G22970.3
OG0013249	jg10231	AT4G22940.2
OG0013250	jg10241	AT4G22840.1
OG0013251	jg10257	AT4G22730.1
OG0013252	jg10271	AT4G22600.1
OG0013253	jg10324	AT4G22160.2
OG0013254	jg10325	AT4G22150.1
OG0013255	jg10338	AT4G22010.1
OG0013256	jg10351, jg10353	AT4G21950.1
OG0013257	jg10355	AT4G21930.1
OG0013258	jg10356	AT4G21920.1
OG0013259	jg10362	AT4G21902.1
OG0013260	jg10393	AT4G21690.1
OG0013261	jg10404	AT4G21580.1
OG0013262	jg10427	AT4G21390.1
OG0013263	jg10438	AT4G21300.1
OG0013264	jg10439	AT4G21280.2
OG0013265	jg10441	AT4G21260.1, AT4G21250.1
OG0013266	jg10449	AT4G21190.1
OG0013267	jg10476	AT4G20970.1
OG0013268	jg10481	AT4G20930.1
OG0013269	jg10489	AT4G20850.1
OG0013270	jg10497	AT4G20790.1
OG0013271	jg10501	AT4G20740.1
OG0013272	jg10538	AT4G20320.1
OG0013273	jg10558	AT4G20090.1
OG0013274	jg10566	AT4G20010.1
OG0013275	jg10570	AT4G19985.4
OG0013276	jg10589	AT4G19900.1
OG0013277	jg10591	AT4G19880.2
OG0013278	jg10594	AT4G19860.1
OG0013279	jg10597	AT4G19830.1
OG0013281	jg10662	AT4G19160.2
OG0013282	jg10669	AT4G19100.1
OG0013283	jg10676	AT4G19060.1
OG0013284	jg10687	AT4G19003.1
OG0013285	jg10691	AT4G18975.1
OG0013286	jg10697	AT4G18920.1
OG0013287	jg10710	AT4G18780.1
OG0013288	jg10724	AT4G18630.1
OG0013289	jg10734	AT4G18580.1
OG0013290	jg10740	AT4G18520.1
OG0013291	jg10747	AT4G18470.1
OG0013292	jg10753	AT4G18395.1
OG0013293	jg10760	AT4G18360.1
OG0013294	jg10761	AT4G18350.1
OG0013295	jg10793	AT4G18150.1
OG0013296	jg10846	AT4G17695.1
OG0013297	jg10850	AT4G17660.1
OG0013298	jg10854	AT4G17616.1
OG0013299	jg10855	AT4G17610.1
OG0013300	jg10864	AT4G17540.1
OG0013301	jg10878	AT4G17430.1
OG0013302	jg10895	AT4G17240.1
OG0013303	jg10914	AT4G17060.1
OG0013304	jg10919	AT4G17010.1
OG0013305	jg10935	AT4G16790.1
OG0013306	jg10945	AT4G16745.2
OG0013307	jg10948	AT4G16730.1
OG0013308	jg10954	AT4G16670.1
OG0013309	jg10962	AT4G16590.1
OG0013310	jg10963	AT4G16580.1
OG0013311	jg10971	AT4G16566.1
OG0013312	jg10972	AT4G16563.1
OG0013313	jg10998	AT4G16460.1
OG0013314	jg11008	AT4G16410.1
OG0013315	jg11011	AT4G16390.1
OG0013316	jg11020	AT4G16330.2
OG0013317	jg11037	AT4G16210.1
OG0013318	jg11047	AT4G16150.1
OG0013319	jg11049	AT4G16146.1
OG0013320	jg11083	AT4G15955.3
OG0013321	jg11088	AT4G15950.1
OG0013322	jg11089	AT4G15940.1
OG0013323	jg11101	AT4G15850.1
OG0013324	jg11102	AT4G15840.1
OG0013325	jg11104	AT4G15820.1
OG0013326	jg11108	AT4G15790.2
OG0013328	jg11126	AT4G15735.1
OG0013329	jg11142	AT4G15610.1
OG0013330	jg11153	AT4G15545.1
OG0013331	jg11154	AT4G15540.1
OG0013332	jg11166	AT4G15475.1
OG0013333	jg11175	AT4G15415.1
OG0013334	jg11221, jg11217	AT4G15110.1
OG0013335	jg11224	AT4G15090.1
OG0013336	jg11225	AT4G15080.1
OG0013338	jg11245	AT4G14940.1
OG0013339	jg11246	AT4G14930.1
OG0013340	jg11267	AT4G14780.1
OG0013341	jg11281	AT4G14740.1
OG0013342	jg11282	AT4G14730.1
OG0013343	jg11284	AT4G14723.1
OG0013344	jg11335	AT4G14385.1
OG0013345	jg11349	AT4G14301.1
OG0013346	jg11352	AT4G14280.1
OG0013347	jg11366	AT4G14200.1
OG0013348	jg11367	AT4G14190.1
OG0013349	jg11382	AT4G14090.1
OG0013350	jg11392	AT4G14010.1
OG0013351	jg11397	AT4G14000.1
OG0013352	jg11398	AT4G13990.1
OG0013353	jg11424	AT4G13870.2
OG0013354	jg11442	AT4G13700.1
OG0013355	jg11444	AT4G13690.1
OG0013356	jg11484	AT4G13530.1
OG0013357	jg11627	AT4G13020.3
OG0013358	jg11568	AT4G13220.1
OG0013359	jg11580	AT4G13160.1
OG0013360	jg11685	AT4G12760.1
OG0013361	jg11840	AT5G32450.1
OG0013362	jg11861	AT5G33320.1
OG0013363	jg11863	AT5G33300.1
OG0013364	jg11879	AT5G34930.2
OG0013365	jg11899	AT5G35090.1
OG0013366	jg11929	AT5G35390.1
OG0013367	jg11995	AT5G35910.1
OG0013368	jg12015	AT5G35960.1
OG0013369	jg12026	AT5G36100.1
OG0013370	jg12095	AT5G36940.1
OG0013371	jg12098, jg12096	AT5G36950.1
OG0013372	jg12113	AT5G37010.1
OG0013373	jg12168	AT5G37360.1
OG0013374	jg12169	AT5G37370.1
OG0013375	jg12191	AT5G37475.1
OG0013376	jg12211	AT5G37590.1
OG0013377	jg12234	AT5G37680.1
OG0013378	jg12282	AT5G37930.1
OG0013379	jg12302	AT5G38060.1
OG0013380	jg12303	AT5G38070.1
OG0013382	jg12327	AT5G38220.1
OG0013383	jg12343	AT5G38300.1
OG0013384	jg12351	AT5G38320.1
OG0013385	jg12358	AT5G38380.1
OG0013386	jg12401	AT5G38600.1
OG0013387	jg12402	AT5G38610.1
OG0013388	jg12404	AT5G38630.1
OG0013390	jg12497	AT5G39360.1
OG0013391	jg12538	AT5G39660.1
OG0013392	jg12543	AT5G39710.1
OG0013393	jg12557	AT5G39820.1
OG0013394	jg12561	AT5G39860.1
OG0013395	jg12573	AT5G39960.1
OG0013396	jg12587	AT5G39980.1
OG0013397	jg12622	AT5G40200.1
OG0013398	jg12654	AT5G40420.1
OG0013399	jg12657	AT5G40440.1
OG0013400	jg12661	AT5G40480.1
OG0013401	jg12662	AT5G40490.1
OG0013402	jg12665	AT5G40520.2
OG0013403	jg12666	AT5G40530.3
OG0013404	jg12675	AT5G40600.1
OG0013405	jg12676	AT5G40610.1
OG0013406	jg12678	AT5G40630.1
OG0013407	jg12680	AT5G40640.1
OG0013408	jg12715	AT5G40950.1
OG0013409	jg12726	AT5G41060.1
OG0013410	jg12772	AT5G41480.1
OG0013411	jg12782	AT5G41580.1
OG0013412	jg12820	AT4G00232.1, AT5G41765.1
OG0013413	jg12822	AT5G41780.1
OG0013414	jg12833	AT5G41850.1
OG0013415	jg12844	AT5G41960.1
OG0013416	jg12864	AT5G42100.1
OG0013417	jg23098	AT5G61510.1
OG0013418	jg23099	AT5G61520.1
OG0013419	jg20262	AT5G47740.2
OG0013420	jg20289	AT5G47500.1
OG0013421	jg20293	AT5G47460.1
OG0013423	jg20308	AT5G47360.1
OG0013424	jg20377	AT5G46840.1
OG0013425	jg20379	AT5G46830.1
OG0013426	jg20389	AT5G46730.1
OG0013427	jg20394	AT5G46680.1
OG0013428	jg20402	AT5G46580.1
OG0013429	jg20405	AT5G46550.1
OG0013431	jg20447	AT5G46220.1
OG0013432	jg20450	AT5G46200.1
OG0013433	jg20455	AT5G46150.1
OG0013434	jg20480	AT5G45970.1
OG0013435	jg20494	AT5G45860.1
OG0013436	jg20498	AT5G45820.1
OG0013437	jg20503	AT5G45780.1
OG0013438	jg20514	AT5G45700.1
OG0013439	jg20515	AT5G45690.1
OG0013440	jg20518	AT5G45660.1
OG0013441	jg20519	AT5G45650.1
OG0013442	jg20526	AT5G45600.1
OG0013443	jg20528	AT5G45580.2
OG0013444	jg20541	AT5G45430.1
OG0013445	jg20604	AT5G45110.1
OG0013446	jg20672	AT5G44635.2
OG0013447	jg20750	AT5G44330.1
OG0013448	jg20772	AT5G44210.1
OG0013449	jg20773	AT5G44200.1
OG0013450	jg20776	AT5G44170.1
OG0013451	jg20787	AT5G44080.1
OG0013452	jg20793	AT5G44040.1
OG0013453	jg20794	AT5G44030.2
OG0013454	jg20796	AT5G44010.4
OG0013455	jg20798	AT5G44000.1
OG0013456	jg20808	AT5G43910.2
OG0013457	jg20812	AT5G43880.1
OG0013458	jg20830	AT5G43790.1
OG0013459	jg20832	AT5G43770.1
OG0013460	jg20833	AT5G43760.1
OG0013461	jg20850	AT5G43630.1
OG0013462	jg20863, jg20866	AT5G43430.4
OG0013463	jg20920	AT5G43230.1
OG0013464	jg20925	AT5G43190.1
OG0013465	jg20930	AT5G43150.1
OG0013466	jg20935	AT5G43100.1
OG0013467	jg20966	AT5G42980.1
OG0013468	jg20990	AT5G42920.2
OG0013469	jg20996, jg20991	AT5G42910.1
OG0013470	jg21025	AT5G42765.1
OG0013471	jg21047	AT5G42655.2
OG0013472	jg21062	AT5G42620.2
OG0013473	jg21065	AT5G42560.1
OG0013474	jg21077	AT5G42490.1
OG0013475	jg21079	AT1G31960.1
OG0013476	jg21139	AT5G42250.1
OG0013477	jg21169	AT5G42200.1
OG0013478	jg21184	AT5G42180.1
OG0013479	jg21186	AT5G42150.1
OG0013480	jg21187	AT5G42146.1
OG0013481	jg21189	AT5G42130.1
OG0013482	jg21364	AT5G48310.1
OG0013483	jg21368	AT5G48340.1
OG0013484	jg21369	AT5G48360.1
OG0013485	jg21425	AT5G48630.2
OG0013486	jg21426	AT5G48640.1
OG0013487	jg21434	AT5G48690.1
OG0013488	jg21444	AT5G48730.1
OG0013489	jg21445	AT5G48740.1
OG0013490	jg21454	AT5G48790.1
OG0013491	jg21471	AT5G48910.1
OG0013492	jg21475	AT5G48950.1
OG0013493	jg21479	AT5G48970.1
OG0013494	jg21519	AT5G49060.1
OG0013495	jg21530	AT5G49130.1
OG0013496	jg21565	AT5G49320.1
OG0013497	jg21567	AT5G49340.1
OG0013498	jg21572	AT5G49410.1
OG0013499	jg21573	AT5G49430.1
OG0013500	jg21596	AT5G49555.1
OG0013501	jg21603	AT5G49600.1
OG0013502	jg22917, jg21624	AT5G59800.1
OG0013503	jg21632	AT5G49840.1
OG0013504	jg21646	AT5G49950.1
OG0013505	jg21651	AT5G49990.1
OG0013506	jg21669	AT5G50170.1
OG0013507	jg21672	AT5G50180.1
OG0013508	jg21676	AT5G50210.1
OG0013509	jg21688	AT5G50300.2
OG0013510	jg21710	AT5G50410.1
OG0013511	jg21730	AT5G50600.1, AT5G50700.1
OG0013512	jg21732	AT5G50720.1
OG0013513	jg21741	AT5G50820.1
OG0013514	jg21746	AT5G50870.2
OG0013515	jg21749	AT5G50915.1
OG0013516	jg21760	AT5G51020.1
OG0013517	jg21762	AT5G51040.3
OG0013518	jg21765	AT5G51070.1
OG0013519	jg21771	AT5G51110.1
OG0013520	jg21774	AT5G51140.2
OG0013521	jg21776	AT5G51160.1
OG0013522	jg21777	AT5G51170.1
OG0013523	jg21778	AT5G51180.1
OG0013524	jg21783	AT5G51210.1
OG0013525	jg21784	AT5G51220.1
OG0013526	jg21790	AT5G51290.1
OG0013527	jg21827	AT5G51560.1
OG0013528	jg21858	AT5G51800.1
OG0013529	jg21874	AT5G51920.1
OG0013530	jg21887	AT5G52030.2
OG0013531	jg21888	AT5G52040.2
OG0013532	jg21908	AT5G52160.1
OG0013533	jg21911	AT5G52190.1
OG0013534	jg21916	AT5G52240.1
OG0013535	jg21931	AT5G52390.1
OG0013536	jg21938	AT5G52430.1
OG0013537	jg21953	AT5G52550.1
OG0013538	jg21954	AT5G52560.1
OG0013539	jg22008	AT5G52950.1
OG0013540	jg22009	AT5G52960.1
OG0013541	jg22011	AT5G52970.1
OG0013542	jg22025	AT5G53020.6
OG0013543	jg22038	AT5G53140.1
OG0013544	jg22064	AT5G53440.1
OG0013545	jg22078	AT5G53550.1
OG0013546	jg22125	AT5G53650.1
OG0013547	jg22150	AT5G53880.1
OG0013548	jg22153	AT5G53900.2
OG0013549	jg22159	AT5G53930.1
OG0013550	jg22164	AT5G53970.1
OG0013551	jg22201, jg22199	AT5G54165.1
OG0013552	jg22204	AT5G54180.1
OG0013553	jg22256	AT5G54520.1
OG0013554	jg22257	AT5G54530.1
OG0013555	jg22287	AT5G54630.1
OG0013556	jg22293	AT5G54690.1
OG0013557	jg22310	AT5G54850.1
OG0013558	jg22311	AT5G54855.1
OG0013559	jg22312	AT5G54860.1
OG0013560	jg22317	AT5G54910.1
OG0013561	jg22334	AT5G55100.2
OG0013562	jg22354	AT5G55280.1
OG0013563	jg22368	AT5G55390.1
OG0013564	jg22383	AT5G55500.1
OG0013565	jg22386	AT5G55520.1
OG0013566	jg22388	AT5G55540.1
OG0013567	jg22400	AT5G55640.1
OG0013568	jg22401	AT5G55650.1
OG0013569	jg22456	AT5G56080.1
OG0013570	jg22460	AT5G56120.1
OG0013571	jg22461	AT5G56130.1
OG0013572	jg22464	AT5G56160.1
OG0013573	jg22472	AT5G56230.1
OG0013574	jg22481	AT5G56300.1
OG0013575	jg22484	AT5G56320.3
OG0013576	jg22516	AT5G56430.1
OG0013577	jg22520	AT5G56450.1
OG0013578	jg22529	AT5G56500.1
OG0013579	jg22557	AT5G56740.1
OG0013580	jg22561	AT5G56780.1
OG0013581	jg22572	AT5G56870.1
OG0013582	jg22596	AT5G57040.1
OG0013583	jg22607	AT5G57130.1
OG0013584	jg22608	AT5G57140.1
OG0013585	jg22621	AT5G57240.3
OG0013586	jg22622	AT5G57250.1
OG0013587	jg22634	AT5G57345.1
OG0013588	jg22662	AT5G57590.1
OG0013589	jg22667	AT5G57567.2, AT5G57640.1
OG0013590	jg22685	AT5G57830.1
OG0013591	jg22692	AT5G57900.1
OG0013592	jg22701	AT5G57980.1
OG0013593	jg22717	AT5G58110.1
OG0013594	jg22731	AT5G58250.1
OG0013595	jg22736	AT5G58310.1
OG0013596	jg22747	AT5G58370.2
OG0013597	jg22767	AT5G58550.1
OG0013598	jg22790	AT5G58750.1
OG0013599	jg22791	AT5G58760.1
OG0013600	jg22806	AT5G58890.1
OG0013601	jg22807	AT5G58900.1
OG0013602	jg22835	AT5G59230.1
OG0013603	jg22840	AT5G59180.1
OG0013604	jg22845	AT5G59130.4
OG0013605	jg22877	AT5G59440.3
OG0013606	jg22884	AT5G59500.1
OG0013607	jg22889	AT5G59560.1
OG0013608	jg22966	AT5G60210.3
OG0013609	jg22975	AT5G60310.1
OG0013610	jg22986	AT5G60460.1
OG0013611	jg22988	AT5G60490.1
OG0013612	jg23000	AT5G60615.1
OG0013613	jg23002	AT5G60630.1
OG0013614	jg23012	AT5G60720.1
OG0013615	jg23013	AT5G60730.1
OG0013616	jg23044	AT5G61000.1
OG0013617	jg23045	AT5G61010.1
OG0013618	jg23048	AT5G61040.1
OG0013619	jg23051	AT5G61090.1
OG0013620	jg23073	AT5G61280.1
OG0013621	jg23074	AT5G61290.1
OG0013622	jg23081	AT5G61370.1
OG0013623	jg23090	AT5G61450.1
OG0013624	jg23115	AT5G61670.1
OG0013625	jg23131	AT5G61840.1
OG0013626	jg23151	AT5G62040.1
OG0013627	jg23152	AT5G62050.1
OG0013628	jg23160	AT5G62100.1
OG0013629	jg23177	AT5G62250.1
OG0013630	jg23198	AT5G62460.3
OG0013631	jg23205	AT5G62530.1
OG0013632	jg23218	AT5G62640.3
OG0013633	jg23219	AT5G62650.1
OG0013634	jg23226	AT5G62730.1
OG0013635	jg23229	AT5G62750.1
OG0013636	jg23230	AT5G62760.1
OG0013637	jg23272	AT5G63070.1
OG0013638	jg23288	AT5G63170.1
OG0013639	jg23302	AT5G63280.1
OG0013640	jg23306	AT5G63320.1
OG0013641	jg23317	AT5G63460.4
OG0013642	jg23325	AT5G63520.1
OG0013643	jg23347	AT5G63700.1
OG0013644	jg23394	AT5G64030.1
OG0013645	jg23411	AT5G64210.1
OG0013646	jg23416	AT5G64250.2
OG0013647	jg23423	AT5G64320.1
OG0013648	jg23440	AT5G64390.3
OG0013649	jg23458	AT5G64540.1
OG0013650	jg23462	AT5G64580.1
OG0013651	jg23479	AT5G64720.1
OG0013652	jg23501	AT5G64930.1
OG0013653	jg23505	AT5G64970.1
OG0013654	jg23541	AT5G65290.1
OG0013655	jg23561	AT5G65490.1
OG0013656	jg23562	AT5G65495.1
OG0013657	jg23564	AT5G65510.1
OG0013658	jg23574	AT5G65613.1
OG0013659	jg23592	AT5G65720.1
OG0013660	jg23593	AT5G65730.1
OG0013661	jg23596	AT5G65750.1
OG0013662	jg23603	AT5G65820.1
OG0013663	jg23607	AT5G65860.1
OG0013664	jg23626	AT5G67520.1
OG0013665	jg23655	AT5G67260.2
OG0013666	jg23660	AT5G67210.1
OG0013667	jg23661	AT5G67200.1
OG0013668	jg23664	AT5G67170.1
OG0013669	jg23666	AT5G67160.1
OG0013670	jg23667	AT5G67150.1
OG0013671	jg23668	AT5G67140.1
OG0013672	jg23671	AT5G67120.1
OG0013673	jg23672	AT5G67110.1
OG0013674	jg23683	AT5G67030.1
OG0013675	jg23703	AT5G66850.1
OG0013676	jg23704	AT5G66840.1
OG0013677	jg23716	AT5G66740.1
OG0013678	jg23718	AT5G66720.1
OG0013679	jg23736	AT5G66580.1
OG0013680	jg23738	AT5G66560.1
OG0013681	jg23746	AT5G66480.1
OG0013682	jg23763	AT5G66300.1
OG0013683	jg23781	AT5G66130.1
OG0013684	jg23791	AT5G66040.1
OG0013685	jg23797	AT5G65990.1
OG0013686	jg23803	AT5G65930.3
OG0013687	jg242	AT2G07565.1
OG0013773	jg28395	AT1G02205.3
OG0013774	jg28398	AT1G02170.1
OG0013775	jg28405	AT1G02120.1
OG0013776	jg28406	AT1G02110.1
OG0013777	jg28407	AT1G02100.1
OG0013778	jg28411	AT1G02070.1
OG0013779	jg28426	AT1G01970.1
OG0013780	jg28429	AT1G01940.1
OG0013781	jg28432	AT1G01910.1
OG0013782	jg28433	AT1G01900.1
OG0013783	jg28434	AT1G01880.1
OG0013784	jg28435	AT1G01860.4
OG0013785	jg28436	AT1G01840.1
OG0013786	jg28437	AT1G01830.1
OG0013787	jg28443	AT1G01770.1
OG0013788	jg28444	AT1G01760.3
OG0013789	jg28446	AT1G01740.1
OG0013790	jg28447	AT1G01730.1
OG0013791	jg28454	AT1G01660.2
OG0013792	jg28463	AT1G01570.2
OG0013793	jg28465	AT1G01550.1
OG0013794	jg28469	AT1G01520.1
OG0013795	jg28470	AT1G01510.1
OG0013796	jg28475	AT1G01470.1
OG0013797	jg28480	AT1G01450.1
OG0013798	jg28499	AT1G01290.1
OG0013799	jg28500	AT1G01280.1
OG0013800	jg28503	AT1G01240.1
OG0013801	jg28509	AT1G01180.1
OG0013802	jg28510	AT1G01170.1
OG0013803	jg28520	AT1G01080.2
OG0013804	jg28522	AT1G01060.1
OG0013805	jg28524	AT1G01040.2
OG0013806	jg28525	AT1G01030.1
OG0013807	jg28528	AT3G04430.1
OG0013808	jg28532	AT1G02260.1
OG0013809	jg28539	AT1G02330.1
OG0013810	jg28540	AT1G02335.1
OG0013811	jg28547	AT1G02390.1
OG0013812	jg28551	AT1G02420.1
OG0013813	jg28563	AT1G02560.1
OG0013814	jg28580	AT1G02700.1
OG0013815	jg28584	AT1G02730.1
OG0013816	jg28593	AT1G02820.1
OG0013817	jg28623	AT1G03080.1
OG0013818	jg28624	AT1G03090.2
OG0013819	jg28635	AT1G03190.1
OG0013820	jg28640	AT1G03250.2
OG0013821	jg28644	AT1G03290.1
OG0013822	jg28649	AT1G03340.1
OG0013823	jg28655	AT1G03380.1
OG0013824	jg28656	AT1G03390.1
OG0013825	jg28657	AT1G03430.1
OG0013826	jg28669	AT1G03540.1
OG0013827	jg28671	AT1G03560.1
OG0013828	jg28677	AT1G03650.1
OG0013829	jg28681	AT1G03680.1
OG0013830	jg28682	AT1G03687.1
OG0013831	jg28683	AT1G03700.1
OG0013832	jg28690	AT1G03750.1
OG0013833	jg28697	AT1G03810.1
OG0013834	jg28705	AT1G03880.1
OG0013835	jg28716	AT1G03970.1
OG0013836	jg28723	AT1G04030.1
OG0013837	jg28727	AT1G04090.1
OG0013838	jg28729	AT1G04110.1
OG0013839	jg28730	AT1G04120.1
OG0013840	jg28737	AT1G04200.1
OG0013841	jg28743	AT1G04260.1
OG0013842	jg28749	AT1G04330.1
OG0013843	jg28770	AT1G04520.1
OG0013845	jg28795	AT1G04730.1
OG0013846	jg28812	AT1G04890.1
OG0013847	jg28813	AT1G04900.1
OG0013848	jg28815	AT1G04920.1
OG0013849	jg28817	AT1G04940.1
OG0013850	jg28820	AT1G04960.2
OG0013851	jg28824	AT1G04970.1
OG0013852	jg28827	AT1G04985.1
OG0013853	jg28829	AT1G04990.1
OG0013854	jg28830	AT1G05000.2
OG0013855	jg28836	AT1G05040.1
OG0013856	jg28837	AT1G05055.1
OG0013857	jg28838	AT1G05060.1
OG0013858	jg28845	AT1G05100.1
OG0013859	jg28870	AT1G05340.1
OG0013860	jg28874	AT1G05360.1
OG0013861	jg28882	AT1G05440.1
OG0013862	jg28883	AT1G05450.2
OG0013863	jg28900	AT1G05600.1
OG0013864	jg28914	AT1G05690.1
OG0013865	jg28915	AT1G05700.2
OG0013866	jg28930	AT1G05820.1
OG0013867	jg28932	AT1G05835.1
OG0013868	jg28937	AT1G05880.2
OG0013869	jg28939	AT1G05894.1
OG0013870	jg28940	AT1G05900.2
OG0013871	jg28942	AT1G05920.1
OG0013872	jg28944	AT1G05950.1
OG0013873	jg28946	AT1G05970.2
OG0013874	jg28954	AT1G06060.1
OG0013875	jg28967	AT1G06180.1
OG0013876	jg28968	AT1G06190.5
OG0013878	jg28985	AT1G06330.1
OG0013879	jg28995	AT1G06450.1
OG0013880	jg28998	AT1G06475.1
OG0013881	jg29002	AT1G06510.1
OG0013882	jg29004	AT1G06530.1
OG0013883	jg29005	AT1G06540.1
OG0013884	jg29006	AT1G06550.1
OG0013885	jg29008	AT1G06570.1
OG0013886	jg29017	AT1G06690.1
OG0013887	jg29019	AT1G06710.1
OG0013888	jg29021	AT1G06730.1
OG0013889	jg29022	AT1G06740.1
OG0013890	jg29040	AT1G06910.1
OG0013891	jg29041	AT1G06920.1
OG0013892	jg29042	AT1G06923.1
OG0013893	jg29049	AT1G06970.1
OG0013894	jg29052	AT1G06990.1
OG0013895	jg29053	AT1G07000.1
OG0013896	jg29056	AT1G07040.1
OG0013897	jg29058	AT1G07060.2
OG0013898	jg29073	AT1G07200.2
OG0013899	jg2037, jg29077	AT1G07240.1
OG0013900	jg29080	AT1G07270.1
OG0013901	jg29086	AT1G07320.1
OG0013902	jg29087	AT1G07330.2
OG0013903	jg29108	AT1G07530.1
OG0013904	jg29109	AT1G07540.1
OG0013905	jg29111	AT1G07560.1
OG0013906	jg29124	AT1G07700.3
OG0013907	jg29125	AT1G07705.2
OG0013908	jg29126	AT1G07710.1
OG0013909	jg29130	AT1G07740.1
OG0013910	jg29142	AT1G07850.1
OG0013911	jg29156	AT1G07960.1
OG0013912	jg29157	AT1G07970.1
OG0013913	jg29163	AT1G08035.1
OG0013914	jg29167	AT1G08060.3
OG0013915	jg29169	AT1G08070.1
OG0013916	jg29174	AT1G08110.4
OG0013917	jg29180	AT1G08170.1
OG0013918	jg29185	AT1G08230.2
OG0013919	jg29190	AT1G08280.1
OG0013920	jg29202	AT1G08400.1
OG0013921	jg29210	AT1G08470.1
OG0013922	jg29212	AT1G08490.1
OG0013923	jg29216	AT1G08530.1
OG0013924	jg29220	AT1G08570.1
OG0013925	jg29222	AT1G08590.1
OG0013926	jg29223	AT1G08600.2
OG0013927	jg29224	AT1G08610.1
OG0013928	jg29229	AT1G08660.1
OG0013929	jg29234	AT1G08720.1
OG0013930	jg29237	AT1G08760.1
OG0013931	jg29238	AT1G08770.1
OG0013932	jg29247	AT1G08860.1
OG0013933	jg29254	AT1G08940.1
OG0013934	jg29270	AT1G09140.1
OG0013935	jg29274	AT1G09160.1
OG0013936	jg29275	AT1G09170.5
OG0013937	jg29283	AT1G09230.1
OG0013938	jg29286	AT1G09250.1
OG0013939	jg29296	AT1G09340.2
OG0013940	jg29298	AT1G09360.1
OG0013941	jg29301	AT1G09390.1
OG0013942	jg29302	AT1G09400.1
OG0013943	jg29309	AT1G09440.1
OG0013945	jg29338	AT1G09680.1
OG0013946	jg29342	AT1G09720.1
OG0013947	jg29353	AT1G09810.1
OG0013948	jg29354	AT1G09812.1
OG0013949	jg29355	AT1G09815.1
OG0013950	jg29386	AT1G10090.1
OG0013951	jg29392	AT1G10150.1
OG0013952	jg29415	AT1G10310.1
OG0013953	jg29427	AT1G10400.1
OG0013954	jg29444	AT1G10522.1
OG0013955	jg29445	AT1G10530.1
OG0013956	jg29452	AT1G10570.1
OG0013957	jg29453	AT1G10580.1
OG0013958	jg29482	AT1G10780.2
OG0013959	jg29483	AT1G10790.1
OG0013960	jg29484	AT1G10800.2
OG0013961	jg29490	AT1G10850.1
OG0013962	jg29491	AT1G10865.1
OG0013963	jg29493	AT1G10870.2
OG0013964	jg29498	AT1G10890.1
OG0013965	jg29501	AT1G10910.1
OG0013966	jg29503	AT1G10930.1
OG0013967	jg29507	AT1G10970.1
OG0013968	jg29510	AT1G11000.1
OG0013969	jg29537	AT1G11210.1
OG0013970	jg29538	AT1G11220.2
OG0013971	jg29539	AT1G11240.1
OG0013972	jg29560	AT1G11350.1
OG0013973	jg29563	AT1G11380.1
OG0013974	jg29567	AT1G11420.1
OG0013975	jg29590	AT1G11545.1
OG0013976	jg29593	AT1G11580.2
OG0013977	jg29603	AT1G11630.1
OG0013978	jg29606	AT1G11660.1
OG0013979	jg29611	AT1G11710.1
OG0013980	jg29616	AT1G11760.1
OG0013981	jg29647	AT1G12050.1
OG0013982	jg29667	AT1G12244.1
OG0013983	jg29668	AT1G12250.1
OG0013984	jg29682	AT1G12370.2
OG0013985	jg29687	AT1G12440.1
OG0013986	jg29692	AT1G12480.1
OG0013987	jg29700	AT1G12570.1
OG0013988	jg29702	AT1G12600.1
OG0013989	jg29730	AT1G12750.1
OG0013990	jg29748	AT1G12890.1
OG0013991	jg29751	AT1G12930.1
OG0013992	jg29755	AT1G12970.1
OG0013993	jg29778	AT1G13170.2
OG0013994	jg29785	AT1G13220.3
OG0013995	jg29786	AT1G13230.1
OG0013996	jg29818	AT1G13570.1
OG0013997	jg29822	AT1G13605.1
OG0013998	jg29826	AT1G13610.1
OG0013999	jg29827	AT1G13620.1
OG0014000	jg29828	AT1G13630.4
OG0014001	jg29830	AT1G13640.1
OG0014002	jg29831	AT1G13650.1
OG0014003	jg29832	AT1G13670.1
OG0014004	jg29835	AT1G13690.1
OG0014005	jg29836	AT1G13700.1
OG0014006	jg29838	AT1G13730.1
OG0014007	jg29848	AT1G13810.1
OG0014008	jg29858	AT1G13890.1
OG0014009	jg29863	AT1G13940.1
OG0014011	jg29869	AT1G13980.1
OG0014012	jg29870	AT1G13990.3
OG0014013	jg29886	AT1G14140.1
OG0014014	jg29888	AT1G14160.1
OG0014015	jg29889	AT1G14170.3
OG0014016	jg29891	AT1G14190.2, AT1G14185.1
OG0014017	jg29892	AT1G14200.1
OG0014018	jg29894	AT1G14210.1
OG0014019	jg29900	AT1G14280.1
OG0014020	jg29901	AT1G14290.1
OG0014021	jg29902	AT1G14300.2
OG0014022	jg29903	AT1G14310.1
OG0014023	jg29910	AT1G14350.1
OG0014025	jg29933	AT1G14520.3
OG0014026	jg29948	AT1G14680.1
OG0014027	jg29951	AT1G14687.1
OG0014028	jg29952	AT1G14688.1
OG0014029	jg29953	AT1G14690.1
OG0014030	jg29956	AT1G14720.1
OG0014031	jg29961	AT1G14755.1
OG0014032	jg29998	AT1G15125.1
OG0014033	jg30006	AT1G15200.3
OG0014034	jg30008	AT1G15215.4
OG0014036	jg30019	AT1G15330.1
OG0014037	jg30039	AT1G15520.1
OG0014038	jg30040	AT1G15530.1
OG0014039	jg30056	AT1G15700.1
OG0014040	jg30057	AT1G15710.1
OG0014041	jg30062	AT1G15740.1
OG0014042	jg30075	AT4G00420.2
OG0014043	jg30083	AT1G15920.1
OG0014044	jg30096	AT1G16060.1
OG0014045	jg30097	AT1G16070.1
OG0014046	jg30110	AT1G16220.1
OG0014047	jg30115	AT1G16290.2
OG0014048	jg30121	AT1G16350.1
OG0014049	jg30125	AT1G16390.1
OG0014050	jg30130	AT1G16445.1
OG0014051	jg30142	AT1G16590.1
OG0014052	jg30146	AT1G16630.1
OG0014053	jg30147	AT1G16650.3
OG0014054	jg30149	AT1G16680.1
OG0014055	jg30220	AT1G16970.1
OG0014056	jg30228	AT1G17070.1
OG0014057	jg30229	AT1G17080.1
OG0014058	jg30239	AT1G17150.1
OG0014059	jg30246	AT1G17220.1
OG0014060	jg30247	AT1G17230.2
OG0014061	jg30249	AT1G17260.1
OG0014062	jg30256	AT1G17310.2
OG0014063	jg30257	AT1G17330.1
OG0014064	jg30267	AT1G17430.1
OG0014065	jg30271	AT1G17460.2
OG0014066	jg30273	AT1G17480.1
OG0014067	jg30274	AT1G17490.1
OG0014068	jg30289	AT1G17630.1
OG0014069	jg30290	AT1G17640.1
OG0014070	jg30292	AT1G17665.1
OG0014071	jg30299	AT1G17745.2
OG0014072	jg30301	AT1G17760.1
OG0014073	jg30303	AT2G16575.1, AT1G17780.2
OG0014074	jg30308	AT1G17830.1
OG0014075	jg30312	AT1G17870.1
OG0014076	jg30326	AT1G18030.1
OG0014077	jg30329	AT1G18060.1
OG0014078	jg30332	AT1G18090.1
OG0014079	jg30336	AT1G18140.1
OG0014080	jg30338	AT1G18160.1
OG0014081	jg30341	AT1G18190.1
OG0014082	jg30348	AT1G18265.1
OG0014083	jg30363	AT1G18410.4
OG0014084	jg30366	AT1G18420.1
OG0014085	jg30383	AT1G18600.1
OG0014086	jg30391	AT1G18680.1
OG0014087	jg30408	AT1G18810.1
OG0014088	jg30413	AT1G18850.1
OG0014089	jg30419	AT1G18910.1
OG0014090	jg30422	AT1G18960.1
OG0014091	jg30433	AT1G19090.1
OG0014093	jg30438	AT1G19130.1
OG0014094	jg30443	AT1G19170.1
OG0014095	jg30447	AT1G19200.2
OG0014096	jg30455	AT1G19290.1
OG0014097	jg30457	AT1G19310.1
OG0014098	jg30460	AT1G19340.1
OG0014099	jg30463	AT1G19370.1
OG0014100	jg30477	AT1G19490.1
OG0014101	jg30480	AT1G19520.1
OG0014102	jg30481	AT1G19530.1
OG0014103	jg30484	AT1G19580.1
OG0014104	jg30490	AT1G19650.1
OG0014105	jg30492	AT1G19670.1
OG0014106	jg30499	AT1G19730.1
OG0014107	jg30532	AT1G20050.1
OG0014108	jg30533	AT1G20060.1
OG0014109	jg30538	AT1G20100.1
OG0014110	jg30541	AT1G20120.1
OG0014111	jg30550	AT1G20230.1
OG0014112	jg30555	AT1G20300.1
OG0014113	jg30588	AT1G20510.1
OG0014114	jg30595	AT1G20550.1
OG0014115	jg30596	AT1G20560.1
OG0014116	jg30603	AT1G20640.1
OG0014117	jg30632	AT1G20870.1
OG0014118	jg30638	AT1G20925.1
OG0014119	jg30642	AT1G20970.1
OG0014120	jg30648	AT1G21060.1
OG0014121	jg30681	AT1G21350.5
OG0014122	jg30683	AT1G21370.1
OG0014123	jg30685	AT1G21390.1
OG0014124	jg30698	AT1G21510.1
OG0014125	jg30703	AT1G21550.1
OG0014126	jg30704	AT1G21560.2
OG0014127	jg30706	AT1G21590.1
OG0014128	jg30707	AT1G21600.1
OG0014129	jg30713	AT1G21650.3
OG0014130	jg30727	AT1G21730.1
OG0014131	jg30728	AT1G21740.1
OG0014132	jg30730	AT1G21760.1
OG0014133	jg30731	AT1G21770.1
OG0014134	jg30732	AT1G21780.1
OG0014135	jg30780	AT1G22190.1
OG0014136	jg30794	AT1G22310.2
OG0014137	jg30807	AT1G22460.1
OG0014138	jg30808	AT1G22470.1
OG0014139	jg30809	AT1G22480.1
OG0014140	jg30823	AT1G22630.1
OG0014141	jg30830	AT1G22690.1
OG0014142	jg30839	AT1G22760.1
OG0014143	jg30842	AT1G22800.1
OG0014144	jg30844	AT1G22830.1
OG0014145	jg30854	AT1G22950.1
OG0014146	jg30861	AT1G23000.2
OG0014147	jg30866	AT1G23050.1
OG0014148	jg30867	AT1G23060.1
OG0014149	jg30871	AT1G23100.1
OG0014150	jg30872	AT1G23110.1
OG0014151	jg30875	AT1G23140.1
OG0014152	jg30876	AT1G23145.1
OG0014153	jg30877	AT1G23150.1
OG0014154	jg30880	AT1G23180.1
OG0014155	jg30882	AT1G23200.1
OG0014156	jg30905	AT1G23330.1
OG0014157	jg30912	AT1G23390.1
OG0014158	jg30940	AT1G23710.1
OG0014159	jg30957	AT1G23880.1
OG0014160	jg30958	AT1G23890.2
OG0014161	jg30969	AT1G24040.1
OG0014162	jg30979	AT1G24095.1
OG0014163	jg30980	AT1G24100.1
OG0014164	jg30982	AT1G24120.1
OG0014165	jg31025	AT1G27100.1
OG0014166	jg31028	AT1G27070.1
OG0014167	jg31044	AT1G26960.1
OG0014168	jg31061, jg31069	AT1G26820.1
OG0014169	jg31078	AT1G26761.1
OG0014170	jg31079	AT1G26760.1
OG0014171	jg31086	AT1G26700.1
OG0014172	jg31108	AT1G26500.1
OG0014173	jg31111	AT1G26460.1
OG0014174	jg31116	AT1G26440.2
OG0014175	jg31125	AT1G26340.1
OG0014176	jg31140	AT1G26180.1
OG0014177	jg31141	AT1G26170.1
OG0014178	jg31142	AT1G26160.1
OG0014179	jg31143	AT1G26150.1
OG0014180	jg31144	AT1G26140.1
OG0014181	jg31160	AT1G25530.1
OG0014182	jg31166	AT1G25470.1
OG0014183	jg31174	AT1G25420.1
OG0014184	jg31180	AT1G25360.1
OG0014185	jg31186	AT1G25320.1
OG0014186	jg31191	AT1G25290.1
OG0014187	jg31194	AT1G25275.3
OG0014188	jg31220	AT1G24560.1
OG0014189	jg31222	AT1G24540.1
OG0014190	jg31232	AT1G24450.1
OG0014191	jg31236	AT1G24420.1
OG0014192	jg31246	AT1G24310.1
OG0014193	jg31279	AT1G27500.2
OG0014194	jg31288	AT1G27660.1
OG0014195	jg31289	AT1G27670.1
OG0014196	jg31290	AT1G27680.1
OG0014197	jg31291	AT1G27690.1
OG0014198	jg31298	AT1G27750.1
OG0014199	jg31299	AT1G27752.1
OG0014200	jg31302	AT1G19750.1, AT1G27840.3
OG0014201	jg31308	AT1G27920.1
OG0014202	jg31316	AT1G27990.1
OG0014203	jg31332	AT1G28120.1
OG0014204	jg31343	AT1G28210.2
OG0014205	jg31370	AT1G28410.1
OG0014206	jg31372	AT1G28430.1
OG0014207	jg31374	AT1G28470.1
OG0014208	jg31379, jg31377	AT1G27860.1, AT1G28500.1
OG0014209	jg31397	AT1G28690.1
OG0014210	jg31403	AT1G28760.1
OG0014211	jg31414	AT1G29041.1
OG0014212	jg31445	AT1G29230.1
OG0014213	jg31466	AT1G29400.1
OG0014214	jg31500	AT1G29680.1
OG0014215	jg31506	AT1G29700.1
OG0014216	jg31519	AT1G29780.1
OG0014217	jg31521	AT1G29790.1
OG0014218	jg31522	AT1G29800.1
OG0014219	jg31542	AT1G29980.1
OG0014220	jg31549	AT1G30070.2
OG0014221	jg31551	AT1G30090.1
OG0014222	jg31559	AT1G30170.1
OG0014223	jg31565	AT1G30200.1
OG0014224	jg31566	AT1G30220.1
OG0014225	jg31605	AT1G30500.2
OG0014226	jg31606	AT1G30510.2
OG0014227	jg31607	AT1G30515.1
OG0014228	jg31609	AT1G30520.1
OG0014229	jg31611	AT1G30540.1
OG0014230	jg31615	AT1G30570.1
OG0014231	jg31626	AT1G30680.1
OG0014232	jg31632	AT1G30740.2
OG0014233	jg31655	AT1G30825.1
OG0014234	jg31658	AT1G30845.1
OG0014235	jg31659	AT1G30850.1
OG0014236	jg31692	AT1G31050.6
OG0014237	jg31722	AT1G31160.1
OG0014238	jg31728	AT1G31170.4
OG0014239	jg31734	AT1G31230.1
OG0014240	jg31746	AT1G31320.1
OG0014241	jg31755	AT1G31360.3
OG0014242	jg31772	AT1G31440.1
OG0014243	jg31773	AT1G31450.1
OG0014244	jg31774	AT1G31460.1
OG0014245	jg31783	AT1G31600.1
OG0014246	jg31789, jg32747, jg10123	AT1G36230.1
OG0014247	jg31799	AT1G31720.1
OG0014248	jg31808	AT1G31780.1
OG0014249	jg31809	AT1G31790.1
OG0014250	jg31810	AT1G31800.1
OG0014251	jg31822	AT1G31885.1
OG0014252	jg31839	AT1G32070.2
OG0014253	jg31849	AT1G32130.1
OG0014254	jg31852	AT1G32150.1
OG0014255	jg31853	AT1G32160.1
OG0014256	jg31858	AT1G32180.1
OG0014257	jg31863	AT1G32220.1
OG0014258	jg31872	AT1G32260.1
OG0014259	jg31881	AT1G32330.1
OG0014260	jg31882	AT1G32340.1
OG0014261	jg31883	AT1G32350.1
OG0014262	jg31885	AT1G32361.1
OG0014263	jg31887	AT1G32370.2
OG0014264	jg31891	AT1G32410.1
OG0014265	jg31904	AT1G32520.1
OG0014266	jg31908	AT1G32560.1
OG0014267	jg31910	AT1G32583.1
OG0014269	jg31933	AT1G32790.2
OG0014270	jg31934	AT1G32810.2
OG0014271	jg31937	AT1G32860.1
OG0014272	jg31940	AT1G32870.3
OG0014273	jg31951	AT1G32990.1
OG0014274	jg31957	AT1G33050.1
OG0014275	jg31958	AT1G33060.2
OG0014276	jg31975	AT1G33250.1
OG0014277	jg31977	AT1G33265.1
OG0014278	jg31980	AT1G33290.1
OG0014279	jg31984	AT1G33350.1
OG0014281	jg32037	AT1G33780.1
OG0014282	jg32040	AT1G33810.1
OG0014283	jg32042	AT1G33811.1
OG0014284	jg12948, jg10768, jg10773, jg32309, jg16953, jg32082, jg21200, jg6957	AT5G30520.1
OG0014285	jg10771, jg12952, jg32312, jg21197, jg16956, jg32085	AT1G40083.1
OG0014286	jg32088	AT1G34110.1
OG0014287	jg32089	AT1G34120.2
OG0014288	jg32090	AT1G34130.1
OG0014289	jg32092	AT1G34150.1
OG0014291	jg32117	AT1G34370.1
OG0014292	jg32118	AT1G34380.2
OG0014293	jg32121	AT1G34420.1
OG0014294	jg32122	AT1G34430.1
OG0014295	jg32123	AT1G34470.1
OG0014295	jg7274	AT4G09640.1
OG0014296	jg32138	AT1G34580.1
OG0014297	jg32140	AT1G34640.1
OG0014298	jg32142	AT1G34670.1
OG0014299	jg32164	AT1G34780.1
OG0014300	jg32165	AT1G34790.1
OG0014301	jg32171	AT1G35170.1, AT1G35180.1
OG0014302	jg32172	AT1G35183.2
OG0014303	jg32191	AT1G35330.1
OG0014304	jg32194	AT1G35340.1
OG0014305	jg32211	AT1G35420.2
OG0014306	jg32218	AT1G35490.1
OG0014307	jg32241	AT1G35680.1
OG0014308	jg32766, jg32268	AT1G47330.1
OG0014309	jg32271	AT1G36060.1
OG0014310	jg32291	AT1G36320.1
OG0014311	jg32297	AT1G36370.1
OG0014312	jg32329	AT1G36980.1
OG0014314	jg32397	AT1G33470.1
OG0014315	jg32398	AT1G33475.1
OG0014316	jg32401	AT1G33500.1
OG0014317	jg32418	AT1G33530.1
OG0014318	jg32480	AT1G42960.1
OG0014319	jg32492	AT1G43020.1
OG0014320	jg32500	AT1G43190.1
OG0014321	jg32514	AT1G43580.1
OG0014322	jg32518	AT1G43630.1
OG0014323	jg32534	AT1G43690.1
OG0014324	jg32556	AT1G43790.1
OG0014325	jg32595	AT1G44000.1
OG0014326	jg32603	AT1G44120.2
OG0014327	jg32614	AT1G44350.1
OG0014328	jg32619	AT1G44414.1
OG0014329	jg32650	AT1G44830.1
OG0014330	jg32653	AT1G44890.1
OG0014331	jg32657	AT1G44910.1
OG0014332	jg32658	AT1G44920.1
OG0014333	jg32659	AT1G44960.1
OG0014334	jg32664	AT1G45010.1
OG0014335	jg32669	AT1G45130.1
OG0014336	jg32693	AT1G45150.1, AT5G37247.1
OG0014337	jg32694	AT1G45160.2
OG0014338	jg32707	AT1G45233.2
OG0014339	jg32713	AT1G45249.6
OG0014340	jg32732	AT1G46480.1
OG0014341	jg32799	AT1G47610.1
OG0014342	jg32811	AT1G47310.1
OG0014343	jg32873, jg32848	AT1G47990.1
OG0014344	jg32887	AT1G48100.1
OG0014345	jg32888	AT1G48110.1
OG0014346	jg32889	AT1G48120.1
OG0014347	jg32896	AT1G48195.1
OG0014348	jg32906	AT1G48300.1
OG0014349	jg32907	AT1G48310.2
OG0014350	jg32913	AT1G48380.2
OG0014351	jg32918	AT5G47810.1
OG0014352	jg32923	AT1G48420.1
OG0014353	jg32926	AT1G48450.1
OG0014354	jg32928	AT1G48480.1
OG0014355	jg32934	AT1G48540.1
OG0014356	jg32937	AT1G48570.1
OG0014357	jg32944	AT1G48635.2
OG0014358	jg32971	AT1G48870.1
OG0014359	jg32979	AT1G48950.1
OG0014360	jg32981	AT1G48970.1
OG0014361	jg32991	AT1G49000.1
OG0014362	jg33010	AT1G49130.1
OG0014363	jg33055	AT1G49405.1
OG0014364	jg33059	AT1G49450.1
OG0014365	jg33067	AT1G49470.1
OG0014366	jg33070	AT1G49490.2
OG0014367	jg33071	AT1G49510.1
OG0014368	jg33076	AT1G49570.1
OG0014369	jg33077	AT1G49580.1
OG0014370	jg33083	AT1G49620.3
OG0014371	jg33091	AT4G07675.1, AT1G49700.1
OG0014372	jg33097	AT1G49730.1
OG0014373	jg33114	AT1G49870.1
OG0014374	jg33122	AT1G49950.1
OG0014375	jg33123	AT1G49960.1
OG0014376	jg33129	AT1G49980.1
OG0014377	jg33148	AT1G50140.1
OG0014378	jg33149	AT1G50170.1
OG0014379	jg33164	AT1G50280.1
OG0014380	jg33181	AT1G50440.1
OG0014381	jg33193	AT1G50575.1
OG0014382	jg33194	AT1G50580.1
OG0014383	jg33196	AT1G50600.2
OG0014384	jg33198	AT1G50620.1
OG0014385	jg33201	AT1G50650.1
OG0014386	jg33208	AT1G50710.1
OG0014387	jg33225	AT1G50890.1
OG0014388	jg33229	AT1G50940.1
OG0014389	jg33232	AT1G50960.1
OG0014390	jg33252	AT1G51090.1
OG0014391	jg33254	AT1G51110.1
OG0014392	jg33258	AT1G51140.1
OG0014393	jg33261	AT1G51170.1
OG0014394	jg33289	AT1G51440.1
OG0014395	jg33294	AT1G51450.1
OG0014396	jg33308	AT1G51500.1
OG0014397	jg33315	AT1G51560.1
OG0014398	jg33317	AT1G51580.1
OG0014399	jg33333	AT1G51740.1
OG0014400	jg33334	AT1G51745.1
OG0014401	jg33362	AT1G51910.1
OG0014402	jg33372	AT1G51965.1
OG0014403	jg33380	AT1G51990.1
OG0014404	jg33395	AT1G52155.1
OG0014405	jg33402	AT1G52200.1
OG0014406	jg33406	AT1G52220.1
OG0014407	jg33412	AT1G52290.1
OG0014408	jg33414	AT1G52310.1
OG0014409	jg33428	AT1G52380.1
OG0014410	jg33438	AT1G52470.1
OG0014410	jg33437	AT1G52440.1, AT1G52460.1
OG0014411	jg33440	AT1G52500.2
OG0014412	jg33441	AT1G52510.1
OG0014413	jg33445	AT1G52560.1
OG0014414	jg33451	AT1G52590.1
OG0014415	jg33455	AT1G52640.1
OG0014416	jg33466	AT1G52720.1
OG0014417	jg33469	AT1G52750.1
OG0014418	jg33471	AT1G52770.1
OG0014419	jg33472	AT1G52780.1
OG0014420	jg33474	AT1G52800.1
OG0014421	jg33480	AT1G52830.1
OG0014422	jg33482	AT1G52870.2
OG0014423	jg33483	AT1G52880.1
OG0014424	jg33484	AT1G52890.1
OG0014425	jg33491	AT4G03940.1, AT1G11591.1
OG0014426	jg33513	AT1G53100.1
OG0014427	jg33514	AT1G53110.1
OG0014428	jg33516	AT1G53130.1
OG0014429	jg33519	AT1G53163.1
OG0014430	jg33553	AT1G53450.1
OG0014431	jg33554	AT1G53460.1
OG0014432	jg33555	AT1G53470.1
OG0014433	jg33574	AT1G53590.1
OG0014434	jg33575	AT1G53600.1
OG0014435	jg33594	AT1G53670.1
OG0014436	jg33595	AT1G53680.1
OG0014437	jg33597	AT1G53710.1
OG0014438	jg33606	AT1G53820.1
OG0014439	jg33611	AT1G53830.1
OG0014440	jg33620	AT1G53910.1
OG0014441	jg33640	AT1G54095.1
OG0014442	jg33641	AT1G54100.1
OG0014443	jg33655	AT1G54215.1
OG0014444	jg33657	AT1G54220.1
OG0014445	jg33668	AT1G55110.1
OG0014446	jg33671	AT1G55140.1
OG0014447	jg33672	AT1G55150.2
OG0014448	jg33679	AT1G55200.1
OG0014449	jg33685	AT1G55250.1
OG0014450	jg33695	AT1G55350.5
OG0014451	jg33698	AT1G55370.2
OG0014452	jg33705	AT1G55480.1
OG0014453	jg33710	AT1G55530.1
OG0014454	jg33730, jg33735, jg33738	AT1G55640.1
OG0014455	jg33754	AT1G55760.1
OG0014456	jg33761	AT1G55820.1
OG0014457	jg33762	AT1G55830.2
OG0014458	jg33766	AT1G55865.1
OG0014459	jg33769	AT1G55880.1
OG0014460	jg33772	AT1G55910.1
OG0014461	jg33783	AT1G56010.2
OG0014462	jg33784	AT1G56020.1
OG0014463	jg33797	AT1G56080.1
OG0014464	jg33799	AT1G56090.2
OG0014465	jg33812	AT1G56160.1
OG0014466	jg33818	AT1G54310.2
OG0014468	jg360	AT1G64690.3
OG0014469	jg362	AT1G64670.2
OG0014470	jg368	AT1G64620.1
OG0014471	jg369	AT1G64610.1
OG0014472	jg377	AT1G64530.1
OG0014473	jg381	AT1G64490.1
OG0014474	jg387	AT1G64480.1
OG0014475	jg389	AT1G64450.1
OG0014476	jg390	AT1G64440.1
OG0014477	jg392	AT1G64400.1
OG0014478	jg394	AT1G64385.1
OG0014479	jg403	AT1G64330.1
OG0014480	jg428	AT1G64160.1
OG0014481	jg432	AT1G64110.2
OG0014482	jg446	AT1G64080.1
OG0014483	jg447	AT1G64065.1
OG0014484	jg449	AT1G64050.1
OG0014485	jg450	AT1G64040.1
OG0014486	jg463	AT1G63990.1
OG0014487	jg482	AT1G63830.1
OG0014488	jg483	AT1G63820.1
OG0014489	jg496	AT1G63720.1
OG0014490	jg504	AT1G63660.1
OG0014491	jg524	AT1G63520.1
OG0014492	jg526	AT1G63490.4
OG0014493	jg532	AT1G63430.2
OG0014494	jg535	AT1G63420.1
OG0014495	jg536	AT1G63410.2
OG0014496	jg540	AT1G63300.1
OG0014497	jg569	AT1G63160.1
OG0014498	jg589	AT1G63060.1
OG0014499	jg603	AT1G62970.1
OG0014500	jg607	AT1G62940.1
OG0014501	jg615, jg619	AT1G62886.1
OG0014502	jg620	AT1G62880.1
OG0014503	jg624	AT1G62850.2
OG0014504	jg631	AT1G62790.1
OG0014505	jg632	AT1G62780.1
OG0014506	jg633	AT1G62770.1
OG0014507	jg635	AT1G62750.1
OG0014508	jg640	AT1G62700.1
OG0014509	jg672	AT1G62510.1
OG0014510	jg679	AT1G62430.1
OG0014511	jg689	AT1G62360.1
OG0014512	jg690	AT1G62350.2
OG0014513	jg691	AT1G62340.1
OG0014514	jg692	AT1G62330.1
OG0014515	jg697	AT1G62300.1
OG0014516	jg706	AT1G62260.1
OG0014517	jg753	AT1G61930.1
OG0014518	jg766	AT4G03950.1, AT1G61800.2
OG0014519	jg769	AT1G61780.1
OG0014520	jg779	AT1G61690.1
OG0014521	jg785	AT1G61670.1
OG0014522	jg790	AT1G61630.1
OG0014523	jg796	AT1G61600.1
OG0014524	jg847	AT1G61215.1
OG0014525	jg848	AT1G61210.1
OG0014526	jg863	AT1G61100.1
OG0014527	jg874	AT1G61010.1
OG0014528	jg880	AT1G60990.1
OG0014529	jg884	AT1G60970.1
OG0014530	jg895	AT1G60870.1
OG0014531	jg897	AT1G60860.1
OG0014532	jg917	AT1G60700.1
OG0014533	jg926	AT1G60630.1
OG0014534	jg928	AT1G60610.1
OG0014535	jg932	AT1G60590.1
OG0014536	jg935	AT1G60560.1
OG0014537	jg956	AT1G60470.1
OG0014538	jg957	AT1G60460.1
OG0014539	jg961	AT1G60430.1
OG0014540	jg962	AT1G60420.1
OG0014541	jg9473	AT4G29590.1
OG0014542	jg986	AT1G60170.1
OG0014543	jg988	AT1G60160.1
OG0014544	jg994	AT1G60070.2
OG0014545	jg1002	AT1G59980.1
OG0014546	jg1011	AT1G59900.1
OG0014547	jg1016	AT1G59850.1
OG0014548	jg1017	AT1G59840.1
OG0014549	jg1052	AT2G05350.1
OG0014550	jg1055, jg1054, jg18359	AT2G32800.1
OG0014551	jg1062	AT1G59710.2
OG0014552	jg1100	AT1G59600.1
OG0014553	jg1106	AT1G59530.1
OG0014554	jg1107	AT1G59520.4
OG0014555	jg1109	AT1G59510.1
OG0014556	jg1124	AT1G58520.1
OG0014557	jg1137	AT1G58440.1
OG0014558	jg1154	AT1G58350.1
OG0014559	jg1155	AT1G58340.1
OG0014560	jg1185	AT1G58210.1
OG0014561	jg1196	AT1G58170.1
OG0014562	jg1198	AT1G58120.1
OG0014563	jg1201	AT1G58100.1
OG0014564	jg3354, jg1260	AT1G76920.1
OG0014565	jg1267	AT1G57790.1
OG0014566	jg1285, jg17309	AT2G26240.1
OG0014567	jg1342	AT1G57540.1
OG0014568	jg1348	AT1G56710.1
OG0014569	jg1349	AT1G56700.1
OG0014570	jg1350	AT1G56690.1
OG0014571	jg1361	AT1G56590.1
OG0014572	jg1364	AT1G56570.1
OG0014573	jg1365	AT1G56560.1
OG0014574	jg1397	AT1G56500.1
OG0014575	jg1407	AT1G56460.3
OG0014576	jg1413	AT1G56420.1
OG0014577	jg1422	AT1G56350.1
OG0014578	jg1427	AT1G56320.1
OG0014579	jg1428	AT1G56310.1
OG0014580	jg1436	AT1G56260.1
OG0014581	jg1449	AT1G56210.1
OG0014582	jg1453	AT1G55050.1
OG0014583	jg1454	AT1G55040.1
OG0014584	jg1476	AT1G54940.1
OG0014585	jg1484	AT1G54930.2
OG0014588	jg1500	AT1G54850.1
OG0014590	jg1507	AT1G54780.1
OG0014591	jg1523	AT1G54650.3
OG0014592	jg1527	AT1G54610.1
OG0014593	jg1532	AT1G54570.1
OG0014594	jg1538	AT1G54540.1
OG0014595	jg1539	AT1G54530.1
OG0014596	jg1540	AT1G54520.1
OG0014597	jg1558	AT1G54450.1
OG0014598	jg1582	AT1G54390.2
OG0014599	jg1584	AT1G54385.1
OG0014600	jg1587	AT2G23840.1
OG0014601	jg17080, jg1644	AT2G25250.1
OG0014602	jg14541, jg14745, jg27683, jg1699	AT5G59060.1
OG0014603	jg1725	AT1G64790.2
OG0014604	jg1732, jg12965	AT2G01640.1
OG0014605	jg1744	AT1G64850.1
OG0014606	jg1747	AT1G64860.1
OG0014607	jg1753	AT1G64890.1
OG0014608	jg1802	AT1G65032.1
OG0014609	jg1805	AT1G65060.1
OG0014610	jg1808	AT1G65070.2
OG0014611	jg1810	AT1G65080.1
OG0014612	jg1818	AT2G44870.1
OG0014613	jg1853	AT1G65230.1
OG0014614	jg1865	AT1G65280.1
OG0014615	jg1875	AT1G65320.1
OG0014616	jg1897	AT1G65380.1
OG0014617	jg1899	AT1G65410.1
OG0014619	jg1913	AT1G65470.1
OG0014620	jg1934	AT1G65540.1
OG0014621	jg1947	AT1G65590.1
OG0014622	jg1982	AT1G65710.1
OG0014623	jg2019	AT1G65900.1
OG0014624	jg2020	AT1G65910.1
OG0014625	jg2021	AT1G65920.1
OG0014626	jg2045	AT1G66080.1
OG0014627	jg2052	AT1G66140.1
OG0014628	jg2056	AT1G66160.1
OG0014629	jg2057	AT1G66170.1
OG0014630	jg2059	AT1G66190.1
OG0014631	jg2064	AT1G66230.1
OG0014632	jg2069	AT1G66250.1
OG0014633	jg2087	AT1G66345.1
OG0014634	jg2088	AT1G66350.1
OG0014635	jg2105	AT1G66460.3
OG0014636	jg2175	AT1G66830.1
OG0014637	jg2214	AT1G67030.1
OG0014638	jg2218	AT1G67050.1
OG0014639	jg2226	AT1G67080.1
OG0014640	jg2230	AT1G67110.1
OG0014641	jg2238	AT1G67180.1
OG0014642	jg2239	AT1G67190.1
OG0014643	jg2241	AT1G67210.1
OG0014644	jg2256	AT1G67320.3
OG0014645	jg2280	AT1G67490.1
OG0014646	jg2282	AT1G67500.2
OG0014647	jg2283	AT1G67510.1
OG0014648	jg2300	AT1G67630.1
OG0014649	jg2320	AT1G67770.1
OG0014650	jg2323	AT1G67790.1
OG0014651	jg2324	AT1G67800.2
OG0014652	jg2327	AT1G67820.1
OG0014653	jg2328	AT1G67830.1
OG0014654	jg2349	AT1G67900.1
OG0014655	jg2357	AT1G68120.1
OG0014656	jg2359	AT1G68100.1
OG0014657	jg2360	AT1G68090.1
OG0014658	jg2361	AT1G68080.1
OG0014659	jg2364	AT1G68040.1
OG0014660	jg2365	AT1G68030.1
OG0014661	jg2377	AT1G67940.1
OG0014662	jg2378	AT1G68170.2
OG0014663	jg2384	AT1G68220.1
OG0014664	jg2413	AT1G68490.1
OG0014665	jg2415	AT1G68510.1
OG0014666	jg2418	AT1G68520.1
OG0014667	jg2433	AT1G68610.1
OG0014668	jg2435	AT1G68630.1
OG0014669	jg2436	AT1G68640.1
OG0014670	jg2442	AT1G68700.1
OG0014671	jg2444	AT1G68720.1
OG0014672	jg2450	AT1G68750.1
OG0014673	jg2451	AT1G68760.1
OG0014674	jg2460	AT1G68820.4
OG0014675	jg2462	AT1G68840.1
OG0014676	jg2469	AT1G68875.1
OG0014677	jg2470	AT1G68880.1
OG0014678	jg2476	AT1G68930.1
OG0014679	jg2477	AT1G68940.2
OG0014680	jg2483	AT1G69020.2
OG0014681	jg2488	AT1G69070.2
OG0014682	jg2496	AT1G69180.1
OG0014683	jg2499	AT1G69200.1
OG0014684	jg2502	AT1G69230.1
OG0014685	jg2503	AT1G69240.1
OG0014686	jg2506	AT1G69270.1
OG0014687	jg2507	AT1G69280.1
OG0014688	jg2511	AT1G69320.1
OG0014689	jg2518	AT1G69360.1
OG0014690	jg2520	AT1G69380.1
OG0014691	jg2534	AT1G69500.1
OG0014692	jg2543	AT1G69560.2
OG0014693	jg2565	AT1G69740.1
OG0014694	jg2569	AT1G69770.1
OG0014695	jg2580	AT1G69830.1
OG0014696	jg2585	AT1G69860.1
OG0014697	jg2587	AT1G69880.1
OG0014698	jg2595	AT1G69935.1
OG0014699	jg2599	AT1G69980.1
OG0014700	jg2617	AT1G70090.1
OG0014701	jg2618	AT1G70100.3
OG0014702	jg2626	AT1G70150.1
OG0014703	jg2629	AT1G70180.2
OG0014704	jg2632	AT1G70200.1
OG0014705	jg2644	AT1G70330.1
OG0014706	jg2655	AT1G70470.1
OG0014707	jg2664	AT1G70520.1
OG0014708	jg2689	AT1G70750.1
OG0014709	jg2692	AT1G70780.1
OG0014710	jg2695	AT1G70810.1
OG0014711	jg2709	AT1G70900.1
OG0014712	jg21384	AT5G48470.1
OG0014713	jg2721	AT1G71015.1
OG0014714	jg2730	AT1G71090.1
OG0014715	jg2731	AT1G71100.1
OG0014716	jg2745	AT1G71210.1
OG0014717	jg2748	AT1G71240.1
OG0014718	jg2750	AT1G71260.1
OG0014719	jg2766	AT1G71350.1
OG0014720	jg2774	AT1G71420.1
OG0014721	jg2776	AT1G71440.1
OG0014722	jg2778	AT1G71460.1
OG0014723	jg2781	AT1G71490.1
OG0014724	jg2782	AT1G71500.1
OG0014725	jg2786	AT1G71690.1
OG0014726	jg2787	AT1G71691.2
OG0014727	jg2794	AT1G71720.1
OG0014728	jg2795	AT1G71730.1
OG0014729	jg2796	AT1G71740.1
OG0014730	jg2797	AT1G71750.2
OG0014731	jg2798	AT1G71760.2
OG0014732	jg2803	AT1G71810.1
OG0014733	jg2808	AT1G71850.1
OG0014734	jg2838	AT1G72100.1
OG0014735	jg2882	AT1G72480.1
OG0014736	jg2886	AT1G72520.1
OG0014737	jg2890	AT1G72560.1
OG0014739	jg2897	AT1G72640.1
OG0014740	jg2902	AT1G72680.1
OG0014741	jg2907	AT1G72720.1
OG0014742	jg20851, jg2934	AT5G43600.1
OG0014743	jg2938	AT1G72980.1
OG0014744	jg2939	AT1G72990.1
OG0014745	jg2944	AT1G73040.1
OG0014746	jg2949	AT1G73090.2
OG0014747	jg2953	AT1G73130.1
OG0014748	jg2972	AT1G73320.1
OG0014749	jg2975	AT1G73340.1
OG0014750	jg2986	AT1G73470.3
OG0014751	jg2997	AT1G73580.1
OG0014752	jg2999	AT1G73600.2
OG0014753	jg3002	AT1G73610.1
OG0014754	jg3003	AT1G73620.1
OG0014755	jg3004	AT1G73630.1
OG0014756	jg3007	AT1G73655.1
OG0014757	jg3013	AT1G73710.1
OG0014758	jg3016	AT1G73740.1
OG0014759	jg3017	AT1G73750.2
OG0014760	jg3022	AT1G73810.1
OG0014761	jg3027	AT1G73850.1
OG0014762	jg3030	AT1G73875.1
OG0014763	jg3031	AT1G73880.1
OG0014764	jg3039	AT1G73950.1
OG0014765	jg3041	AT1G73965.1
OG0014766	jg3042	AT1G73970.1
OG0014767	jg3048	AT1G74020.1
OG0014768	jg3049	AT1G74030.1
OG0014769	jg3056	AT1G74055.1
OG0014770	jg3058	AT1G74070.1
OG0014771	jg3066	AT1G74150.1
OG0014772	jg3067	AT1G74160.1
OG0014773	jg3079	AT1G74250.1
OG0014774	jg3085	AT1G74320.1
OG0014775	jg3086	AT1G74330.1
OG0014776	jg3093	AT1G74410.1
OG0014777	jg3094	AT1G74420.3
OG0014778	jg3097	AT1G74450.1
OG0014779	jg3101	AT1G74480.1
OG0014780	jg3102	AT1G74490.1
OG0014781	jg3107	AT1G74540.1
OG0014782	jg3112	AT1G74600.1
OG0014783	jg3120	AT1G74680.1
OG0014784	jg3122	AT1G74700.1
OG0014785	jg3126	AT1G74740.1
OG0014786	jg3128	AT1G74770.1
OG0014787	jg3129	AT1G74780.1
OG0014788	jg3150	AT1G74990.1
OG0014789	jg3151	AT1G75000.1
OG0014790	jg3152	AT1G75010.1
OG0014791	jg3161	AT1G75090.1
OG0014792	jg3169	AT1G75170.1
OG0014793	jg3179	AT1G75260.1
OG0014794	jg3181	AT1G75270.1
OG0014795	jg3193	AT1G75370.2
OG0014796	jg3197	AT1G75400.1
OG0014797	jg3198	AT1G75410.1
OG0014799	jg3201	AT1G75430.1
OG0014800	jg3210	AT1G75530.1
OG0014801	jg3212	AT1G75550.2
OG0014802	jg3213	AT1G75560.1
OG0014803	jg3223	AT1G75640.1
OG0014804	jg3243	AT1G75850.1
OG0014805	jg3258	AT1G76040.2
OG0014806	jg3259	AT1G76050.2
OG0014807	jg3263	AT1G76080.1
OG0014808	jg3266	AT1G76110.1
OG0014809	jg3267	AT1G76120.1
OG0014810	jg3268	AT1G76130.1
OG0014811	jg3281	AT1G76210.1
OG0014812	jg3282	AT1G76220.1
OG0014813	jg3284	AT1G76240.1
OG0014814	jg3285	AT1G76250.1
OG0014815	jg3288	AT1G76280.5
OG0014816	jg3292	AT1G76320.1
OG0014817	jg3294	AT1G76350.1
OG0014819	jg3299	AT1G76380.2
OG0014820	jg3300	AT1G76390.1
OG0014821	jg3301	AT1G76400.1
OG0014822	jg3308	AT1G76450.1
OG0014823	jg3318	AT1G76560.1
OG0014824	jg3322	AT1G76610.1
OG0014825	jg3324	AT1G76620.1
OG0014826	jg3328	AT1G76660.1
OG0014827	jg3336	AT1G76730.1
OG0014828	jg3358	AT1G76952.1
OG0014829	jg3361	AT1G76965.1
OG0014830	jg3368	AT1G77010.1
OG0014831	jg3379	AT1G77122.1
OG0014832	jg3385	AT1G77180.1
OG0014833	jg3387	AT1G77210.1
OG0014834	jg3389	AT1G77230.1
OG0014835	jg3400	AT1G77320.3
OG0014836	jg3405	AT1G77370.2
OG0014837	jg3413	AT1G77450.1
OG0014838	jg3416	AT1G77480.1
OG0014839	jg3418	AT1G77500.1
OG0014840	jg3424	AT1G77550.1
OG0014841	jg3426	AT1G77580.2
OG0014842	jg3427	AT1G77590.1
OG0014843	jg3432	AT1G77630.1
OG0014844	jg3433	AT1G77640.1
OG0014845	jg3435	AT1G77670.1
OG0014846	jg3437	AT1G77680.1
OG0014847	jg3444	AT1G77730.1
OG0014848	jg3456	AT1G77855.1
OG0014849	jg3463	AT1G77890.1
OG0014850	jg3465	AT1G77930.1
OG0014851	jg3472	AT1G77990.1
OG0014852	jg3474	AT1G78010.1
OG0014853	jg3479	AT1G78070.1
OG0014854	jg3498	AT1G78210.1
OG0014855	jg3516	AT1G78400.1
OG0014856	jg3520	AT1G78430.1
OG0014857	jg3536	AT1G78560.1
OG0014858	jg3540	AT1G78610.1
OG0014859	jg3557	AT1G78770.1
OG0014860	jg3559	AT1G78790.1
OG0014861	jg3560	AT1G78800.1
OG0014862	jg3561	AT1G78810.1
OG0014863	jg3576	AT1G78915.3
OG0014864	jg3579	AT1G78922.1
OG0014865	jg3580	AT1G78930.1
OG0014866	jg3585	AT1G78980.1
OG0014867	jg3593	AT1G79060.1
OG0014868	jg3594	AT1G79070.1
OG0014869	jg3595	AT1G79080.1
OG0014870	jg3599	AT1G79120.1
OG0014871	jg3601	AT1G79130.1
OG0014872	jg3602	AT1G79150.1
OG0014873	jg3605	AT1G79190.2
OG0014874	jg3608	AT1G79220.1
OG0014875	jg3613	AT1G79250.1
OG0014876	jg3614	AT1G79260.2
OG0014877	jg3619	AT1G79320.1
OG0014878	jg3621	AT1G79340.1
OG0014879	jg3635	AT1G79470.1
OG0014880	jg3637	AT1G79490.1
OG0014881	jg3640	AT1G79520.2
OG0014882	jg3642	AT1G79540.1
OG0014883	jg3644	AT1G79560.1
OG0014884	jg3661	AT1G79700.2
OG0014885	jg3668	AT1G80910.1
OG0014886	jg3674	AT1G80860.1
OG0014887	jg3700	AT1G80630.1
OG0014888	jg3707	AT1G80570.2
OG0014889	jg3710	AT1G80555.2
OG0014890	jg3711	AT1G80550.1
OG0014891	jg3719	AT1G80480.1
OG0014892	jg3729	AT1G80400.1
OG0014893	jg3736	AT1G80340.1
OG0014894	jg3742	AT1G80290.2
OG0014895	jg3744	AT1G80270.1
OG0014896	jg3751	AT1G80180.1
OG0014897	jg3752	AT1G80170.1
OG0014898	jg3754	AT1G80160.3
OG0014899	jg3760	AT1G80100.3
OG0014900	jg3767	AT1G80030.1
OG0014901	jg3771	AT1G79990.1
OG0014902	jg3774	AT1G79960.1
OG0014903	jg3775	AT1G79950.1
OG0014904	jg3780	AT1G79900.1
OG0014905	jg3787	AT1G79830.4
OG0014906	jg3788	AT1G79820.1
OG0014907	jg3789	AT1G79810.1
OG0014908	jg3790	AT1G79800.1
OG0014909	jg3792	AT1G79780.1
OG0014910	jg3793	AT1G79770.1
OG0014911	jg3794	AT1G79760.2
OG0014912	jg3795	AT1G79750.1
OG0014913	jg23883	AT3G02060.1
OG0014914	jg23894	AT3G01960.1
OG0014915	jg23904	AT3G01860.1
OG0014916	jg23906	AT3G01840.1
OG0014917	jg23912	AT3G01820.1
OG0014918	jg23914	AT3G01800.1
OG0014919	jg23916	AT3G01780.1
OG0014920	jg23920	AT3G01740.1
OG0014921	jg23929	AT3G01660.1
OG0014922	jg23935	AT3G01600.1
OG0014923	jg23937	AT3G01580.1
OG0014924	jg23938	AT3G01570.1
OG0014925	jg23945	AT3G01510.1
OG0014926	jg23964	AT3G01330.1
OG0014927	jg23969	AT3G01320.1
OG0014928	jg23971	AT3G01311.1
OG0014929	jg23982	AT3G01210.1
OG0014930	jg23988	AT3G01170.1
OG0014931	jg24001	AT3G01060.1
OG0014932	jg24006, jg11069	AT3G01030.1
OG0014933	jg24009	AT3G01015.1
OG0014934	jg24016	AT3G02110.1
OG0014935	jg24017	AT3G02120.1
OG0014936	jg24018	AT3G02125.1
OG0014937	jg24024	AT3G02180.1
OG0014938	jg24027	AT3G02220.1
OG0014939	jg24044	AT3G02290.5
OG0014940	jg24045	AT3G02300.2
OG0014941	jg24059	AT3G02440.2
OG0014942	jg24060	AT3G02450.1
OG0014943	jg24061	AT3G02460.1
OG0014944	jg24068	AT3G02500.3
OG0014945	jg24072	AT3G02540.1
OG0014946	jg24084	AT3G02645.1
OG0014947	jg24091	AT3G02700.1
OG0014948	jg24093	AT3G02720.1
OG0014949	jg24101	AT3G02790.1
OG0014950	jg24104	AT3G02820.2
OG0014951	jg24108	AT3G02860.2
OG0014952	jg24111	AT3G02875.1
OG0014953	jg24114	AT3G02890.1
OG0014954	jg24118	AT3G02920.1
OG0014955	jg24119	AT3G02930.1
OG0014956	jg24121	AT3G02950.1
OG0014957	jg24144	AT3G03130.1
OG0014958	jg24153	AT3G03210.1
OG0014959	jg24159	AT3G03270.1
OG0014960	jg24196	AT3G03520.1
OG0014961	jg24203	AT3G03580.1
OG0014962	jg24217	AT3G03690.1
OG0014963	jg24222	AT3G03740.1
OG0014964	jg24226	AT3G03773.2
OG0014965	jg24244, jg10081	AT3G03880.1
OG0014966	jg24247	AT3G03900.1
OG0014967	jg24259	AT3G03970.1
OG0014968	jg24264	AT3G04020.1
OG0014969	jg24277	AT3G04130.1
OG0014970	jg24280	AT3G04140.1
OG0014971	jg24306	AT3G04260.1
OG0014973	jg24358	AT3G04720.1
OG0014974	jg24361	AT3G04750.1
OG0014975	jg24369	AT3G04810.1
OG0014976	jg24373	AT3G04850.1
OG0014977	jg24382	AT3G04940.1
OG0014978	jg24393	AT4G08630.1
OG0014979	jg24409	AT3G05130.1
OG0014980	jg24420	AT3G05210.1
OG0014981	jg24425	AT3G05250.1
OG0014982	jg24426	AT3G05260.1
OG0014983	jg24427	AT3G05270.1
OG0014984	jg24430	AT3G05310.1
OG0014985	jg24437	AT3G05340.1
OG0014986	jg24443	AT3G05400.1
OG0014987	jg24456	AT3G05510.1
OG0014988	jg24466	AT3G05570.1
OG0014989	jg24490	AT3G05720.1
OG0014990	jg24497	AT3G05750.1
OG0014991	jg24498	AT3G05760.1
OG0014992	jg24506	AT3G05820.2
OG0014993	jg24507	AT3G05830.2
OG0014994	jg24522	AT3G05940.1
OG0014995	jg24535	AT3G06030.1
OG0014996	jg24536	AT3G06040.1
OG0014997	jg24542	AT3G06110.2
OG0014998	jg24544	AT3G06130.1
OG0014999	jg24545	AT3G06140.1
OG0015000	jg24556	AT3G06240.1
OG0015001	jg24570	AT3G06360.1
OG0015002	jg24571	AT3G06370.3
OG0015003	jg24572	AT3G06380.1
OG0015004	jg24578	AT3G06430.1
OG0015005	jg24601	AT3G06560.1, AT5G02670.1
OG0015006	jg24612	AT3G66652.1
OG0015007	jg24623	AT3G06740.1
OG0015008	jg24626	AT3G06770.5
OG0015009	jg24634	AT3G06840.1
OG0015010	jg24635	AT3G06850.1
OG0015011	jg24637	AT3G06868.1
OG0015012	jg24644	AT3G06950.1
OG0015013	jg24645	AT3G06960.1
OG0015014	jg24654	AT3G07030.5
OG0015015	jg24656	AT3G07060.1
OG0015016	jg24665	AT3G07130.2
OG0015017	jg24666	AT3G07140.1
OG0015018	jg24673	AT3G07210.1
OG0015019	jg24693	AT3G07400.1
OG0015020	jg24703	AT3G07480.1
OG0015021	jg24705	AT3G07500.1
OG0015022	jg24707	AT3G07520.1
OG0015023	jg24708	AT3G07530.4
OG0015024	jg24710	AT3G07550.1
OG0015025	jg24713	AT3G07568.1
OG0015026	jg24720	AT3G07620.1
OG0015027	jg24722	AT3G07640.1
OG0015028	jg24725	AT3G07670.1
OG0015029	jg24728	AT3G07700.3
OG0015030	jg24730	AT3G07720.1
OG0015031	jg24744	AT3G07870.1
OG0015032	jg24750	AT3G07930.3
OG0015033	jg24758	AT3G08010.1
OG0015034	jg24770	AT3G08560.1
OG0015035	jg24779	AT3G08660.1
OG0015036	jg24781	AT3G08680.1
OG0015037	jg24791	AT3G08780.1
OG0015038	jg24795	AT3G08820.1
OG0015039	jg24811	AT3G08950.1
OG0015040	jg24813	AT3G08970.1
OG0015041	jg24817	AT3G08990.1
OG0015042	jg24825	AT3G09040.2
OG0015043	jg24829	AT3G09080.3
OG0015044	jg24844	AT3G09210.1
OG0015045	jg24848	AT3G09250.2
OG0015046	jg24854	AT3G09310.1
OG0015047	jg24872	AT3G09450.1
OG0015048	jg24873	AT3G09470.2
OG0015049	jg24879	AT3G09530.1
OG0015050	jg24880	AT3G09540.1
OG0015051	jg24884	AT3G09580.1
OG0015052	jg24885	AT3G09590.1
OG0015053	jg24893	AT3G09670.1
OG0015054	jg24897	AT3G09710.2
OG0015055	jg24898	AT3G09720.1
OG0015056	jg24899	AT3G09730.2
OG0015057	jg24912	AT3G09850.1
OG0015058	jg24913	AT3G09860.1
OG0015059	jg24917	AT3G09910.1
OG0015060	jg24920	AT3G09920.1
OG0015061	jg24925	AT3G09950.1
OG0015062	jg24937	AT3G10060.1
OG0015063	jg24938	AT3G10070.1
OG0015064	jg24939	AT3G10080.2
OG0015065	jg24949	AT3G10140.1
OG0015066	jg24950	AT3G10150.2
OG0015067	jg24957	AT3G10220.1
OG0015068	jg24965	AT3G10310.2
OG0015069	jg24970	AT3G10360.1
OG0015070	jg24974	AT3G10400.1
OG0015071	jg24977	AT3G10405.1
OG0015072	jg24981	AT3G10440.1
OG0015073	jg24996	AT3G10570.1
OG0015074	jg25005	AT3G10650.1
OG0015075	jg25010	AT3G10700.1
OG0015076	jg25023	AT3G10810.1
OG0015077	jg25025	AT3G10820.2
OG0015078	jg25027	AT3G10840.1
OG0015079	jg25036	AT3G10910.1
OG0015080	jg25040	AT3G10940.1
OG0015081	jg25047	AT3G10986.1
OG0015082	jg25057	AT3G11090.1
OG0015083	jg25062	AT3G11150.1
OG0015084	jg25073	AT3G11260.1
OG0015085	jg25081	AT3G11340.1
OG0015086	jg25089	AT3G11397.1
OG0015087	jg25091	AT3G11405.1
OG0015088	jg25111	AT3G11590.1
OG0015089	jg12617, jg25123	AT5G40150.1
OG0015090	jg25144	AT3G11920.1
OG0015091	jg25152	AT3G12000.1
OG0015092	jg25155	AT3G12020.2
OG0015093	jg25157	AT3G12040.1
OG0015094	jg25158	AT3G12050.1
OG0015095	jg25159	AT3G12060.1
OG0015096	jg25165	AT3G12100.1
OG0015097	jg25168	AT3G12120.1
OG0015098	jg25173	AT3G12145.1
OG0015099	jg25178	AT3G12200.2
OG0015100	jg25187	AT3G12300.1
OG0015101	jg25204	AT3G12500.1
OG0015102	jg25207	AT3G12530.1
OG0015103	jg25208	AT3G12540.1
OG0015104	jg25224	AT3G12685.1
OG0015105	jg25231	AT3G12750.1
OG0015106	jg25233	AT3G12770.1
OG0015107	jg25253	AT3G12940.2
OG0015108	jg25294	AT3G13220.1
OG0015109	jg25300	AT3G13226.1
OG0015110	jg25302	AT3G13229.1
OG0015111	jg25322	AT3G13420.3
OG0015112	jg25324	AT3G13430.1
OG0015113	jg25338	AT3G13550.1
OG0015114	jg25358	AT3G13677.1
OG0015115	jg25359, jg25383	AT3G13830.1, AT1G11810.1
OG0015116	jg25363	AT3G13700.1
OG0015117	jg25369	AT3G13770.1
OG0015118	jg25372	AT3G13780.1
OG0015119	jg25373	AT3G13782.1
OG0015120	jg25374	AT3G13784.2
OG0015121	jg25398	AT3G13940.1
OG0015122	jg25406	AT3G14010.5
OG0015123	jg25417	AT3G14090.1
OG0015124	jg25424	AT3G14170.2
OG0015125	jg25445	AT3G14330.1
OG0015126	jg25458	AT3G14450.1
OG0015127	jg25473	AT3G14580.1
OG0015128	jg25494	AT3G14760.1
OG0015129	jg25497	AT3G14810.1
OG0015130	jg25502	AT3G14860.2
OG0015131	jg25505	AT3G14880.1
OG0015132	jg25507	AT3G14900.1
OG0015133	jg25532	AT3G15110.1
OG0015134	jg25533	AT3G15115.1
OG0015135	jg25547	AT3G15240.2
OG0015136	jg25550	AT3G15270.1
OG0015138	jg25583	AT3G15410.2
OG0015139	jg25597	AT3G15518.1
OG0015140	jg25598	AT3G15520.1
OG0015141	jg25607	AT3G15620.1
OG0015142	jg25616	AT3G15700.1
OG0015143	jg25620	AT3G15760.1
OG0015144	jg25634	AT3G15900.1
OG0015145	jg25635	AT3G15920.1
OG0015146	jg25636	AT3G15940.1
OG0015147	jg25677	AT3G16260.1
OG0015148	jg25678	AT3G16270.1
OG0015149	jg25682	AT3G16310.1
OG0015150	jg25688	AT3G16370.1
OG0015151	jg25719	AT3G16560.1
OG0015152	jg25720	AT3G16565.3
OG0015153	jg25729	AT3G16600.1
OG0015154	jg25740	AT3G16700.1
OG0015155	jg25741	AT3G16710.1
OG0015156	jg25746	AT3G16760.1
OG0015157	jg25752	AT3G16810.1
OG0015158	jg25764	AT3G16860.1
OG0015159	jg25777	AT3G16990.1
OG0015160	jg25781	AT3G17030.1
OG0015161	jg25790	AT3G17090.1
OG0015164	jg25807	AT3G17180.1
OG0015165	jg25820	AT3G17250.1
OG0015166	jg25829	AT3G17310.1
OG0015167	jg25843	AT3G17380.1
OG0015168	jg25865	AT3G17630.1
OG0015169	jg25875	AT3G17680.2
OG0015170	jg25899	AT3G17830.1
OG0015171	jg25903	AT3G17880.1
OG0015172	jg25913	AT3G17930.1
OG0015173	jg25924	AT3G18035.1
OG0015174	jg25925	AT3G18040.3
OG0015175	jg25944	AT3G18220.1
OG0015176	jg25948	AT3G18260.1
OG0015177	jg25968	AT3G18370.1
OG0015178	jg25976	AT3G18450.1
OG0015179	jg25983	AT3G18518.1
OG0015180	jg26005	AT3G18730.1
OG0015181	jg26020	AT3G18840.2
OG0015182	jg26023	AT3G18870.1
OG0015183	jg26025	AT3G18890.1
OG0015184	jg26034	AT3G18960.1, AT4G01580.1
OG0015185	jg26035	AT3G18970.1
OG0015186	jg26042	AT3G19050.1
OG0015187	jg26045	AT3G19080.3
OG0015188	jg26049	AT3G19120.1
OG0015189	jg26054	AT3G19180.1
OG0015190	jg26055	AT3G19184.2
OG0015191	jg26057	AT3G19200.1
OG0015192	jg26058	AT3G19210.1
OG0015193	jg26059	AT3G19220.1
OG0015194	jg26081	AT3G19430.2
OG0015195	jg26085	AT3G19440.1
OG0015196	jg26086	AT3G19450.1
OG0015197	jg26107	AT3G19610.1
OG0015198	jg26108	AT3G19620.1
OG0015199	jg26110	AT3G19630.1
OG0015200	jg26118	AT3G19700.1
OG0015201	jg26126	AT3G19800.1
OG0015202	jg26133	AT3G19860.2
OG0015203	jg26138	AT3G19900.1
OG0015204	jg26150	AT3G20015.1
OG0015205	jg26154	AT3G20040.1
OG0015206	jg26164	AT3G20150.1
OG0015207	jg26175	AT3G20230.1
OG0015208	jg26177	AT3G20250.2
OG0015209	jg26201	AT3G20440.2
OG0015210	jg26204	AT3G20470.1
OG0015211	jg26205	AT3G20475.1
OG0015212	jg26206	AT3G20480.1
OG0015213	jg26208	AT3G20500.1
OG0015214	jg26231	AT3G20680.1
OG0015215	jg26250	AT3G20810.2
OG0015216	jg26252	AT3G20830.1
OG0015217	jg26255	AT3G20860.1
OG0015218	jg26283	AT3G21090.1
OG0015219	jg26312	AT3G21260.3
OG0015220	jg26316	AT3G21290.1
OG0015221	jg26320	AT3G21310.1
OG0015222	jg26322	AT3G21330.1
OG0015223	jg26324	AT3G21350.2
OG0015224	jg26327	AT3G21360.1
OG0015225	jg26349	AT3G21530.1
OG0015226	jg26350	AT3G21540.1
OG0015227	jg26353	AT3G21570.1
OG0015228	jg26354	AT3G21580.1
OG0015229	jg26362	AT3G21650.1
OG0015230	jg26424	AT3G22060.1
OG0015231	jg26435	AT3G22150.1
OG0015232	jg26444	AT3G22210.1
OG0015233	jg26474	AT3G22430.1
OG0015234	jg26475	AT3G22440.1
OG0015235	jg26476	AT3G22450.1
OG0015236	jg26490	AT3G22590.1
OG0015237	jg26496	AT3G22650.2
OG0015238	jg26512	AT3G22760.1
OG0015239	jg26513	AT3G22780.1
OG0015240	jg26518	AT3G22830.1
OG0015241	jg26521	AT3G22850.1
OG0015242	jg26562	AT3G23160.1
OG0015243	jg26565	AT3G23175.1
OG0015244	jg26587	AT3G23340.1
OG0015245	jg26590	AT3G23370.1
OG0015246	jg26598	AT3G23440.1
OG0015247	jg26609	AT3G23590.1
OG0015248	jg26633	AT3G23700.1
OG0015249	jg26634	AT3G23710.1
OG0015250	jg26642	AT3G23790.1
OG0015251	jg26668	AT3G24240.1
OG0015252	jg26675	AT3G24190.1
OG0015253	jg26705, jg26704, jg26706	AT3G24068.1
OG0015253	jg26707	AT3G24065.1
OG0015254	jg26709	AT3G24050.1
OG0015255	jg26710	AT3G24040.1
OG0015256	jg26713	AT3G24010.1
OG0015257	jg26741	AT3G24330.1
OG0015258	jg26749	AT3G24430.1
OG0015259	jg26750	AT3G24440.1
OG0015260	jg26758	AT3G24490.1
OG0015261	jg26759	AT3G24495.1
OG0015262	jg26778	AT3G24560.2
OG0015263	jg26787	AT3G24590.2
OG0015264	jg26788	AT3G24600.1
OG0015265	jg26802	AT3G24670.1
OG0015266	jg26808	AT3G24730.1
OG0015267	jg26819	AT3G24790.2
OG0015268	jg26823	AT3G24820.1
OG0015269	jg26831	AT3G24860.1
OG0015270	jg26841	AT3G25030.1
OG0015271	jg26844	AT3G25060.1
OG0015272	jg26849	AT3G25110.1
OG0015273	jg26850	AT3G25120.1
OG0015274	jg26851	AT3G25130.1
OG0015275	jg26853	AT3G25150.2
OG0015276	jg26866	AT3G25210.1
OG0015277	jg26870	AT3G25230.2
OG0015278	jg26871	AT3G25240.1
OG0015279	jg26874	AT3G25250.1
OG0015280	jg26881	AT3G25430.1
OG0015281	jg26882	AT3G25440.1
OG0015282	jg26906	AT2G04039.3
OG0015283	jg26923	AT2G04235.1
OG0015284	jg26941	AT2G04305.1
OG0015285	jg26942	AT2G04350.1
OG0015286	jg26943	AT2G04360.2
OG0015287	jg26969	AT2G04530.1
OG0015288	jg26972	AT2G04560.1
OG0015289	jg26974	AT2G04570.1
OG0015290	jg26996	AT2G04780.1
OG0015291	jg27002	AT2G04842.1
OG0015292	jg27003	AT2G04845.1
OG0015293	jg27005	AT2G04860.1
OG0015294	jg27011	AT2G04900.1
OG0015295	jg27024	AT2G04940.1
OG0015296	jg27029	AT2G05120.2
OG0015297	jg27039	AT2G05260.1
OG0015298	jg27045	AT2G05320.1
OG0015299	jg27093	AT2G05790.1
OG0015300	jg27123	AT2G05910.1
OG0015301	jg27129	AT2G05920.1
OG0015302	jg27136	AT2G05940.1
OG0015303	jg27139	AT2G06000.1
OG0015304	jg27175	AT2G06200.2
OG0015305	jg27201	AT2G06925.1
OG0015306	jg27215	AT2G06990.1
OG0015307	jg27216	AT2G07020.1
OG0015308	jg27350	AT2G10970.1
OG0015309	jg27351	AT2G11000.1
OG0015310	jg27389	AT2G13290.1
OG0015311	jg27397	AT2G13540.1
OG0015312	jg27409	AT2G13690.1
OG0015313	jg27415	AT2G13810.1
OG0015314	jg27420	AT2G14045.1
OG0015315	jg27429	AT2G14095.1
OG0015316	jg27446	AT2G14210.2
OG0015317	jg27447	AT2G14247.1
OG0015318	jg27448	AT2G14255.1
OG0015319	jg27449	AT2G14260.1
OG0015320	jg27474	AT2G14530.1
OG0015321	jg27485	AT2G14620.1
OG0015322	jg27488	AT2G14660.1
OG0015323	jg27494	AT2G14680.2
OG0015324	jg27506	AT2G14760.3
OG0015325	jg27508	AT3G02010.1
OG0015326	jg27512	AT2G14820.1
OG0015327	jg27535	AT2G14960.1
OG0015328	jg27539	AT2G15020.1
OG0015329	jg27546	AT2G15090.1
OG0015330	jg27556	AT2G15270.1
OG0015331	jg27560	AT2G15300.1
OG0015332	jg27562	AT2G15310.1
OG0015333	jg27563	AT2G15320.1
OG0015334	jg27580	AT2G15570.2
OG0015335	jg27581	AT2G15580.1
OG0015336	jg27589	AT2G15630.1
OG0015337	jg27615	AT2G15820.1
OG0015338	jg13004	AT4G20947.1
OG0015338	jg27627	AT4G20520.1, AT4G20700.1, AT4G20707.1, AT4G20650.1, AT4G20565.1, AT4G20545.1, AT4G20575.1, AT4G20555.1, AT4G20535.1
OG0015339	jg27631, jg23309	AT5G63390.1
OG0015340	jg27647	AT2G16060.1
OG0015341	jg27694	AT2G16380.1
OG0015342	jg27696	AT2G16400.1
OG0015343	jg27697	AT2G16405.1
OG0015344	jg27700	AT2G16440.1
OG0015345	jg27777	AT2G16800.1
OG0015346	jg27781	AT2G16860.1
OG0015347	jg27783	AT2G16880.1
OG0015348	jg27803	AT2G17020.1
OG0015349	jg27834	AT2G17130.1
OG0015350	jg27836	AT2G17150.1
OG0015351	jg27844	AT2G17210.1
OG0015352	jg27847	AT2G17230.1
OG0015353	jg27867	AT2G17410.1
OG0015354	jg27881	AT2G17510.2
OG0015355	jg27884	AT2G17530.1
OG0015356	jg27887	AT2G17550.1
OG0015357	jg27899	AT2G17670.1
OG0015358	jg27918	AT2G17820.1
OG0015359	jg20868, jg27927	AT2G17900.1
OG0015360	jg27933	AT2G17972.1
OG0015361	jg27951	AT2G18050.1
OG0015362	jg27955	AT2G18100.1
OG0015363	jg27980	AT2G18210.1
OG0015364	jg27981	AT2G18220.1
OG0015365	jg27983	AT2G18240.1
OG0015366	jg27987	AT2G18290.1
OG0015367	jg27998	AT2G18370.1
OG0015368	jg28004	AT2G18410.1
OG0015369	jg28015	AT2G18520.1
OG0015370	jg28019	AT2G18540.2
OG0015371	jg28048	AT2G18700.1
OG0015372	jg28049	AT2G18710.1
OG0015373	jg28055	AT2G18760.3
OG0015374	jg28067	AT2G18900.1
OG0015375	jg28071	AT2G18950.1
OG0015376	jg28079	AT2G18969.1
OG0015377	jg28115	AT2G19280.1
OG0015378	jg28117	AT2G19320.1
OG0015379	jg28118	AT2G19330.1
OG0015380	jg28122	AT2G19385.1
OG0015381	jg28127	AT2G19430.1
OG0015382	jg28160	AT2G19640.2
OG0015383	jg28186	AT2G19870.1
OG0015384	jg28190	AT2G19900.1
OG0015385	jg28209	AT2G20000.1
OG0015386	jg28222	AT2G20120.1
OG0015387	jg28246	AT2G20310.1
OG0015388	jg28255	AT2G20390.1
OG0015389	jg28257	AT2G20410.1
OG0015390	jg28269	AT2G20500.1
OG0015391	jg28271	AT2G20515.1
OG0015392	jg28281	AT2G20590.1
OG0015393	jg28284	AT2G20610.1
OG0015394	jg28296	AT2G20725.1
OG0015395	jg28297	AT2G20740.1
OG0015396	jg28299	AT2G20760.1
OG0015397	jg28301	AT2G20780.1
OG0015398	jg28314	AT2G20830.2
OG0015399	jg28320	AT2G20870.1
OG0015400	jg16501	AT2G20950.7
OG0015401	jg16504	AT2G20980.1
OG0015402	jg16505	AT2G20990.3
OG0015403	jg16507	AT2G21045.1
OG0015404	jg16517	AT2G21140.1
OG0015405	jg16522	AT2G21185.1
OG0015406	jg16524	AT2G21195.4
OG0015407	jg16541	AT2G21280.2
OG0015408	jg16548	AT2G21350.1
OG0015409	jg16549	AT2G21370.1
OG0015410	jg16553	AT2G21380.1
OG0015411	jg16566	AT2G21490.1
OG0015412	jg16571	AT2G21530.1
OG0015413	jg16573	AT2G21550.1
OG0015414	jg16579	AT2G21620.2
OG0015415	jg16602	AT2G21860.1
OG0015416	jg16621	AT2G21950.1
OG0015417	jg16623	AT2G21960.1
OG0015418	jg16624	AT2G21970.1
OG0015419	jg16625	AT2G21990.1
OG0015420	jg16633	AT2G22070.1
OG0015421	jg16636	AT2G22100.1
OG0015422	jg16650	AT2G22190.1
OG0015423	jg16651	AT2G22200.1
OG0015424	jg16655	AT2G22260.6
OG0015425	jg16657	AT2G22270.1
OG0015426	jg16659	AT2G22300.1
OG0015427	jg16664	AT2G22360.1
OG0015428	jg16668	AT2G22410.1
OG0015429	jg16671	AT2G22450.1
OG0015430	jg16675	AT2G22480.1
OG0015431	jg16688	AT2G22610.3
OG0015432	jg16689	AT2G22620.1
OG0015433	jg16692	AT2G22660.2
OG0015434	jg16695	AT2G22670.4
OG0015435	jg16696	AT2G22680.1
OG0015436	jg16711	AT2G22800.1
OG0015437	jg16723	AT2G22860.1
OG0015439	jg16735	AT2G22942.1
OG0015440	jg16763	AT2G23150.1
OG0015441	jg16776	AT2G23230.2
OG0015442	jg16786	AT2G23290.1
OG0015443	jg16787	AT2G23300.1
OG0015444	jg16790	AT2G23320.1
OG0015445	jg16797	AT2G23370.1
OG0015446	jg16798	AT2G23380.1
OG0015447	jg16799	AT2G23390.1
OG0015448	jg16807	AT2G23460.1
OG0015449	jg16808	AT2G23470.1
OG0015450	jg16812	AT2G23520.1
OG0015451	jg16828	AT2G23660.1
OG0015452	jg16830	AT2G23670.1
OG0015453	jg16835	AT2G23755.1
OG0015454	jg16840	AT2G23780.1
OG0015455	jg16848	AT2G23890.2
OG0015456	jg16854	AT2G23945.1
OG0015457	jg16858	AT2G23970.1
OG0015458	jg16864	AT2G24020.1
OG0015459	jg16877	AT2G24100.1
OG0015460	jg16895	AT2G24230.1
OG0015461	jg16916	AT2G24350.1
OG0015462	jg16920	AT2G24390.1
OG0015463	jg16936	AT2G24490.1
OG0015464	jg16951	AT2G24570.1
OG0015465	jg16958	AT2G24580.1
OG0015466	jg17016	AT2G24830.1
OG0015467	jg17023	AT2G24860.1
OG0015468	jg17029	AT2G24960.1
OG0015469	jg17046	AT2G25080.1
OG0015470	jg17055	AT2G25130.1
OG0015471	jg17056	AT2G25140.1
OG0015473	jg17081	AT2G25260.1
OG0015474	jg17086	AT2G25270.1
OG0015475	jg17117	AT2G25460.2
OG0015476	jg17128	AT2G25490.1
OG0015477	jg17132	AT2G25530.1
OG0015478	jg17136	AT2G25560.1
OG0015479	jg17139	AT2G25580.1
OG0015480	jg17143	AT2G25605.1
OG0015481	jg17145	AT2G25620.1
OG0015483	jg17179	AT2G25770.1
OG0015484	jg17184	AT2G25790.1
OG0015485	jg17185	AT2G25800.1
OG0015486	jg17190	AT2G25810.1
OG0015487	jg17200	AT2G25850.2
OG0015488	jg17230	AT2G25950.1
OG0015489	jg17237	AT2G26040.1
OG0015490	jg17242	AT2G26100.1
OG0015491	jg17249	AT2G26110.1
OG0015492	jg17297	AT2G26190.1
OG0015493	jg17302	AT2G26200.1
OG0015494	jg17307	AT2G26210.1
OG0015495	jg17312	AT2G26260.1
OG0015496	jg17313	AT2G26270.1
OG0015497	jg17323	AT2G26300.1
OG0015498	jg17328	AT2G26330.1
OG0015499	jg17339	AT2G26360.1
OG0015500	jg17354	AT2G26450.1
OG0015501	jg17358	AT2G26460.1
OG0015502	jg17371	AT2G26500.1
OG0015503	jg17378	AT2G26550.1
OG0015504	jg17381	AT2G26570.1
OG0015505	jg17426	AT2G26590.1
OG0015506	jg17432	AT2G26580.1
OG0015507	jg17433	AT2G26600.1
OG0015508	jg17436	AT2G26650.1
OG0015509	jg17444	AT2G26695.1
OG0015510	jg17447	AT2G26700.1
OG0015511	jg17451	AT2G26710.1
OG0015512	jg17504	AT2G26770.1
OG0015513	jg17506	AT2G26780.1
OG0015514	jg17507	AT2G26790.1
OG0015515	jg17515	AT2G26830.1
OG0015516	jg17519	AT2G26840.2
OG0015517	jg17542	AT2G26940.1
OG0015518	jg17585	AT2G27130.1
OG0015519	jg17589	AT2G27140.1
OG0015520	jg17591	AT2G27150.1
OG0015521	jg17613	AT2G27200.1
OG0015522	jg17617	AT2G27220.2
OG0015523	jg17629	AT2G27270.1
OG0015524	jg17637	AT2G27330.1
OG0015525	jg17645	AT2G27380.1
OG0015526	jg17646	AT2G27385.1
OG0015527	jg17660	AT2G27480.1
OG0015528	jg17706	AT2G27760.1
OG0015529	jg17715	AT2G27800.1, AT5G27300.1
OG0015530	jg17718	AT2G27820.1
OG0015531	jg17719	AT2G27830.1
OG0015532	jg17725	AT2G27880.1
OG0015533	jg17727	AT2G27920.1
OG0015534	jg17731	AT2G27950.1
OG0015535	jg17754	AT2G28060.1
OG0015536	jg17758	AT2G28080.1
OG0015537	jg17761	AT2G28100.1
OG0015538	jg17765	AT2G28130.1
OG0015539	jg17766	AT2G28140.1
OG0015540	jg17768	AT2G28150.1
OG0015541	jg17773	AT2G28190.1
OG0015542	jg17785	AT2G28250.1
OG0015543	jg17789	AT2G28290.5
OG0015544	jg17793	AT2G28320.1
OG0015545	jg17799	AT2G28360.1
OG0015546	jg17800	AT2G28370.1
OG0015547	jg17803	AT2G28400.1
OG0015548	jg17814	AT2G28490.1
OG0015549	jg17826	AT2G28550.3
OG0015550	jg17829	AT2G28570.1
OG0015551	jg17830	AT2G28590.1
OG0015552	jg17842	AT2G28660.1
OG0015553	jg17860	AT2G28810.1
OG0015554	jg17869, jg17868	AT2G28900.1
OG0015556	jg17903	AT2G29070.2
OG0015557	jg17908	AT2G29130.1
OG0015558	jg17968	AT2G29510.1
OG0015559	jg17973	AT2G29560.1
OG0015560	jg17983	AT2G29620.1
OG0015561	jg17984	AT2G29630.1
OG0015562	jg17986	AT2G29650.1
OG0015563	jg17998	AT2G29760.1
OG0015564	jg18031	AT2G29970.1
OG0015565	jg18042	AT2G30080.1
OG0015566	jg18045	AT2G30105.1
OG0015567	jg18059	AT2G30170.1
OG0015568	jg18068	AT2G30270.1
OG0015569	jg18074	AT2G30330.1
OG0015570	jg18087	AT2G30440.1
OG0015571	jg18096	AT2G30550.2
OG0015572	jg18099	AT2G30575.1
OG0015573	jg18102	AT2G30600.5
OG0015574	jg18111	AT2G30680.1
OG0015575	jg18120	AT2G30720.1
OG0015576	jg18130	AT2G30800.1
OG0015577	jg18137	AT2G30870.1
OG0015578	jg18138	AT2G30880.1
OG0015579	jg18142	AT2G30920.1
OG0015580	jg18144	AT2G30933.1
OG0015581	jg18145	AT2G30940.2
OG0015582	jg18151	AT2G30990.1
OG0015583	jg18159	AT2G31060.3
OG0015584	jg18160	AT2G31070.1
OG0015585	jg18163	AT2G31100.1
OG0015586	jg18167	AT2G31140.1
OG0015587	jg18188	AT2G31280.3
OG0015588	jg18194	AT2G31340.1
OG0015589	jg18206	AT2G31450.1
OG0015590	jg18216	AT2G31530.1
OG0015591	jg18226	AT2G31650.1
OG0015592	jg18236	AT2G31725.1
OG0015593	jg18252	AT2G31870.1
OG0015594	jg18255	AT2G31900.2
OG0015595	jg18257	AT2G31920.1
OG0015596	jg18276	AT2G32040.1
OG0015597	jg18293	AT2G32230.1
OG0015598	jg18300	AT2G32295.1
OG0015599	jg18313	AT2G32415.3
OG0015600	jg18318	AT2G32480.1
OG0015601	jg18329	AT2G32580.1
OG0015602	jg18335	AT2G32630.1
OG0015603	jg18350	AT2G32740.1
OG0015604	jg18361	AT2G32810.1
OG0015605	jg18364	AT2G32840.1
OG0015606	jg18366	AT2G32860.2
OG0015607	jg18369	AT2G32885.1
OG0015608	jg18376	AT2G32930.2
OG0015609	jg18422	AT2G33260.2
OG0015610	jg18431	AT2G33330.1
OG0015611	jg18444	AT2G33460.1
OG0015612	jg18455	AT2G33580.1
OG0015613	jg18457	AT2G33590.1
OG0015614	jg18458	AT2G33610.1
OG0015615	jg18461	AT2G33640.1
OG0015616	jg18474	AT2G33735.1
OG0015617	jg18480	AT2G33775.1
OG0015618	jg18484	AT2G33793.1
OG0015619	jg18491	AT2G33840.1
OG0015620	jg18493	AT2G33847.1
OG0015621	jg18498	AT2G33880.2
OG0015622	jg18504	AT2G34010.1
OG0015623	jg18515	AT2G34140.1
OG0015624	jg18516	AT2G34150.2
OG0015625	jg18518	AT2G34170.1
OG0015626	jg18520	AT2G34190.1
OG0015627	jg18521	AT2G34200.1
OG0015629	jg18548	AT2G34460.1
OG0015630	jg18556	AT2G34540.2
OG0015631	jg18607	AT2G34900.1
OG0015632	jg18608	AT2G34910.1
OG0015633	jg18612	AT2G34940.1
OG0015634	jg18613	AT2G34960.1
OG0015635	jg18618	AT2G35010.1
OG0015636	jg18622	AT2G35040.1
OG0015637	jg18626	AT2G35100.1
OG0015638	jg18627	AT2G35110.1
OG0015639	jg18631	AT2G35150.1
OG0015640	jg18639	AT2G35200.1
OG0015641	jg18659	AT2G35360.1
OG0015642	jg18663	AT2G35410.1
OG0015643	jg18669	AT2G35450.1
OG0015644	jg18672	AT2G35480.1
OG0015645	jg18673	AT2G35490.1
OG0015646	jg18674	AT2G35500.1
OG0015647	jg18679	AT2G35540.1
OG0015648	jg18684	AT2G35585.1
OG0015649	jg18703	AT2G35700.1
OG0015650	jg18706	AT2G35720.1
OG0015651	jg18713	AT2G35795.1
OG0015652	jg18746	AT2G36145.1
OG0015653	jg18755	AT2G36240.1
OG0015654	jg18760	AT2G36290.1
OG0015655	jg18763	AT2G36305.1
OG0015656	jg18766	AT2G36325.1
OG0015657	jg18767	AT2G36330.1
OG0015658	jg18772	AT2G36370.1
OG0015659	jg18778	AT2G36430.1
OG0015660	jg18800	AT2G36630.1
OG0015661	jg18801	AT2G36640.1
OG0015662	jg18811	AT2G36710.1
OG0015663	jg18814	AT2G36730.1
OG0015664	jg18815	AT2G36740.1
OG0015665	jg18825	AT2G36850.1
OG0015666	jg18828	AT2G36885.1
OG0015667	jg18834	AT2G36920.1
OG0015667	jg7873	AT4G02870.1
OG0015668	jg18839	AT2G36960.3
OG0015669	jg18847	AT2G37025.1
OG0015670	jg18855	AT2G37090.1
OG0015671	jg18856	AT2G37100.1
OG0015672	jg18865	AT2G37195.2
OG0015673	jg18871	AT2G37230.1
OG0015674	jg18873	AT2G37240.1
OG0015675	jg18880	AT2G37310.1
OG0015676	jg18908	AT2G37510.2
OG0015677	jg18913	AT2G37560.1
OG0015678	jg18916	AT2G37585.1
OG0015679	jg18922	AT2G37640.1
OG0015680	jg18924	AT2G37660.1
OG0015681	jg18930	AT2G37680.2
OG0015682	jg18936	AT2G37730.1
OG0015683	jg18939	AT2G37760.1
OG0015684	jg18947	AT2G37820.1
OG0015685	jg18970	AT2G38025.1
OG0015686	jg18973	AT2G38050.1
OG0015687	jg18975	AT2G38070.1
OG0015688	jg18978	AT2G38100.3
OG0015689	jg18981	AT2G38130.1
OG0015690	jg18982	AT2G38140.1
OG0015691	jg18986	AT2G38160.3
OG0015692	jg19011	AT2G38340.1
OG0015693	jg19026	AT2G38440.1
OG0015694	jg19028	AT2G38450.1
OG0015695	jg19032	AT2G38480.1
OG0015696	jg19039	AT2G38550.1
OG0015697	jg19041	AT2G38570.1
OG0015698	jg19051	AT2G38680.1
OG0015699	jg19053	AT2G38695.3
OG0015700	jg19062	AT2G38780.6
OG0015701	jg19069	AT2G38860.2
OG0015702	jg19072	AT2G38890.3
OG0015703	jg19074	AT2G38910.1
OG0015704	jg19078	AT2G38950.1
OG0015705	jg19088	AT2G39040.1
OG0015706	jg19093	AT2G39090.1
OG0015707	jg19094	AT2G39100.1
OG0015708	jg19109, jg19158	AT2G39415.1
OG0015709	jg19116	AT2G39360.1
OG0015710	jg19136	AT2G39180.1
OG0015711	jg19137	AT2G39170.1
OG0015712	jg19161	AT2G39435.1
OG0015713	jg19177	AT2G39550.1
OG0015714	jg19179	AT2G39570.1
OG0015715	jg19180	AT2G39580.2
OG0015716	jg19184	AT2G39640.1
OG0015717	jg19185	AT2G39650.1
OG0015718	jg19187	AT2G39670.2
OG0015719	jg19200	AT2G39780.1
OG0015720	jg19219	AT2G39880.1
OG0015721	jg19222	AT2G39910.1
OG0015722	jg19224	AT2G39920.1
OG0015723	jg19227	AT2G39950.1
OG0015724	jg19239	AT2G40030.1
OG0015725	jg19249	AT2G40110.1
OG0015726	jg19258	AT2G40140.1
OG0015727	jg19261	AT2G40160.2
OG0015728	jg19298	AT2G40390.1
OG0015729	jg19299	AT2G40400.1
OG0015730	jg19300	AT2G40410.2
OG0015731	jg19305	AT2G40435.1
OG0015732	jg19312	AT2G40480.1
OG0015733	jg19329	AT2G40630.1
OG0015734	jg19332	AT2G40660.1
OG0015735	jg19334	AT2G40690.1
OG0015736	jg19335	AT2G40700.1
OG0015737	jg19337	AT2G40720.1
OG0015738	jg19354	AT2G40850.1
OG0015739	jg19368	AT2G40930.1
OG0015740	jg19370	AT2G40940.1
OG0015741	jg19373	AT2G40970.1
OG0015742	jg19379	AT2G41000.2
OG0015743	jg19382	AT2G41040.1
OG0015744	jg19386	AT2G41080.1
OG0015745	jg19388	AT2G41120.1
OG0015746	jg19396	AT2G41200.1
OG0015747	jg19401	AT2G41250.1
OG0015748	jg19429	AT2G41450.1
OG0015749	jg19438	AT2G41520.1
OG0015750	jg19444	AT2G41610.1
OG0015751	jg19448	AT2G41640.1
OG0015752	jg19461	AT2G41720.1
OG0015753	jg19465	AT2G41760.1
OG0015754	jg19492	AT2G41950.1
OG0015755	jg19499	AT2G42005.1
OG0015756	jg19512	AT2G42130.4
OG0015757	jg19517	AT2G42160.1
OG0015758	jg19524	AT2G42230.2
OG0015759	jg19525	AT2G42240.4
OG0015760	jg19527	AT2G42260.1
OG0015761	jg19530	AT2G42290.1
OG0015762	jg19532	AT2G42320.1
OG0015763	jg19539	AT2G42360.1
OG0015764	jg19549	AT2G42450.1
OG0015765	jg19576	AT2G42600.1
OG0015766	jg19581	AT2G42660.1
OG0015767	jg19584	AT2G42690.1
OG0015768	jg19592	AT2G42750.1
OG0015769	jg19593	AT2G42760.1
OG0015770	jg19599	AT2G42800.1
OG0015771	jg19602	AT2G42830.2
OG0015772	jg19606	AT2G42850.1
OG0015773	jg19616	AT2G42920.1
OG0015774	jg19620	AT2G42960.1
OG0015775	jg19627	AT2G43030.1
OG0015776	jg19631	AT2G43070.4
OG0015777	jg19634	AT2G43100.1
OG0015778	jg19645	AT2G43200.1
OG0015779	jg19659	AT2G43280.1
OG0015780	jg19661	AT2G43310.1
OG0015781	jg19665	AT2G43350.1
OG0015783	jg19674	AT2G43400.1
OG0015784	jg19680	AT2G43465.1
OG0015785	jg19683	AT2G43480.1
OG0015786	jg19734	AT2G43870.1
OG0015787	jg19747	AT2G43990.1
OG0015788	jg19749	AT2G44020.1
OG0015789	jg19756	AT2G44090.1
OG0015790	jg19758	AT2G44110.2
OG0015791	jg19761	AT2G44140.1
OG0015792	jg19775	AT2G44250.1
OG0015793	jg19776	AT2G44260.2
OG0015794	jg19781	AT2G44310.1
OG0015795	jg19782	AT2G44330.1
OG0015796	jg19786	AT2G44360.1
OG0015797	jg19806	AT2G44500.1
OG0015798	jg19817	AT2G44600.1
OG0015799	jg19824	AT2G44660.1
OG0015800	jg19830	AT2G44710.1
OG0015801	jg19831	AT2G44730.1
OG0015802	jg19856	AT2G44920.2
OG0015803	jg19866	AT2G45000.1
OG0015804	jg19868	AT2G45010.1
OG0015805	jg19871	AT2G45040.1
OG0015806	jg19883, jg14577	AT3G47730.1
OG0015807	jg19902	AT2G45150.1
OG0015808	jg19906	AT2G45180.1
OG0015809	jg19909	AT2G45210.1
OG0015810	jg19928, jg19918	AT2G45350.1
OG0015811	jg19925	AT2G45320.1
OG0015812	jg19938	AT2G45460.3
OG0015813	jg19946	AT2G45530.1
OG0015814	jg19954	AT2G45600.1
OG0015815	jg19955	AT2G45610.1
OG0015816	jg19956	AT2G45620.1
OG0015817	jg19965	AT2G45700.1
OG0015818	jg19983	AT2G45860.1
OG0015819	jg19985	AT2G45880.1
OG0015820	jg19996	AT2G45970.1
OG0015821	jg20010	AT2G46100.1
OG0015822	jg20015	AT2G46160.1
OG0015823	jg20016	AT2G46170.1
OG0015824	jg20020	AT2G46210.1
OG0015825	jg20037	AT2G46360.1
OG0015826	jg20044	AT2G46430.1
OG0015827	jg20059	AT2G46520.1
OG0015828	jg20062	AT2G46550.1
OG0015829	jg20063	AT2G46560.1
OG0015830	jg20064	AT2G46570.1
OG0015831	jg20071	AT2G46640.4
OG0015832	jg20075	AT2G46690.1
OG0015833	jg20076	AT2G46700.1
OG0015834	jg20090	AT2G46850.1
OG0015835	jg20095	AT2G46900.1
OG0015836	jg20096	AT2G46910.1
OG0015837	jg20097	AT2G46915.1
OG0015838	jg20099	AT2G46930.1
OG0015839	jg20101	AT2G46950.1
OG0015840	jg20104	AT2G46970.1
OG0015841	jg20114	AT2G47070.1
OG0015842	jg20126	AT2G47180.1
OG0015843	jg20147	AT2G47350.1
OG0015844	jg20157	AT2G47450.1
OG0015845	jg20161	AT2G47485.1
OG0015846	jg20162	AT2G47490.1
OG0015847	jg20166	AT2G47530.1
OG0015848	jg20167	AT2G47540.1
OG0015849	jg20175	AT2G47600.1
OG0015850	jg20190	AT2G47760.5
OG0015851	jg20191	AT2G47770.1
OG0015852	jg20192	AT2G47780.1
OG0015853	jg20193	AT2G47790.1
OG0015854	jg20216	AT2G48010.1
OG0015855	jg20221	AT2G48070.3
OG0015856	jg12911	AT2G01200.1
OG0015857	jg12917	AT2G01270.1
OG0015858	jg12922	AT2G01320.3
OG0015859	jg12923	AT2G01330.1
OG0015860	jg12925	AT2G01350.1
OG0015861	jg12930	AT2G01420.2
OG0015862	jg12959	AT2G01590.1
OG0015863	jg12963	AT2G01620.1
OG0015864	jg12967	AT2G01660.1
OG0015865	jg12969	AT2G01680.1
OG0015866	jg12990	AT2G01860.1
OG0015867	jg13011	AT2G01980.1
OG0015868	jg13012	AT2G01990.2
OG0015869	jg13025	AT2G02090.1
OG0015870	jg13029	AT2G02140.1
OG0015871	jg13031	AT2G02148.1
OG0015872	jg13038	AT2G02230.1
OG0015873	jg13053	AT2G02410.6
OG0015874	jg13059	AT2G02480.1
OG0015875	jg13060	AT2G02500.1
OG0015876	jg13072	AT2G02740.1
OG0015877	jg13076	AT2G02780.1
OG0015878	jg13082	AT2G02850.1
OG0015879	jg13093	AT2G02910.1
OG0015880	jg13102	AT2G03050.2
OG0015881	jg13109	AT2G03140.12
OG0015882	jg13111	AT2G03150.1
OG0015883	jg13118	AT2G03210.2
OG0015884	jg13119	AT2G03220.1
OG0015885	jg13134	AT3G11810.1
OG0015886	jg13140	AT2G03410.1
OG0015887	jg13143	AT2G03430.1
OG0015888	jg13146	AT2G03450.1
OG0015889	jg13151	AT2G03505.1
OG0015890	jg13165	AT2G03620.1
OG0015891	jg13167	AT2G03640.4
OG0015892	jg13168	AT2G03667.1
OG0015893	jg13169	AT2G03670.1
OG0015894	jg13197	AT2G04025.1
OG0015895	jg13210	AT3G25545.1
OG0015896	jg13230	AT3G25680.1
OG0015897	jg13236	AT3G25740.1
OG0015898	jg13241	AT3G25780.1
OG0015899	jg13263	AT3G25900.1
OG0015900	jg13273	AT3G25950.1
OG0015901	jg13281	AT3G26040.1
OG0015902	jg13282	AT3G26050.1
OG0015903	jg13283	AT3G26060.2
OG0015904	jg13291	AT3G26085.2
OG0015905	jg13335	AT3G26440.5
OG0015906	jg13339	AT3G26500.1
OG0015907	jg13346	AT3G26580.1
OG0015908	jg13348	AT3G26600.1
OG0015909	jg13354	AT3G26630.1
OG0015910	jg13364	AT3G26730.1
OG0015911	jg13368	AT3G26750.1
OG0015912	jg13374	AT3G26780.1
OG0015913	jg13383	AT3G26850.1
OG0015914	jg13385	AT3G26900.1
OG0015915	jg13399	AT3G26950.1
OG0015916	jg13409	AT3G27050.1
OG0015917	jg13414	AT3G27110.1
OG0015918	jg13415	AT3G27120.1
OG0015919	jg13420	AT3G27180.1
OG0015920	jg13470	AT3G27355.1
OG0015921	jg13510	AT3G27540.1
OG0015922	jg13514	AT3G27580.1
OG0015923	jg13535	AT3G27770.1
OG0015924	jg13545	AT3G27870.1
OG0015925	jg13557	AT3G27950.1
OG0015926	jg13558	AT3G27960.1
OG0015927	jg13581	AT3G28210.1
OG0015928	jg13617	AT3G28470.1
OG0015929	jg13642	AT3G28690.2
OG0015930	jg13653	AT3G28720.2
OG0015931	jg13656	AT3G28750.1
OG0015932	jg13657	AT3G28760.2
OG0015933	jg13665	AT3G28850.1
OG0015934	jg13676	AT3G28880.1
OG0015935	jg13693	AT3G28950.1
OG0015936	jg13702	AT3G28990.1
OG0015937	jg13743	AT3G29230.1
OG0015938	jg13758	AT3G29300.2
OG0015939	jg13893	AT3G30842.1
OG0015940	jg13899	AT3G32940.1
OG0015941	jg13949	AT3G42180.1
OG0015942	jg13953	AT3G42630.1
OG0015943	jg13960	AT3G42660.1
OG0015944	jg13990	AT3G42950.1
OG0015945	jg13993	AT3G43120.1
OG0015946	jg14017	AT3G43300.1
OG0015947	jg14029	AT3G43520.1
OG0015948	jg14030	AT3G43540.1
OG0015949	jg14058	AT3G43790.2
OG0015950	jg5989	AT5G21910.1
OG0015951	jg14096	AT3G44020.1
OG0015952	jg14097	AT3G44050.1
OG0015953	jg14111	AT3G44100.1
OG0015954	jg14122	AT3G44170.1
OG0015955	jg14134	AT3G44220.1
OG0015956	jg14159	AT3G44510.2
OG0015957	jg14210	AT3G44750.1
OG0015958	jg14212	AT3G44770.1
OG0015959	jg14234	AT3G44820.1
OG0015960	jg14240	AT3G44880.1
OG0015961	jg14253	AT3G45010.1
OG0015962	jg14271	AT3G45090.1
OG0015963	jg14282	AT3G45190.1
OG0015964	jg14290	AT3G45230.1
OG0015965	jg14335	AT3G45620.2
OG0015966	jg14336	AT3G45630.1
OG0015967	jg14338	AT3G45640.1
OG0015968	jg14365	AT3G45850.1
OG0015969	jg14366	AT3G45870.1
OG0015970	jg14367	AT3G45880.1
OG0015971	jg14368	AT3G45890.1
OG0015972	jg14369	AT3G45900.1
OG0015974	jg14427	AT3G46450.2
OG0015975	jg14464	AT3G46780.1
OG0015976	jg14476	AT3G46870.2
OG0015977	jg14489	AT3G46930.2
OG0015978	jg14491	AT3G46950.1
OG0015979	jg14493	AT3G46970.1
OG0015980	jg14494	AT3G46980.4
OG0015981	jg14495	AT3G46990.1
OG0015982	jg14515	AT3G47180.1
OG0015983	jg14526	AT3G47390.1
OG0015984	jg14527	AT3G47400.1
OG0015985	jg14528	AT3G47410.1
OG0015986	jg14531	AT3G47430.1
OG0015987	jg14532	AT3G47440.1
OG0015988	jg14537	AT3G47490.4
OG0015989	jg14538	AT3G47500.1
OG0015990	jg14570	AT3G47660.4
OG0015991	jg14585	AT3G47820.1
OG0015992	jg14586	AT3G47830.1
OG0015993	jg14589	AT3G47850.1
OG0015994	jg14617	AT3G48110.1
OG0015995	jg14630	AT3G48195.1
OG0015996	jg14631	AT3G48200.1
OG0015997	jg14636	AT5G35600.1
OG0015998	jg14638	AT3G48240.1
OG0015999	jg14646	AT3G48330.4
OG0016000	jg14651	AT3G48360.1
OG0016001	jg14652	AT3G48380.3
OG0016002	jg14660	AT3G48440.1
OG0016003	jg14674	AT3G48560.1
OG0016004	jg14686	AT3G15910.1
OG0016005	jg14705	AT3G48810.1
OG0016006	jg14709	AT3G48850.1
OG0016007	jg14710	AT3G48860.2
OG0016008	jg14721	AT3G48950.1
OG0016009	jg14723	AT3G48970.1
OG0016010	jg14725	AT3G48980.2
OG0016011	jg14726	AT3G48990.1
OG0016012	jg14754	AT3G49160.1
OG0016013	jg14772	AT3G49320.1
OG0016014	jg14775	AT3G49350.1
OG0016015	jg14778	AT3G49380.1
OG0016016	jg14780, jg21515	AT3G49400.1
OG0016017	jg21514, jg14781	AT3G49410.1
OG0016018	jg14814	AT3G49590.3
OG0016019	jg14825	AT3G49690.1
OG0016020	jg14829	AT3G49725.1
OG0016021	jg14831	AT3G49740.1
OG0016022	jg14839	AT3G49800.1
OG0016023	jg14841	AT3G49820.1
OG0016024	jg14844	AT3G49845.1
OG0016025	jg14845	AT3G49850.1
OG0016026	jg14856	AT3G49950.1
OG0016027	jg14875	AT3G50080.1
OG0016028	jg14878	AT3G50110.1
OG0016029	jg14886	AT3G50220.1
OG0016030	jg14888	AT3G50240.1
OG0016031	jg14898	AT3G50350.1
OG0016032	jg14899	AT3G50360.1
OG0016033	jg14900	AT3G50370.2
OG0016034	jg14905	AT3G50400.1
OG0016035	jg14911	AT3G50440.1
OG0016036	jg14921	AT3G50520.1
OG0016037	jg14927	AT3G50570.2
OG0016038	jg14933	AT3G50640.1
OG0016039	jg14937	AT3G50685.1
OG0016040	jg14939	AT3G50700.1
OG0016041	jg14951	AT3G50770.1
OG0016042	jg14953	AT3G50790.1
OG0016043	jg14956	AT3G50810.1
OG0016044	jg14960	AT3G50840.1
OG0016045	jg14964	AT3G50880.1
OG0016046	jg14966	AT3G50890.1
OG0016047	jg14983	AT3G51000.1
OG0016048	jg14987	AT3G51040.1
OG0016049	jg14988	AT3G51050.1
OG0016050	jg14993	AT3G51100.1
OG0016051	jg15002	AT3G51180.1
OG0016052	jg15008	AT3G51250.1
OG0016053	jg15012	AT3G51290.2
OG0016054	jg15015	AT3G51320.1
OG0016055	jg15016	AT3G51325.1
OG0016056	jg15021	AT3G51360.9
OG0016057	jg15027	AT3G51410.1
OG0016058	jg15038	AT3G51520.1
OG0016059	jg15040	AT3G51540.1
OG0016060	jg15044	AT3G51580.2
OG0016061	jg15047	AT3G51610.1
OG0016062	jg15048	AT3G51620.2
OG0016063	jg15049	AT3G51630.1
OG0016064	jg15073	AT3G51740.1
OG0016065	jg15077	AT3G51780.1
OG0016066	jg15078	AT3G51790.1
OG0016067	jg15093	AT3G51890.1
OG0016068	jg15096	AT3G51920.1
OG0016069	jg15102	AT3G51980.1
OG0016070	jg15113	AT3G52050.3
OG0016071	jg15125	AT3G52155.1
OG0016072	jg15128	AT3G52200.2
OG0016073	jg15133	AT3G52250.1
OG0016074	jg15136	AT3G52280.2
OG0016075	jg15138	AT3G52290.1
OG0016076	jg15144	AT3G52340.6
OG0016077	jg15147	AT3G52370.2
OG0016078	jg15183	AT3G52610.1
OG0016079	jg15184	AT3G52620.1
OG0016080	jg15186	AT3G52640.2
OG0016081	jg15193	AT3G52710.1
OG0016082	jg15202	AT3G52790.1
OG0016083	jg15217	AT3G52920.1
OG0016084	jg15230	AT3G53040.1
OG0016085	jg15240	AT3G53090.1
OG0016086	jg15244	AT3G53130.1
OG0016087	jg15264	AT3G53320.1
OG0016088	jg15266	AT3G53350.9
OG0016089	jg15267	AT3G53360.1
OG0016090	jg15276	AT3G53440.1
OG0016091	jg15289	AT3G53560.2
OG0016092	jg15305	AT3G53700.1
OG0016093	jg15327	AT3G53930.2
OG0016094	jg15328	AT3G53940.1
OG0016095	jg15330	AT3G53950.1
OG0016096	jg15338	AT3G54020.1
OG0016097	jg15343	AT3G54080.1
OG0016098	jg15374	AT3G54390.2
OG0016099	jg15379	AT3G54460.1
OG0016100	jg15382	AT3G54490.1
OG0016101	jg15383	AT3G54500.3
OG0016102	jg15394	AT3G54600.1
OG0016103	jg15399	AT3G54640.1
OG0016104	jg15413	AT3G54790.1
OG0016105	jg15424	AT3G54870.2
OG0016106	jg15425	AT3G54880.1
OG0016107	jg15434	AT3G54970.1
OG0016108	jg15435	AT3G54980.1
OG0016109	jg15444	AT3G55060.1
OG0016110	jg15446	AT3G55080.1
OG0016111	jg15452	AT3G55140.1
OG0016112	jg15454	AT3G55160.1
OG0016113	jg15457	AT3G55190.1
OG0016114	jg15461	AT3G55230.1
OG0016115	jg15470	AT3G55330.1
OG0016116	jg15472	AT3G55340.1
OG0016117	jg15477	AT3G55390.1
OG0016118	jg15514	AT3G55630.3
OG0016119	jg15524	AT3G55730.1
OG0016120	jg15538	AT3G55830.1
OG0016121	jg15539	AT3G55840.1
OG0016122	jg15540	AT3G55850.5
OG0016123	jg15554	AT3G55920.1
OG0016124	jg15566	AT3G55980.2
OG0016125	jg15568	AT3G56000.1
OG0016126	jg15572	AT3G56040.1
OG0016127	jg15575	AT3G56070.1
OG0016128	jg15582	AT3G56130.1
OG0016129	jg15585	AT3G56170.1
OG0016130	jg15590	AT3G56200.1
OG0016131	jg15593	AT3G56230.1
OG0016132	jg15606	AT3G56350.1
OG0016133	jg15608	AT3G56370.1
OG0016134	jg15612	AT3G56410.2
OG0016135	jg15618	AT3G56460.1
OG0016136	jg15629	AT3G56610.1
OG0016137	jg15631	AT3G56640.1
OG0016138	jg15632	AT3G56650.1
OG0016139	jg15642	AT3G56720.3
OG0016140	jg15723, jg15658	AT3G57210.1
OG0016141	jg15684	AT3G57000.1
OG0016142	jg15700	AT3G56860.1
OG0016143	jg15741	AT3G57300.2
OG0016144	jg15743	AT3G57320.2
OG0016145	jg15749	AT3G57380.1
OG0016146	jg15752	AT3G57410.1
OG0016147	jg15755	AT3G57440.1
OG0016148	jg15759	AT3G57480.1
OG0016149	jg15766	AT3G57540.1
OG0016150	jg15774	AT3G57620.1
OG0016151	jg15775	AT3G57630.1
OG0016152	jg15786	AT3G57680.1
OG0016153	jg15796	AT3G57740.2
OG0016154	jg15798	AT3G57760.1
OG0016155	jg15804	AT3G57810.2
OG0016156	jg15805	AT3G57830.1
OG0016157	jg15830	AT3G58090.1
OG0016158	jg15852	AT3G58280.1
OG0016159	jg15854	AT3G58300.1
OG0016160	jg15855	AT3G58310.1
OG0016161	jg15872	AT3G58460.2
OG0016162	jg15873	AT3G58470.1
OG0016163	jg15874	AT3G58480.1
OG0016164	jg15876	AT3G58490.1
OG0016165	jg15880	AT3G58530.1
OG0016166	jg15912	AT3G58830.2
OG0016167	jg15926	AT3G58960.1
OG0016168	jg15927	AT3G58970.1
OG0016169	jg15945	AT3G59050.1
OG0016170	jg15954	AT3G59140.1
OG0016171	jg15970	AT3G59270.1
OG0016172	jg15983	AT3G59380.1
OG0016173	jg15986	AT3G59410.2
OG0016174	jg16005	AT3G59580.1
OG0016175	jg16017	AT3G59690.1
OG0016176	jg16021	AT3G59760.1
OG0016177	jg16023	AT3G59780.1
OG0016178	jg16035	AT3G59850.2
OG0016179	jg16046	AT3G59940.1
OG0016180	jg16051	AT3G59980.1
OG0016181	jg16063	AT3G60070.1
OG0016182	jg16080	AT3G60240.4
OG0016183	jg16099	AT3G60400.1
OG0016184	jg16130	AT3G60730.1
OG0016185	jg16142	AT3G60850.1
OG0016186	jg16149	AT3G60910.1
OG0016187	jg16166	AT3G61150.1
OG0016188	jg16185	AT3G61340.2
OG0016189	jg16196	AT3G61410.3
OG0016190	jg16210	AT3G61550.1
OG0016191	jg16211	AT3G61560.1
OG0016192	jg16222	AT3G61660.2
OG0016194	jg16244	AT3G61800.1
OG0016195	jg16251	AT3G61870.1
OG0016196	jg16257	AT3G61940.1
OG0016197	jg16276	AT3G62060.2
OG0016198	jg16291	AT3G62200.1
OG0016199	jg16294	AT3G62240.1
OG0016200	jg16306	AT3G62340.1
OG0016201	jg16323	AT3G62570.1
OG0016202	jg16324	AT3G62580.1
OG0016203	jg16325	AT3G62590.1
OG0016204	jg16328	AT3G62620.1
OG0016205	jg16330	AT3G62640.1
OG0016206	jg16339	AT3G62720.1
OG0016207	jg16340	AT3G62730.1
OG0016208	jg16347	AT3G62800.1
OG0016209	jg16349	AT3G62820.1
OG0016210	jg16368	AT3G62990.1
OG0016211	jg16374	AT3G63050.1
OG0016212	jg16376	AT3G63060.1
OG0016213	jg16377	AT1G31990.1
OG0016214	jg16380	AT3G63090.1
OG0016215	jg16381	AT3G63095.1
OG0016216	jg16382	AT3G63110.1
OG0016217	jg16384	AT3G63120.1
OG0016218	jg16418	AT3G63290.1
OG0016219	jg16426	AT3G63300.1
OG0016220	jg16430	AT3G63350.1
OG0016221	jg16432	AT3G63370.1
OG0016222	jg16434	AT3G63400.1
OG0016223	jg16437	AT3G63420.3
OG0016224	jg16443	AT3G63470.1
OG0016225	jg16445	AT3G63490.1
OG0016226	jg16447	AT3G63510.1
OG0016227	jg16450	AT3G63540.1
OG0016229	jg3808	AT5G01980.1
OG0016230	jg3811	AT5G01950.7
OG0016231	jg3812	AT5G01940.3
OG0016232	jg3816	AT5G01920.1
OG0016233	jg3817	AT5G01910.1
OG0016234	jg3819	AT5G01890.1
OG0016235	jg3821	AT5G01880.1
OG0016236	jg3832	AT5G01820.1
OG0016237	jg3843	AT5G01720.1
OG0016238	jg3848	AT5G01670.2
OG0016239	jg3855	AT5G01600.1
OG0016240	jg3856	AT5G01590.1
OG0016241	jg3861	AT5G01540.1
OG0016242	jg3864	AT5G01510.1
OG0016243	jg3865	AT5G01500.1
OG0016244	jg3871	AT5G01450.1
OG0016245	jg3884	AT5G01420.1
OG0016246	jg3886	AT5G01400.1
OG0016247	jg3889	AT5G01370.1
OG0016248	jg3900	AT5G01270.2
OG0016249	jg3905	AT5G01225.1
OG0016250	jg3909	AT5G01190.1
OG0016251	jg3910	AT5G01180.1
OG0016252	jg3911	AT5G01170.1
OG0016253	jg3925	AT5G01075.1
OG0016254	jg3927	AT5G01060.1
OG0016255	jg3930	AT5G01030.1
OG0016256	jg3934	AT5G02040.1
OG0016257	jg3936	AT5G02060.1
OG0016258	jg3937	AT5G02070.1
OG0016259	jg3943	AT5G02120.1
OG0016260	jg3947	AT5G02160.1
OG0016261	jg3948	AT5G02180.1
OG0016262	jg3949	AT5G02190.1
OG0016263	jg3950	AT5G02200.2
OG0016264	jg3968	AT2G13960.1, AT5G02320.1
OG0016265	jg3974	AT5G02400.1
OG0016266	jg3980	AT5G02440.1
OG0016267	jg4010	AT5G02780.1
OG0016268	jg4011	AT5G02790.1
OG0016269	jg4013	AT5G02800.1
OG0016270	jg4015	AT5G02820.1
OG0016271	jg4016	AT5G02830.1
OG0016272	jg4018	AT5G02850.1
OG0016273	jg4019	AT5G02860.1
OG0016274	jg4028	AT5G02950.1
OG0016275	jg4030	AT5G02970.1
OG0016276	jg4058	AT5G03270.1
OG0016277	jg4059	AT5G03280.1
OG0016278	jg4066	AT5G03345.2
OG0016279	jg4083	AT5G03455.1
OG0016280	jg4099	AT5G03555.1
OG0016281	jg4106	AT5G03620.1
OG0016282	jg4108	AT5G03640.1
OG0016283	jg4109	AT5G03650.1
OG0016284	jg4114	AT5G03700.1
OG0016285	jg4120	AT5G03770.1
OG0016286	jg4137	AT5G03910.1
OG0016287	jg4143	AT5G03970.1
OG0016288	jg4144	AT5G03990.1
OG0016289	jg4161	AT5G04140.2
OG0016290	jg4162	AT5G04150.1
OG0016291	jg4172	AT5G04240.1
OG0016292	jg4178	AT5G04280.1
OG0016293	jg4179	AT5G04290.1
OG0016294	jg4187	AT5G04360.1
OG0016295	jg4188	AT5G04370.2
OG0016296	jg4191	AT5G04420.1
OG0016297	jg4200	AT5G04490.1
OG0016298	jg4215	AT5G04660.1
OG0016299	jg4216	AT5G04670.1
OG0016300	jg4219	AT5G04720.1
OG0016301	jg4232	AT5G04840.1
OG0016302	jg4238	AT5G04895.1
OG0016303	jg4251	AT5G05000.1
OG0016304	jg4262	AT5G05090.1
OG0016305	jg4263	AT5G05100.1
OG0016306	jg4271	AT5G05160.1
OG0016307	jg4274	AT5G05190.1
OG0016308	jg4277	AT5G05220.1
OG0016309	jg4278	AT5G05230.1
OG0016310	jg4280	AT5G05250.1
OG0016311	jg4286	AT5G05310.3
OG0016312	jg4305	AT5G05490.1
OG0016313	jg4307	AT5G05510.1
OG0016314	jg4318	AT5G05610.1
OG0016315	jg4320	AT5G05630.1
OG0016316	jg4324	AT5G05660.1
OG0016317	jg4328	AT5G05700.1
OG0016318	jg4332	AT5G05740.1
OG0016319	jg4333	AT5G05760.1
OG0016320	jg4337	AT5G05810.1
OG0016321	jg4340	AT5G05840.1
OG0016322	jg4343	AT5G05860.1
OG0016323	jg4344	AT5G05870.1
OG0016324	jg4347	AT5G05920.1
OG0016325	jg4348	AT5G05930.1
OG0016326	jg4349	AT5G05940.1
OG0016327	jg4350	AT5G05950.1
OG0016328	jg4351	AT5G05960.1
OG0016329	jg4353	AT5G05970.2
OG0016330	jg4368	AT5G06080.1
OG0016331	jg4375	AT5G06130.2
OG0016332	jg4380	AT5G06180.1
OG0016334	jg4409	AT5G06340.1
OG0016335	jg4417	AT5G06400.1
OG0016336	jg4426	AT5G06470.1
OG0016337	jg4428	AT5G06490.1
OG0016338	jg4449	AT5G06620.1
OG0016339	jg4489	AT5G06690.2
OG0016340	jg4499	AT5G06780.1
OG0016341	jg4500	AT5G06790.1
OG0016342	jg4507	AT5G06850.1
OG0016343	jg4523	AT5G06970.1
OG0016344	jg4530	AT5G07040.1
OG0016345	jg4531	AT5G07050.1
OG0016346	jg4535	AT5G07080.1
OG0016347	jg4540	AT5G07130.1
OG0016348	jg4544	AT5G07165.1
OG0016349	jg4546, jg4548	AT5G07180.1
OG0016350	jg4552	AT5G07220.1
OG0016351	jg4555	AT5G07230.1
OG0016352	jg4565	AT5G07280.1
OG0016353	jg4566	AT5G07290.1
OG0016354	jg4571	AT5G07330.1
OG0016355	jg4578	AT5G07370.1
OG0016356	jg4579	AT5G07380.3
OG0016357	jg4592	AT5G07490.1
OG0016358	jg4603	AT5G07590.1
OG0016359	jg4606	AT5G07620.1
OG0016360	jg4611	AT5G07680.1
OG0016361	jg4616	AT5G07730.1
OG0016362	jg4623	AT5G07820.1
OG0016363	jg4624	AT5G07830.1
OG0016365	jg4633	AT5G07930.3
OG0016366	jg4638	AT5G07990.1
OG0016367	jg4643	AT5G08030.2
OG0016368	jg4644	AT5G08050.1
OG0016369	jg4653	AT5G08070.1
OG0016370	jg4657	AT5G08120.1
OG0016371	jg4669	AT5G08240.1
OG0016372	jg4672	AT5G08270.1
OG0016373	jg4677	AT5G08310.1
OG0016374	jg4680	AT5G08320.1
OG0016375	jg4682	AT5G08340.1
OG0016376	jg4683	AT5G08350.1
OG0016377	jg4695	AT5G08440.3
OG0016378	jg4699	AT5G08460.1
OG0016379	jg4710	AT5G08540.1
OG0016380	jg4711	AT5G08550.1
OG0016381	jg4718	AT5G08610.1
OG0016382	jg4721	AT5G08640.1
OG0016383	jg4722	AT5G08650.1
OG0016384	jg4728	AT5G08720.1
OG0016385	jg4731	AT5G08750.10
OG0016386	jg4732	AT5G08770.1
OG0016387	jg4754	AT5G09400.1
OG0016388	jg4755	AT5G09410.3
OG0016389	jg4761	AT5G09450.1
OG0016390	jg4762	AT5G09460.1
OG0016391	jg4763	AT5G09470.1
OG0016392	jg4770	AT5G09540.1
OG0016393	jg4774	AT5G09580.1
OG0016394	jg4778	AT5G09620.1
OG0016395	jg4779	AT5G09630.1
OG0016396	jg4800	AT5G09820.2
OG0016397	jg4815	AT5G09950.1
OG0016398	jg4822	AT5G09990.1
OG0016399	jg4823	AT5G09995.2
OG0016400	jg4835	AT5G10110.1
OG0016401	jg4850	AT5G10200.1
OG0016402	jg4851	AT5G10210.1
OG0016403	jg4860	AT5G10300.1
OG0016404	jg4869	AT5G10380.1
OG0016405	jg4873	AT5G10440.1
OG0016406	jg4879	AT5G10500.1
OG0016407	jg4884	AT5G10550.1
OG0016408	jg4886	AT5G10570.1
OG0016409	jg5103	AT5G12280.1
OG0016410	jg4898	AT5G10690.1
OG0016411	jg4899	AT5G10700.1
OG0016412	jg4900	AT5G10710.1
OG0016413	jg4916	AT5G10870.1
OG0016414	jg4918	AT5G10890.2
OG0016415	jg4920	AT5G10910.1
OG0016416	jg4932	AT5G11020.1
OG0016417	jg4934	AT5G11040.1
OG0016418	jg4941	AT5G11110.1
OG0016419	jg4944	AT5G11150.2
OG0016420	jg4955	AT5G11270.1
OG0016421	jg4959	AT5G11300.1
OG0016422	jg4960	AT5G11310.1
OG0016423	jg4962	AT5G11330.1
OG0016424	jg4965	AT5G11340.1
OG0016425	jg4966	AT5G11350.4
OG0016426	jg4969	AT5G11380.1
OG0016427	jg4970	AT5G11390.1
OG0016428	jg4978	AT5G11460.1
OG0016429	jg4989	AT5G11570.1
OG0016430	jg5001	AT5G11690.1
OG0016431	jg5010	AT5G11760.1
OG0016432	jg12223, jg5015	AT5G37630.1
OG0016433	jg5017	AT5G11820.1
OG0016434	jg5033	AT5G11940.1
OG0016435	jg5056	AT5G12170.2
OG0016436	jg5061	AT5G12200.1
OG0016437	jg5063	AT5G12220.1
OG0016438	jg5072	AT5G12300.1
OG0016439	jg5074	AT5G12320.1
OG0016440	jg5098	AT5G12880.1
OG0016441	jg5102	AT5G12920.2
OG0016442	jg5104	AT5G12930.1
OG0016443	jg5126	AT5G13120.1
OG0016444	jg5127	AT5G13130.1
OG0016445	jg5130	AT5G13160.1
OG0016446	jg5138	AT5G13240.3
OG0016447	jg5140	AT5G13260.1
OG0016448	jg5153	AT5G13400.1
OG0016449	jg5154	AT5G13410.1
OG0016450	jg5174	AT5G13630.1
OG0016451	jg5187	AT5G13770.1
OG0016452	jg5197	AT5G13860.1
OG0016453	jg5200	AT5G13890.1
OG0016454	jg5222	AT5G14080.1
OG0016455	jg5224	AT5G14100.1
OG0016456	jg5234	AT5G14180.1
OG0016457	jg5245	AT5G14285.1
OG0016458	jg5260	AT5G14410.2
OG0016459	jg5267	AT5G14460.1
OG0016460	jg5273	AT5G14510.1
OG0016461	jg5275	AT5G14530.1
OG0016462	jg5277	AT5G14550.1
OG0016463	jg5278	AT5G14570.1
OG0016464	jg5280	AT5G14590.1
OG0016465	jg5281	AT5G14600.1
OG0016466	jg5287	AT5G14650.1
OG0016467	jg5288	AT5G14660.1
OG0016468	jg5301	AT5G14770.1
OG0016469	jg5321	AT5G14990.1
OG0016470	jg5325	AT5G15010.1
OG0016471	jg5327	AT5G15050.1
OG0016472	jg5347	AT5G15210.1
OG0016473	jg5350	AT5G15240.1
OG0016474	jg5355	AT5G15280.1
OG0016475	jg5357	AT5G15300.1
OG0016476	jg5359	AT1G33320.1
OG0016477	jg5361	AT5G15340.1
OG0016478	jg5366	AT5G15410.1
OG0016479	jg5371	AT5G15460.1
OG0016480	jg5376	AT5G15510.2
OG0016481	jg5393	AT5G15700.2
OG0016482	jg5395	AT5G15720.1
OG0016483	jg5396	AT5G15730.2
OG0016484	jg5417	AT5G15900.2
OG0016485	jg5424	AT5G15980.1
OG0016486	jg5427	AT5G16020.1
OG0016487	jg5438	AT5G16140.1
OG0016488	jg5441	AT5G16180.1
OG0016489	jg5443	AT5G16200.1
OG0016490	jg5444	AT5G16210.1
OG0016491	jg5447	AT5G16230.1
OG0016492	jg5452	AT5G16290.1
OG0016493	jg5465	AT5G16400.1
OG0016494	jg5468	AT5G16440.1
OG0016495	jg5474	AT5G16490.1
OG0016496	jg5488	AT5G16610.2
OG0016497	jg5490	AT5G16630.1
OG0016498	jg5495	AT5G16640.1
OG0016499	jg5499	AT5G16690.1
OG0016500	jg5504	AT5G16740.1
OG0016501	jg5508	AT5G16780.1
OG0016502	jg5511	AT5G16810.1
OG0016503	jg5517	AT5G16870.1
OG0016504	jg5541	AT5G17160.1
OG0016505	jg5542	AT5G17165.1
OG0016506	jg5544	AT5G17180.1
OG0016507	jg5546	AT5G17200.1
OG0016508	jg5551	AT5G17240.1
OG0016509	jg5552	AT5G17250.1
OG0016510	jg5569	AT5G17360.1
OG0016511	jg5579	AT5G17460.1
OG0016512	jg5583	AT5G17500.1
OG0016513	jg5590	AT5G17570.1
OG0016514	jg5594	AT5G17600.1
OG0016515	jg5595	AT5G17610.1
OG0016516	jg5597	AT5G17630.1
OG0016517	jg5600	AT5G17660.1
OG0016518	jg5604	AT5G17700.1
OG0016519	jg5620	AT5G17830.1
OG0016520	jg5621	AT5G17840.1
OG0016521	jg5629	AT5G17930.1
OG0016522	jg5654	AT5G18140.1
OG0016523	jg5663	AT5G18210.2
OG0016524	jg5668	AT5G18240.1
OG0016525	jg5670	AT5G18260.1
OG0016526	jg5673	AT5G18290.1
OG0016527	jg5683	AT5G18390.1
OG0016528	jg5688	AT5G18440.1
OG0016529	jg5699	AT5G18525.1
OG0016530	jg5713	AT5G18660.1
OG0016531	jg5717	AT5G18690.1
OG0016532	jg5729	AT5G18760.1
OG0016533	jg5735	AT5G18820.1
OG0016534	jg5737	AT5G18840.1
OG0016535	jg5753	AT5G19020.1
OG0016536	jg5756	AT5G19050.1
OG0016537	jg5770	AT5G19160.1
OG0016538	jg5792	AT5G19330.1
OG0016539	jg5800	AT5G19410.2
OG0016540	jg5802	AT5G19430.4
OG0016541	jg5808	AT5G19480.1
OG0016542	jg5811	AT5G19500.1
OG0016543	jg5816	AT5G19540.1
OG0016544	jg5823	AT5G19610.1
OG0016545	jg5824	AT5G19620.1
OG0016546	jg5828	AT5G19660.1
OG0016547	jg5830	AT5G19680.1
OG0016548	jg5844	AT5G19830.1
OG0016549	jg5878	AT5G20140.2
OG0016550	jg5887	AT5G20220.4
OG0016551	jg5888	AT5G20230.1
OG0016552	jg5895	AT5G20300.1
OG0016553	jg5903	AT5G20370.1
OG0016554	jg5904	AT5G20380.2
OG0016555	jg5906	AT5G20410.1
OG0016556	jg5907	AT5G20420.1
OG0016557	jg5924	AT5G20590.1
OG0016558	jg5929	AT5G20640.1
OG0016559	jg5931	AT5G20660.1
OG0016560	jg5956	AT5G20910.1
OG0016561	jg5971	AT5G21060.2
OG0016562	jg5977	AT5G21120.2
OG0016563	jg5983	AT5G21222.1
OG0016564	jg5986	AT5G21430.1
OG0016565	jg6003	AT5G22020.1
OG0016566	jg12769	AT5G41430.1
OG0016566	jg12770	AT5G41450.1
OG0016567	jg6007	AT5G22050.2
OG0016568	jg6014	AT5G22120.1
OG0016569	jg6015	AT5G22130.2
OG0016570	jg6038	AT5G22300.1
OG0016571	jg6051	AT5G22400.1
OG0016572	jg6057	AT5G22470.1
OG0016573	jg6066	AT5G22545.1
OG0016574	jg6086	AT5G22640.1
OG0016575	jg6096	AT5G22750.1
OG0016576	jg6114	AT5G22820.2
OG0016577	jg6117	AT5G22840.1
OG0016578	jg6120	AT5G22870.1
OG0016579	jg6125	AT5G22900.1
OG0016580	jg6127	AT5G22920.1
OG0016581	jg6158	AT5G23130.1
OG0016582	jg6186	AT5G23380.1
OG0016583	jg6188	AT5G23395.1
OG0016584	jg6189	AT5G23400.1
OG0016585	jg6193	AT5G23430.1
OG0016586	jg6194	AT5G23440.1
OG0016587	jg6200	AT5G23520.1
OG0016588	jg6207	AT5G23575.1
OG0016589	jg6220	AT5G23720.1
OG0016590	jg6223	AT5G23730.1
OG0016591	jg6237	AT5G23880.1
OG0016592	jg6257	AT5G24060.2
OG0016593	jg6262	AT5G24100.1
OG0016594	jg6282	AT5G24290.1
OG0016595	jg6283	AT5G24300.1
OG0016596	jg6292	AT5G24320.2
OG0016597	jg6305	AT5G24410.1
OG0016598	jg6313	AT5G24490.1
OG0016599	jg6314	AT5G24500.1
OG0016600	jg6316	AT5G24520.1
OG0016601	jg6326	AT5G24590.2
OG0016602	jg6352	AT5G24820.1
OG0016603	jg6359	AT5G24870.1
OG0016604	jg6366	AT5G24920.1
OG0016605	jg6377	AT5G25070.1
OG0016606	jg6408	AT5G25310.1
OG0016607	jg6409	AT5G25320.1
OG0016608	jg6421, jg6420	AT5G25380.4
OG0016609	jg6427	AT5G25430.1
OG0016610	jg6440	AT5G25550.1
OG0016611	jg6494	AT5G26010.1
OG0016612	jg6495	AT5G26030.1
OG0016613	jg6496	AT5G26040.2
OG0016614	jg6498	AT5G26060.1
OG0016615	jg6502	AT5G26090.2
OG0016616	jg6515	AT5G26160.1
OG0016617	jg6535	AT5G26240.1
OG0016618	jg6580	AT5G26810.1
OG0016619	jg6585	AT5G26910.1
OG0016620	jg6588	AT5G26930.1
OG0016621	jg6624	AT5G27710.1
OG0016622	jg6638	AT5G27660.2
OG0016623	jg6645	AT5G27600.1
OG0016624	jg6646	AT5G27560.1
OG0016625	jg6662	AT5G27390.2
OG0016626	jg6663	AT5G27395.1
OG0016627	jg6674	AT5G27290.1
OG0016628	jg6681	AT5G27270.1
OG0016629	jg6682	AT5G27240.1
OG0016630	jg6782	AT5G28500.1
OG0016631	jg6783	AT5G28530.1
OG0016632	jg6804	AT5G28650.1
OG0016633	jg6955	AT4G06676.1
OG0016634	jg6969	AT4G07960.1
OG0016635	jg6970	AT4G07990.1
OG0016636	jg7026	AT4G08150.1
OG0016637	jg7034	AT4G08160.1
OG0016638	jg7046	AT4G08210.1
OG0016639	jg7056	AT4G08280.2
OG0016640	jg7057	AT4G08290.1
OG0016641	jg7061	AT4G08330.1
OG0016642	jg7065	AT4G08350.1
OG0016644	jg7176	AT4G08790.1
OG0016645	jg7204	AT4G08920.1
OG0016646	jg7216	AT4G09010.3
OG0016647	jg7222	AT4G09040.1
OG0016648	jg7226	AT4G09100.1
OG0016649	jg7232	AT4G09140.1
OG0016650	jg7241	AT4G09160.1
OG0016651	jg7247	AT4G09340.1
OG0016652	jg7260	AT4G09530.1
OG0016653	jg7272	AT4G09620.1
OG0016654	jg7283	AT4G09680.1
OG0016655	jg7286	AT4G09720.3
OG0016656	jg7330	AT4G09970.1
OG0016657	jg7337	AT4G10020.1
OG0016658	jg7341	AT4G10050.1
OG0016659	jg7350	AT4G10090.1
OG0016660	jg7356	AT4G10140.1
OG0016661	jg7366	AT4G10240.1
OG0016662	jg7371	AT4G10280.1
OG0016663	jg7379	AT4G10330.1
OG0016664	jg7399	AT4G10500.1
OG0016665	jg7414	AT4G10630.1
OG0016666	jg7428	AT4G10760.1
OG0016667	jg7435	AT4G10840.1
OG0016668	jg7442	AT4G10890.1
OG0016669	jg7446	AT4G10910.1
OG0016670	jg7447	AT4G10920.1
OG0016671	jg7448	AT4G10925.1
OG0016672	jg7450	AT4G10930.1
OG0016673	jg7451	AT4G10955.1
OG0016674	jg7452	AT4G10970.6
OG0016675	jg7466	AT4G11060.1
OG0016676	jg7467	AT4G11070.1
OG0016677	jg7483	AT4G11175.1
OG0016678	jg7488	AT4G11220.1
OG0016679	jg7489	AT4G11230.1
OG0016680	jg7496	AT4G11290.1
OG0016681	jg7500	AT4G11330.1
OG0016682	jg7501	AT4G11340.1
OG0016683	jg7502	AT4G11350.1
OG0016684	jg7507	AT4G11400.1
OG0016685	jg7510	AT4G11440.1
OG0016686	jg7511	AT4G11450.1
OG0016687	jg7560	AT4G11680.2
OG0016688	jg7599	AT4G11980.1
OG0016689	jg7600	AT4G11990.1
OG0016690	jg7609	AT4G12080.1
OG0016691	jg7610	AT4G12090.1
OG0016692	jg7628	AT4G12240.1
OG0016693	jg7640	AT4G12370.1
OG0016694	jg7659	AT4G12560.1
OG0016695	jg7660	AT4G12570.1
OG0016696	jg7672	AT4G05590.2
OG0016697	jg7675	AT4G05530.1
OG0016698	jg7685	AT4G04040.1
OG0016699	jg7697	AT4G04370.1
OG0016700	jg7704	AT4G04510.2
OG0016701	jg7713	AT4G04630.1
OG0016702	jg7728	AT4G04745.1
OG0016703	jg7739	AT4G04870.1
OG0016704	jg7740	AT4G04880.2
OG0016705	jg7744	AT4G04885.1
OG0016706	jg7749	AT4G04940.1
OG0016707	jg7754	AT4G04960.1
OG0016708	jg7755	AT4G04970.1
OG0016709	jg7758	AT4G04972.1
OG0016710	jg7760	AT4G04990.1
OG0016711	jg7779	AT4G05150.1
OG0016712	jg7780	AT4G05160.1
OG0016713	jg7786	AT4G05220.1
OG0016714	jg7821	AT4G03620.1
OG0016715	jg10030, jg7824	AT4G24470.3
OG0016716	jg7839	AT4G03510.1
OG0016717	jg7847	AT4G03420.1
OG0016718	jg7864	AT4G02800.1
OG0016719	jg7867	AT4G02820.1
OG0016720	jg7872	AT4G02860.1
OG0016721	jg7878	AT4G02920.2
OG0016722	jg7881	AT4G02940.1
OG0016723	jg7901	AT4G03010.1
OG0016724	jg7903	AT4G03030.1
OG0016725	jg7906	AT4G03090.1
OG0016726	jg7909	AT4G03115.3
OG0016727	jg7911	AT4G03130.2
OG0016728	jg7914	AT4G03180.1
OG0016729	jg7916	AT4G03200.1
OG0016730	jg7928	AT4G03330.1
OG0016731	jg7938	AT4G03415.1
OG0016732	jg7943	AT4G02680.1
OG0016733	jg7944	AT4G02670.2
OG0016734	jg7948	AT4G02640.2
OG0016735	jg7951	AT4G02630.1
OG0016736	jg7953	AT4G02610.1
OG0016737	jg7960	AT4G02560.1
OG0016738	jg7963	AT4G02530.2
OG0016739	jg7972	AT4G02440.1
OG0016740	jg7977	AT4G02405.1
OG0016741	jg7987	AT4G02300.1
OG0016742	jg7989	AT4G02280.1
OG0016743	jg8026	AT4G02075.1
OG0016744	jg8027	AT4G02070.1
OG0016745	jg8031	AT4G02030.2
OG0016746	jg8034	AT4G01995.1
OG0016747	jg8040	AT4G01970.2
OG0016748	jg8044	AT4G01940.1
OG0016749	jg8048	AT4G01895.1
OG0016750	jg8056	AT4G01840.1
OG0016751	jg8067	AT4G01720.1
OG0016752	jg8069	AT4G01690.1
OG0016753	jg8070	AT4G01680.2
OG0016754	jg8078	AT4G01600.1
OG0016755	jg8088	AT4G01510.5
OG0016756	jg8091	AT4G01470.1
OG0016757	jg8092	AT4G01460.1
OG0016758	jg8095	AT4G01430.1
OG0016759	jg8103	AT4G01330.2
OG0016760	jg8119	AT4G01120.1
OG0016761	jg8122	AT4G01090.1
OG0016762	jg8136	AT4G00990.1
OG0016763	jg8139	AT4G00950.1
OG0016764	jg8141	AT4G00940.1
OG0016765	jg8143	AT4G00905.1
OG0016766	jg8144	AT4G00900.1
OG0016767	jg8148	AT4G00890.1
OG0016768	jg8149	AT4G00880.1
OG0016769	jg8166	AT4G00752.1
OG0016770	jg8167	AT4G00750.1
OG0016771	jg8186	AT4G00550.1
OG0016772	jg8192	AT4G00520.2
OG0016773	jg8193	AT4G00500.1
OG0016774	jg8196	AT4G00467.1
OG0016775	jg8199	AT4G00440.2
OG0016776	jg8205	AT4G00370.1
OG0016777	jg8212	AT4G00340.1
OG0016778	jg8214	AT4G00330.1
OG0016779	jg8215	AT4G00310.1
OG0016780	jg8226	AT4G00200.1
OG0016781	jg8228	AT4G00180.1
OG0016782	jg8233	AT4G00120.1
OG0016783	jg8237	AT4G00090.1
OG0016784	jg8275	AT4G38170.1
OG0016785	jg8276	AT4G38180.1
OG0016786	jg8279	AT4G38200.1
OG0016787	jg8288	AT4G38270.1
OG0016788	jg8290	AT4G38340.1
OG0016789	jg8293	AT4G38370.1
OG0016790	jg8294	AT4G38380.1
OG0016791	jg8295	AT4G38390.1
OG0016792	jg8310	AT4G38480.1
OG0016793	jg8311	AT4G38490.1
OG0016794	jg8316	AT4G38530.1
OG0016795	jg8323	AT4G38590.2
OG0016796	jg8328	AT4G38630.1
OG0016797	jg8329	AT4G38640.1
OG0016798	jg8334	AT4G38660.1
OG0016799	jg8335	AT4G38670.1
OG0016800	jg8348	AT4G38810.2
OG0016801	jg8356	AT4G38890.1
OG0016802	jg8362	AT4G38940.1
OG0016803	jg8363	AT4G38950.1
OG0016804	jg8374	AT4G39040.1
OG0016805	jg8382	AT4G39120.2
OG0016806	jg8383	AT4G39130.1
OG0016807	jg8385	AT4G39150.1
OG0016808	jg8393	AT4G39230.1
OG0016809	jg8396	AT4G39250.1
OG0016810	jg8398	AT4G39270.1
OG0016811	jg8407	AT4G39370.3
OG0016812	jg8408	AT4G39380.2
OG0016813	jg8413	AT4G39460.1
OG0016814	jg8420	AT4G39530.1
OG0016815	jg8421, jg8423	AT4G39540.3
OG0016816	jg8428	AT4G39580.1
OG0016817	jg8431	AT4G39610.1
OG0016818	jg8465	AT4G39690.1
OG0016819	jg8467	AT4G39710.1
OG0016820	jg8469	AT4G39730.1
OG0016821	jg8478	AT4G39790.1
OG0016822	jg8482	AT4G39820.2
OG0016823	jg8486	AT4G39850.3
OG0016824	jg8487	AT4G39860.1
OG0016825	jg8490	AT4G39890.1
OG0016826	jg8495	AT4G39920.1
OG0016827	jg8501	AT4G39960.1
OG0016828	jg8511	AT4G40050.1
OG0016829	jg8515	AT4G40080.1
OG0016830	jg8521	AT4G38090.1
OG0016831	jg8525	AT4G38062.1
OG0016832	jg8526	AT4G38060.2
OG0016833	jg8527	AT4G38050.1
OG0016834	jg8530	AT4G38020.1
OG0016835	jg8531	AT4G38010.1
OG0016836	jg8535	AT4G37970.1
OG0016837	jg8541	AT4G37920.1
OG0016838	jg8553	AT4G37810.1
OG0016839	jg8554	AT4G37800.1
OG0016840	jg8556	AT4G37780.1
OG0016841	jg8562	AT4G37720.1
OG0016842	jg8564	AT4G37700.1
OG0016843	jg8572	AT4G37630.1
OG0016844	jg8607	AT4G37280.1
OG0016845	jg8610	AT4G37250.1
OG0016846	jg8615	AT4G36910.1
OG0016847	jg8620	AT4G36950.1
OG0016848	jg8621	AT4G36960.1
OG0016849	jg8623	AT4G36980.4
OG0016850	jg8635	AT4G37100.1
OG0016851	jg8647	AT4G37220.1
OG0016852	jg8652	AT4G36850.1
OG0016853	jg8658	AT4G36790.1
OG0016854	jg8662	AT4G36750.1
OG0016855	jg8674	AT4G36630.1
OG0016856	jg8678	AT4G36600.2
OG0016857	jg8694	AT4G36420.1
OG0016858	jg8695	AT4G36410.1
OG0016859	jg8706	AT4G36240.1
OG0016860	jg8712	AT4G36180.1
OG0016861	jg8729	AT4G36050.2
OG0016862	jg8731	AT4G36030.1
OG0016863	jg8735	AT4G35985.1
OG0016864	jg8742	AT4G35910.1
OG0016865	jg8743	AT4G35905.1
OG0016866	jg8747	AT4G35870.1
OG0016867	jg8757	AT4G35810.1
OG0016868	jg8761	AT4G35780.1
OG0016869	jg8781	AT4G35660.1
OG0016870	jg8783	AT4G35650.1
OG0016871	jg8786	AT4G35620.1
OG0016872	jg8789	AT4G35590.1
OG0016873	jg8803	AT4G35440.2
OG0016874	jg8806	AT4G35390.1
OG0016875	jg8811	AT4G35350.1
OG0016876	jg8816	AT4G35300.1
OG0016877	jg8825	AT4G35250.1
OG0016878	jg8840	AT4G35130.1
OG0016879	jg8848	AT4G35080.3
OG0016880	jg8853	AT4G35030.3
OG0016881	jg8871	AT4G34810.1
OG0016882	jg8887	AT4G34630.1
OG0016883	jg8888	AT4G34620.1
OG0016884	jg8889	AT4G34610.1
OG0016885	jg8899	AT4G34540.1
OG0016886	jg8919	AT4G34370.1
OG0016887	jg8920	AT4G34360.1
OG0016888	jg8922	AT4G34340.1
OG0016889	jg8925	AT4G34310.1
OG0016890	jg8928	AT4G34280.1
OG0016891	jg8934	AT4G34240.1
OG0016892	jg8939	AT4G34220.1
OG0016893	jg8958	AT4G34100.1
OG0016894	jg8959	AT4G34090.3
OG0016895	jg8971	AT4G33945.1
OG0016896	jg8974	AT4G33925.1
OG0016897	jg8976	AT4G33910.1
OG0016898	jg8996	AT4G33730.1
OG0016899	jg9003	AT4G33690.1
OG0016900	jg9009	AT4G33640.2
OG0016901	jg9019	AT4G33560.1
OG0016902	jg9021	AT4G33540.1
OG0016903	jg9026	AT4G33530.1
OG0016904	jg9027	AT4G33520.2
OG0016905	jg9029	AT4G33510.1
OG0016906	jg9031	AT4G33495.1
OG0016907	jg9032	AT4G33490.2
OG0016908	jg9037	AT4G33460.1
OG0016909	jg9047	AT4G33360.1
OG0016910	jg9048	AT4G33355.1
OG0016911	jg9112	AT4G32770.1
OG0016912	jg9061	AT4G33230.1
OG0016913	jg9064	AT4G33200.4
OG0016914	jg9070	AT4G33130.3
OG0016915	jg9744	AT4G27060.1
OG0016916	jg9085	AT4G33020.2
OG0016917	jg9097	AT4G32910.1
OG0016918	jg9098	AT4G32900.2
OG0016919	jg9110	AT4G32790.1
OG0016920	jg9127	AT4G32630.2
OG0016921	jg9131	AT4G32590.3
OG0016922	jg9133	AT4G32560.1
OG0016923	jg9150	AT4G32430.1
OG0016924	jg9151	AT4G32420.1
OG0016925	jg9153	AT4G32400.1
OG0016926	jg9158	AT4G32360.1
OG0016927	jg9160	AT4G32340.1
OG0016928	jg9166	AT4G32285.1
OG0016929	jg9186	AT4G32130.1
OG0016930	jg9193	AT4G32060.1
OG0016931	jg9194	AT4G32050.1
OG0016932	jg9205	AT4G31930.1
OG0016933	jg9207	AT4G31910.1
OG0016934	jg9215	AT4G31850.1
OG0016935	jg9220	AT4G31805.1
OG0016936	jg9233	AT4G31670.1
OG0016937	jg9235, jg9234	AT4G31660.1
OG0016938	jg9256	AT4G31470.1
OG0016939	jg9259	AT4G31430.2
OG0016940	jg9260	AT4G31420.2
OG0016941	jg9263	AT4G31390.1
OG0016942	jg9277	AT4G31240.1
OG0016943	jg9278	AT4G31230.1
OG0016944	jg9280	AT4G31200.1
OG0016945	jg9288	AT4G31115.2
OG0016946	jg9297	AT4G31000.1
OG0016947	jg9300	AT4G30993.2
OG0016948	jg9320	AT4G30845.1
OG0016949	jg9321	AT4G30840.1
OG0016950	jg9322	AT4G30830.1
OG0016951	jg9324	AT4G30825.1
OG0016952	jg9360	AT4G30510.1
OG0016953	jg9371	AT4G30410.1
OG0016954	jg9380	AT4G30320.1
OG0016955	jg9420	AT4G29980.1
OG0016956	jg9424	AT4G29950.1
OG0016957	jg9433	AT4G29860.1
OG0016958	jg9453	AT4G29750.1
OG0016959	jg9454	AT4G29740.2
OG0016960	jg9456	AT4G29730.1
OG0016961	jg9482	AT4G29540.2
OG0016962	jg9491	AT4G29440.1
OG0016963	jg9495	AT4G29380.1
OG0016964	jg9503	AT4G29330.1
OG0016965	jg9519	AT4G29150.1
OG0016966	jg9522	AT4G29120.1
OG0016967	jg9525	AT4G29080.1
OG0016968	jg9526	AT4G29060.1
OG0016969	jg9529	AT4G29033.1
OG0016970	jg9535	AT4G28980.1
OG0016971	jg9536	AT4G28950.1
OG0016972	jg9552	AT4G28780.1
OG0016973	jg9553	AT4G28775.1
OG0016974	jg9554	AT4G28770.2
OG0016975	jg9557	AT4G28740.1
OG0016976	jg9559	AT4G28710.1
OG0016977	jg9567	AT4G28650.1
OG0016978	jg9570	AT4G28600.3
OG0016979	jg9571	AT4G28590.1
OG0016980	jg9573	AT4G28570.1
OG0016981	jg9577	AT4G28550.1
OG0016982	jg9583	AT4G28490.1
OG0016983	jg9588	AT4G28450.1
OG0016984	jg9590	AT4G28430.1
OG0016985	jg9591	AT4G28420.2
OG0016986	jg9594	AT4G28405.1
OG0016987	jg9598	AT4G28390.1
OG0016988	jg9599	AT4G28380.1
OG0016989	jg9602	AT4G28350.1
OG0016990	jg9613	AT4G28230.1
OG0016991	jg9618	AT4G28180.1
OG0016992	jg9619	AT4G28170.1
OG0016993	jg9630	AT4G28070.2
OG0016994	jg9636	AT4G28020.1
OG0016995	jg9650	AT4G27900.1
OG0016996	jg9653	AT4G27870.2
OG0016997	jg9657	AT4G27840.1
OG0016998	jg9662	AT4G27800.1
OG0016999	jg9664	AT4G27790.1
OG0017000	jg9665	AT4G27780.1
OG0017001	jg9667	AT4G27750.1
OG0017002	jg9670	AT4G27730.1
OG0017003	jg9673	AT4G27700.1
OG0017004	jg9676	AT4G27670.1
OG0017005	jg9683	AT4G27620.1
OG0017006	jg9689	AT4G27590.2
OG0017007	jg9690	AT4G27585.1
OG0017008	jg9694, jg9692	AT4G27560.1, AT4G27570.1
OG0017009	jg9697	AT4G27530.1
OG0017010	jg9698	AT4G27520.1
OG0017011	jg9715	AT4G27390.1
OG0017012	jg9716	AT4G27380.1
OG0017013	jg9721	AT4G27330.1
OG0017014	jg9726	AT4G27280.1
OG0017015	jg9730	AT4G27250.1
OG0017016	jg9748	AT4G27020.1
OG0017017	jg9753	AT4G26970.1
OG0017018	jg9764	AT4G26860.2
OG0017019	jg9768	AT4G26820.1
OG0017020	jg9773	AT4G26770.1
OG0017021	jg9781	AT4G26680.1
OG0017022	jg9788	AT4G26620.1
OG0017023	jg9789	AT4G26610.1
OG0017024	jg9790	AT4G26600.5
OG0017025	jg9795	AT4G26555.1
OG0017026	jg9802	AT4G26490.1
OG0017027	jg9810	AT4G26450.1
OG0017028	jg9814	AT4G26415.1
OG0017029	jg9823	AT4G26310.2
OG0017030	jg9830	AT4G26240.1
OG0017031	jg9832	AT4G26220.1
OG0017032	jg9839	AT4G26180.1
OG0017033	jg9848	AT4G26100.1
OG0017034	jg9849	AT4G26090.1
OG0017035	jg9852	AT4G26060.1
OG0017036	jg9861	AT4G25980.1
OG0017037	jg9869	AT4G25910.1
OG0017038	jg9880	AT4G25830.1
OG0017039	jg9886	AT4G25790.1
OG0017040	jg9888	AT4G25770.2
OG0017041	jg9889	AT4G25760.1
OG0017042	jg9908	AT4G25580.1
OG0017043	jg9912	AT4G25540.1
OG0017044	jg9916	AT4G25500.1
OG0017045	jg9924	AT4G25430.1
OG0017046	jg9930	AT4G25370.1
OG0017047	jg9948	AT4G25220.1
OG0017048	jg9958	AT4G25120.1
OG0017049	jg9959	AT4G25110.1
OG0017050	jg9967	AT4G25070.2
OG0017051	jg9981	AT4G24940.1
OG0017052	jg9999	AT4G24740.1
OG0017053	jg10000	AT4G24730.1
OG0017054	jg10004, jg10002	AT4G24710.3
OG0017055	jg10020	AT4G24570.1
OG0017056	jg10026	AT4G24510.1
OG0017057	jg10029	AT4G24480.1
OG0017058	jg10032	AT4G24450.1
OG0017059	jg10034	AT4G24430.1
OG0017060	jg10042	AT4G24370.1
OG0017061	jg10054	AT4G24265.2
OG0017062	jg10065	AT4G24175.1
OG0017063	jg10069	AT4G24140.1
OG0017064	jg10090	AT4G23980.1
OG0017065	jg10092	AT4G23950.2
OG0017066	jg10096	AT4G23910.1
OG0017067	jg10098	AT4G23895.3
OG0017068	jg10104	AT4G23860.1
OG0017069	jg10105	AT4G23850.1
OG0017070	jg10111	AT4G23790.1
OG0017071	jg10116	AT4G23740.1
OG0017072	jg10143	AT4G23540.1
OG0017073	jg10146	AT4G23520.1
OG0017074	jg10147	AT4G23515.1
OG0017075	jg10219	AT4G23060.1
OG0017076	jg10220	AT4G23050.2
OG0017077	jg10235	AT4G22900.1
OG0017078	jg10239	AT4G22850.1
OG0017079	jg10242	AT4G22820.1
OG0017080	jg10251	AT4G22760.1
OG0017081	jg10254	AT4G22750.1
OG0017082	jg10263	AT4G22666.1
OG0017083	jg10277	AT4G22550.1
OG0017084	jg10279	AT4G22530.1
OG0017085	jg10286	AT4G22475.2
OG0017085	jg10287	AT4G22467.1
OG0017085	jg10283	AT4G22495.1
OG0017086	jg10284	AT4G22490.1
OG0017087	jg10294	AT4G22370.2
OG0017088	jg10333	AT4G22070.1
OG0017089	jg10345	AT4G21960.1
OG0017090	jg10363	AT4G21900.1
OG0017091	jg10365	AT4G21890.1
OG0017092	jg10366	AT4G21880.1
OG0017093	jg10367	AT4G21870.1
OG0017094	jg10377	AT4G21820.3
OG0017095	jg10379	AT4G21800.1
OG0017096	jg10381	AT4G21780.1
OG0017097	jg10382	AT4G21770.1
OG0017098	jg10384	AT4G21745.1
OG0017099	jg10391	AT4G21705.1
OG0017100	jg10392	AT4G21700.1
OG0017101	jg10401	AT4G21610.1
OG0017102	jg10407	AT4G21550.1
OG0017103	jg10412	AT4G21520.1
OG0017104	jg10415	AT4G21500.1
OG0017105	jg10431	AT4G21350.1
OG0017106	jg10432	AT4G21340.1
OG0017107	jg10434	AT4G21326.1
OG0017108	jg10435	AT4G21323.1
OG0017109	jg10437	AT4G21310.1
OG0017110	jg10445	AT4G21210.1
OG0017111	jg10450	AT4G21180.1
OG0017112	jg10451	AT4G21170.1
OG0017113	jg10484	AT4G20900.1
OG0017114	jg10487	AT4G20870.1
OG0017115	jg10493	AT4G20820.1
OG0017116	jg10500	AT4G20760.2
OG0017117	jg10514, jg10526	AT4G20410.2
OG0017118	jg10539	AT4G20310.4
OG0017119	jg10540	AT4G20300.2
OG0017120	jg10541	AT4G20280.1
OG0017121	jg10553	AT4G20140.1
OG0017122	jg10554	AT4G20130.1
OG0017123	jg10560	AT4G20070.1
OG0017124	jg10561	AT4G20060.1
OG0017125	jg10562	AT4G20050.5
OG0017126	jg10610	AT4G19670.1
OG0017127	jg10611	AT4G19660.2
OG0017128	jg10614	AT4G19650.2
OG0017129	jg10626	AT4G19560.1
OG0017130	jg10639	AT4G19440.1
OG0017131	jg10646	AT4G19390.1
OG0017132	jg10649	AT4G19360.1
OG0017133	jg10650	AT4G19350.1
OG0017134	jg10651	AT4G19330.1, AT4G19250.1
OG0017135	jg10654	AT4G19220.1
OG0017136	jg10660	AT4G19180.1
OG0017137	jg10663	AT4G19150.1
OG0017138	jg10670	AT4G19090.1
OG0017139	jg10675	AT4G19070.1
OG0017140	jg10677	AT4G19050.1
OG0017141	jg10683	AT4G19020.1
OG0017142	jg10706	AT4G18820.1
OG0017143	jg10707	AT4G18810.2
OG0017144	jg10714	AT4G18740.1
OG0017145	jg10721	AT4G18660.1
OG0017146	jg10722	AT4G18650.1
OG0017147	jg10723	AT4G18640.1
OG0017148	jg10726	AT4G18620.1
OG0017149	jg10728	AT4G18600.1
OG0017150	jg10738	AT4G18540.1
OG0017151	jg10745	AT4G18465.1
OG0017152	jg10755	AT4G18380.1
OG0017153	jg10763	AT4G18335.1
OG0017154	jg10776	AT4G18270.1
OG0017155	jg10778	AT4G18260.1
OG0017156	jg10802	AT4G18060.1
OG0017157	jg10812	AT4G17960.1
OG0017158	jg10817	AT4G17910.4
OG0017159	jg10818	AT4G17905.2
OG0017160	jg10824	AT4G17880.1
OG0017161	jg10837	AT4G17770.1
OG0017162	jg10838	AT4G17760.1
OG0017163	jg10839	AT4G17750.1
OG0017164	jg10840	AT4G17740.1
OG0017165	jg10841	AT4G17730.2
OG0017166	jg10845	AT4G17710.1
OG0017167	jg10847	AT4G17690.1
OG0017168	jg10870	AT4G17490.1
OG0017169	jg10880	AT4G17410.2
OG0017170	jg10882	AT4G17380.1
OG0017171	jg10890	AT4G17280.1
OG0017172	jg10902	AT4G17180.1
OG0017173	jg10905	AT4G17150.1
OG0017175	jg10918	AT4G17020.3
OG0017176	jg10923	AT4G16970.1
OG0017177	jg10934	AT4G16800.1
OG0017178	jg10936	AT4G16780.1
OG0017179	jg10938	AT4G16770.1
OG0017180	jg10951	AT4G16700.1
OG0017181	jg10964	AT4G16570.1
OG0017183	jg10992	AT4G16510.1
OG0017184	jg10995	AT4G16490.1
OG0017185	jg11004	AT4G16440.1
OG0017186	jg11014	AT4G16370.1
OG0017187	jg11016	AT4G16350.1
OG0017188	jg11018	AT4G16340.1
OG0017189	jg11021	AT4G16310.1
OG0017190	jg11023	AT4G16280.2
OG0017191	jg11024	AT4G16270.1
OG0017192	jg11026	AT4G16260.1
OG0017193	jg11038	AT4G16190.1
OG0017194	jg11050	AT4G16144.1
OG0017195	jg11056	AT4G16100.1
OG0017196	jg11062	AT4G16060.1
OG0017197	jg11075	AT4G15980.2
OG0017198	jg11078	AT4G15970.1
OG0017199	jg11082	AT4G15960.1
OG0017200	jg11091	AT4G15920.1
OG0017201	jg11093	AT4G15910.1
OG0017202	jg11103	AT4G15830.1
OG0017203	jg11105	AT4G15810.1
OG0017204	jg11107	AT4G15800.1
OG0017205	jg11109	AT4G15780.1
OG0017206	jg11117	AT4G15765.1
OG0017207	jg11118	AT4G15760.2
OG0017208	jg11129	AT4G15720.1
OG0017210	jg11148	AT4G15563.7
OG0017211	jg11158	AT4G15520.1
OG0017212	jg11169	AT4G15450.1
OG0017213	jg11172	AT4G15420.2
OG0017214	jg11177	AT4G15410.1
OG0017215	jg11214	AT4G15140.1
OG0017216	jg11216	AT4G15120.1
OG0017217	jg11236	AT4G15030.2
OG0017218	jg11238	AT4G15010.1
OG0017219	jg11242	AT4G14965.1
OG0017220	jg11253	AT4G14870.1
OG0017221	jg11254	AT4G14860.1
OG0017222	jg11260	AT4G14819.1
OG0017223	jg11265	AT4G14790.1
OG0017224	jg11277	AT4G14760.1
OG0017225	jg11278	AT4G14750.3
OG0017226	jg11296	AT4G14650.1
OG0017227	jg11315	AT4G14520.1
OG0017228	jg11316	AT4G14510.1
OG0017229	jg11319	AT4G14480.1
OG0017230	jg11321	AT4G14465.1
OG0017231	jg11322	AT4G14455.1
OG0017232	jg11323	AT4G14450.1
OG0017233	jg11336	AT4G14380.1
OG0017234	jg11347	AT4G14310.2
OG0017235	jg11348	AT4G14305.1
OG0017236	jg11350	AT4G14300.1
OG0017237	jg11353	AT4G14270.1
OG0017238	jg11360	AT4G14230.1
OG0017239	jg11361	AT4G14225.1
OG0017240	jg11372	AT4G14147.2
OG0017241	jg11389	AT4G14050.1
OG0017242	jg11391	AT4G14020.1
OG0017243	jg11403	AT4G13980.1
OG0017244	jg11427	AT4G13840.1
OG0017245	jg11438	AT4G13730.1
OG0017246	jg11447	AT4G13670.1
OG0017247	jg11456	AT4G13620.1
OG0017248	jg11463	AT4G13590.1
OG0017249	jg11479	AT4G13560.1
OG0017250	jg11482	AT4G13550.2
OG0017252	jg11546	AT4G13270.1
OG0017253	jg11560	AT3G24535.1
OG0017254	jg11565	AT4G13230.1
OG0017255	jg11570	AT4G13200.1
OG0017256	jg11577, jg11576	AT4G13190.1
OG0017257	jg11582	AT4G13150.1
OG0017258	jg11618	AT4G13070.1
OG0017259	jg11623	AT4G13040.3
OG0017260	jg11626	AT4G13030.3
OG0017261	jg11641	AT4G12980.1
OG0017262	jg11661	AT4G12840.1
OG0017263	jg11662	AT4G12830.1
OG0017264	jg11707	AT4G12650.1
OG0017265	jg11764, jg11865	AT5G33280.1
OG0017266	jg11844	AT5G32470.1
OG0017267	jg11856	AT5G33370.1
OG0017268	jg11873	AT5G34850.1
OG0017269	jg11880	AT5G34940.2
OG0017271	jg11906	AT5G35110.1
OG0017272	jg11909	AT5G35160.2
OG0017273	jg11911	AT5G35170.1
OG0017274	jg11912	AT5G35180.4
OG0017275	jg11914	AT5G35200.1
OG0017276	jg11915	AT5G35220.1
OG0017277	jg11922	AT5G35330.1
OG0017278	jg11927	AT5G35370.1
OG0017279	jg11939	AT5G35520.1
OG0017280	jg11942	AT5G35550.2
OG0017281	jg11943	AT5G35560.1
OG0017282	jg11944	AT5G35570.1
OG0017283	jg11945	AT5G35580.2
OG0017284	jg11960	AT5G35660.1
OG0017285	jg11961	AT5G35670.1
OG0017286	jg11967	AT5G35730.1
OG0017287	jg11969	AT5G35732.2
OG0017288	jg11970	AT5G35735.1
OG0017289	jg11972	AT5G35740.1
OG0017290	jg12021	AT5G35970.1
OG0017291	jg12027	AT5G36110.1, AT5G36140.1
OG0017292	jg12028	AT5G36120.1
OG0017293	jg12065	AT5G36710.2, AT5G36800.2
OG0017294	jg12069	AT5G36880.2
OG0017295	jg12099	AT5G36960.1
OG0017296	jg12106	AT5G37000.1
OG0017297	jg12151	AT5G37260.1
OG0017298	jg12159	AT5G37310.1
OG0017299	jg12199	AT5G37490.1
OG0017300	jg12200	AT5G37500.2
OG0017301	jg12210	AT5G37570.1
OG0017302	jg12232	AT5G37660.2
OG0017303	jg12233	AT5G37670.1
OG0017304	jg12237	AT5G37710.1
OG0017305	jg12238	AT5G37720.1
OG0017306	jg12254	AT5G37830.1
OG0017307	jg12257	AT5G37850.1
OG0017308	jg12258	AT5G37860.1
OG0017309	jg12342	AT5G38290.2
OG0017310	jg12349	AT5G38310.1
OG0017311	jg12383	AT5G38500.1
OG0017311	jg12382	AT5G38490.1
OG0017312	jg12385	AT5G38520.2
OG0017313	jg12388	AT5G38560.1
OG0017314	jg12405	AT5G38640.1
OG0017315	jg12415	AT5G38710.1
OG0017316	jg12419	AT5G38770.1
OG0017317	jg12421	AT5G38790.1
OG0017318	jg12423	AT5G38820.2
OG0017319	jg12434	AT5G38900.2
OG0017320	jg12435	AT5G38910.1
OG0017321	jg12465	AT5G39040.1
OG0017322	jg12481	AT5G39210.1
OG0017323	jg12484	AT5G39240.1
OG0017324	jg12485	AT5G39250.1
OG0017325	jg12489	AT5G39310.1
OG0017326	jg12502	AT5G39380.1
OG0017327	jg12511, jg12510	AT5G39440.1
OG0017328	jg12534	AT5G39600.1
OG0017329	jg12553	AT5G39785.4
OG0017330	jg12554	AT5G39790.3
OG0017331	jg12558	AT5G39830.1
OG0017332	jg12559	AT5G39840.1
OG0017333	jg12568	AT5G39890.1
OG0017334	jg12569	AT5G39900.1
OG0017335	jg12570	AT5G39910.1
OG0017336	jg12592	AT5G40000.1
OG0017337	jg12605	AT5G40020.1
OG0017338	jg12606	AT5G40030.1
OG0017339	jg12624	AT5G40210.1
OG0017340	jg12631	AT5G40260.1
OG0017341	jg12634	AT5G40280.2
OG0017342	jg12637	AT5G40300.1
OG0017343	jg12640	AT5G40330.1
OG0017344	jg12642	AT5G40340.1
OG0017345	jg12645	AT5G40370.2
OG0017346	jg12651	AT5G40390.1
OG0017347	jg12653	AT5G40405.1
OG0017348	jg12660	AT5G40470.1
OG0017349	jg12663	AT5G40500.1
OG0017350	jg12664	AT5G40510.2
OG0017351	jg12677	AT5G40620.1
OG0017352	jg12688	AT5G40690.1
OG0017353	jg12701	AT5G40800.1
OG0017354	jg12706	AT5G40860.1
OG0017355	jg12710	AT5G40900.1
OG0017356	jg12713	AT5G40940.1
OG0017357	jg12727	AT5G41070.1
OG0017358	jg12731	AT5G41110.1
OG0017359	jg12738	AT5G41150.1
OG0017360	jg12745	AT5G41180.1
OG0017361	jg12757	AT5G41320.1
OG0017362	jg12758	AT5G41330.1
OG0017363	jg12780	AT5G41560.1
OG0017364	jg12781	AT5G41570.1
OG0017365	jg12783	AT5G41590.1
OG0017366	jg12786	AT5G41620.1
OG0017367	jg12790	AT5G41680.1
OG0017368	jg12791	AT5G41685.1
OG0017369	jg12819	AT5G41761.1
OG0017370	jg12834	AT5G41860.1
OG0017371	jg12840	AT5G41920.1
OG0017372	jg12843	AT5G41950.1
OG0017373	jg12849	AT5G42010.1
OG0017374	jg20261	AT5G47750.1
OG0017375	jg20264	AT5G47720.2
OG0017376	jg20300	AT5G47435.1
OG0017377	jg20302	AT5G47430.6
OG0017378	jg20303	AT5G47400.1
OG0017379	jg20314	AT5G47310.1
OG0017380	jg20343	AT5G47800.2
OG0017381	jg20348	AT5G47090.1
OG0017382	jg20360	AT5G47020.1
OG0017383	jg20361	AT5G47010.1
OG0017384	jg20376	AT5G46850.2
OG0017385	jg20390	AT5G46720.1
OG0017386	jg20399	AT5G46610.1
OG0017387	jg20421	AT5G46460.1
OG0017388	jg20426	AT5G46410.2
OG0017389	jg20427	AT5G46400.1
OG0017390	jg20428	AT5G46390.2
OG0017391	jg20431	AT5G46370.1
OG0017392	jg20452	AT5G46180.1
OG0017393	jg20453	AT5G46170.1
OG0017394	jg20477	AT5G45980.1
OG0017395	jg20481	AT5G45960.1
OG0017396	jg20495	AT5G45850.1
OG0017397	jg20502	AT5G45790.2
OG0017398	jg20507	AT5G45760.1
OG0017399	jg20510	AT5G45710.1
OG0017400	jg20516	AT5G45680.1
OG0017401	jg20521	AT5G45630.1
OG0017402	jg20531	AT5G45540.1
OG0017403	jg20561	AT5G45310.1
OG0017404	jg20562	AT5G45300.3
OG0017405	jg20563	AT5G45290.2
OG0017406	jg20564	AT5G45280.2
OG0017407	jg20596	AT5G45170.1
OG0017408	jg20603	AT5G45113.1
OG0017409	jg20655	AT5G44785.2
OG0017410	jg20656	AT5G44780.1
OG0017411	jg20667	AT5G44680.1
OG0017412	jg20668	AT5G44670.1
OG0017413	jg21869, jg20680	AT5G51880.1
OG0017414	jg20729	AT5G44410.1
OG0017415	jg20736	AT5G44370.1
OG0017416	jg20762	AT5G44300.1
OG0017417	jg20769	AT5G44240.1
OG0017418	jg20775	AT5G44180.1
OG0017419	jg20777	AT5G44160.1
OG0017420	jg20778	AT5G44150.1
OG0017421	jg20790	AT5G44060.1
OG0017422	jg20800	AT5G43980.1
OG0017423	jg20803	AT5G43950.1
OG0017424	jg20807	AT5G43920.1
OG0017425	jg20811	AT5G43890.1
OG0017426	jg20820	AT5G43830.1
OG0017427	jg20824	AT5G43822.1
OG0017428	jg20825	AT5G43820.1
OG0017429	jg20826	AT5G43810.1
OG0017430	jg20844	AT5G43680.1
OG0017431	jg20845	AT5G43670.1
OG0017432	jg20856	AT5G43530.1
OG0017433	jg20859	AT5G43500.1
OG0017434	jg20867	AT5G43420.1
OG0017435	jg20917	AT5G43250.1
OG0017436	jg20926	AT5G43180.1
OG0017437	jg20931	AT5G43140.1
OG0017438	jg20951	AT5G43050.1
OG0017439	jg20961	AT5G43020.1
OG0017440	jg20964	AT5G43000.1
OG0017441	jg20986	AT5G42950.1
OG0017442	jg21003	AT5G42890.1
OG0017443	jg21004	AT5G42880.1
OG0017444	jg21008	AT5G42850.1
OG0017445	jg21026	AT5G42760.2
OG0017446	jg21027	AT5G42750.1
OG0017447	jg21033	AT5G42720.1
OG0017448	jg21034	AT5G42710.1
OG0017449	jg21041	AT5G42690.2
OG0017450	jg21042	AT5G42680.1
OG0017451	jg21046	AT5G42660.1
OG0017452	jg21059	AT5G42630.1
OG0017453	jg21085	AT5G42470.1
OG0017454	jg21093	AT5G42450.1
OG0017455	jg21104	AT5G42440.1
OG0017456	jg21107	AT5G42420.1
OG0017457	jg21114	AT5G42400.1
OG0017458	jg21121	AT5G42370.2
OG0017459	jg21130	AT5G42340.1
OG0017460	jg21131	AT5G42330.1
OG0017461	jg21132	AT5G42320.2
OG0017462	jg21133	AT5G42310.1
OG0017463	jg21137	AT5G42290.1
OG0017464	jg21165	AT5G42220.1
OG0017465	jg21277	AT5G47900.1
OG0017466	jg21285	AT5G47940.1
OG0017467	jg21287	AT5G47950.1
OG0017468	jg21293	AT5G47960.1
OG0017469	jg21296	AT5G48020.1
OG0017470	jg21298	AT5G48040.1
OG0017471	jg21328	AT5G48100.1
OG0017472	jg21338	AT5G48120.1
OG0017473	jg21348	AT5G48160.1
OG0017474	jg21353	AT5G48220.1
OG0017475	jg21367	AT5G48335.1
OG0017476	jg21380	AT5G48430.1
OG0017477	jg21381	AT5G48440.1
OG0017478	jg21382	AT5G48450.1
OG0017479	jg21405	AT5G48590.1
OG0017480	jg21407	AT5G48610.3, AT5G43490.1
OG0017481	jg21427	AT5G48650.1
OG0017482	jg21455	AT5G48800.1
OG0017483	jg21459	AT5G48840.1
OG0017484	jg21476	AT5G48953.1
OG0017485	jg21550	AT5G49270.1
OG0017486	jg21597	AT5G49560.1
OG0017487	jg21598	AT5G49570.1
OG0017488	jg21602	AT5G49580.1
OG0017489	jg21604	AT5G49610.1
OG0017490	jg21608	AT5G49660.1
OG0017491	jg21616	AT5G49690.1
OG0017492	jg21630	AT5G49820.1
OG0017493	jg21631	AT5G49830.2
OG0017494	jg21638	AT5G49880.1
OG0017495	jg21643	AT5G49930.1
OG0017496	jg21652	AT5G50000.1
OG0017497	jg21660	AT5G50080.2
OG0017498	jg21663	AT5G50110.1
OG0017499	jg21664	AT5G50120.1
OG0017500	jg21667	AT5G50150.1
OG0017501	jg21678	AT5G50230.1
OG0017502	jg21679	AT5G50240.1
OG0017503	jg21683	AT5G50260.1
OG0017504	jg21687	AT5G50290.1
OG0017505	jg21690	AT5G50310.1
OG0017506	jg21696	AT5G50335.1
OG0017507	jg21697	AT5G50340.1
OG0017508	jg21702	AT5G50370.1
OG0017509	jg21707	AT5G50380.1
OG0017510	jg21708	AT5G50390.1
OG0017511	jg21718	AT5G50480.1
OG0017512	jg21725	AT5G50640.1, AT5G50530.1
OG0017513	jg21731	AT5G50610.1, AT5G50710.1
OG0017514	jg21750	AT5G50920.1
OG0017515	jg21751	AT5G50930.1
OG0017516	jg21755	AT5G50970.1
OG0017517	jg21756	AT5G50990.1
OG0017518	jg21759	AT5G51010.1
OG0017519	jg21796	AT5G51350.1
OG0017520	jg21824	AT5G51540.1
OG0017521	jg21825	AT5G51545.1
OG0017522	jg21826	AT5G51550.1
OG0017523	jg21828	AT5G51570.1
OG0017524	jg21831	AT5G51600.1
OG0017525	jg21842, jg21841	AT5G51660.1
OG0017526	jg21843	AT5G51670.1
OG0017527	jg21844	AT5G51680.1
OG0017528	jg21845	AT5G51690.1
OG0017529	jg21847	AT5G51710.1
OG0017530	jg21851	AT5G51740.2
OG0017531	jg21854	AT5G51760.1
OG0017532	jg21855	AT5G51770.1
OG0017533	jg21862	AT5G51820.1
OG0017534	jg21866	AT5G51850.1
OG0017535	jg21873	AT5G51910.1
OG0017536	jg21880	AT5G51970.1
OG0017537	jg21882	AT5G51990.1
OG0017538	jg21884	AT5G52010.1
OG0017539	jg21896	AT5G52100.1
OG0017540	jg21897	AT5G52110.1
OG0017541	jg21910	AT5G52180.1
OG0017542	jg21914	AT5G52220.1
OG0017543	jg21917	AT5G52250.1
OG0017544	jg21919	AT5G52260.1
OG0017545	jg21922	AT5G52290.1
OG0017546	jg21930	AT5G52380.1
OG0017547	jg21933	AT5G52400.1
OG0017548	jg21948	AT5G52520.1
OG0017549	jg21952	AT5G52545.2
OG0017550	jg21956	AT5G52570.1
OG0017551	jg21957	AT5G52580.2
OG0017552	jg21977	AT5G52740.1
OG0017553	jg21981	AT5G52780.1
OG0017554	jg21983	AT5G52800.3
OG0017555	jg21984	AT5G52810.1
OG0017556	jg21989	AT5G52820.1
OG0017557	jg21990	AT5G52830.1
OG0017558	jg21992	AT5G52850.1
OG0017559	jg21995	AT5G52880.1
OG0017560	jg22027	AT5G53040.1
OG0017561	jg22045	AT5G53220.1
OG0017562	jg22053	AT5G53320.1
OG0017563	jg22065	AT5G53450.1
OG0017564	jg22066	AT5G53460.1
OG0017565	jg22067	AT5G53480.1
OG0017566	jg22081	AT5G53580.1
OG0017567	jg22126	AT5G53660.1
OG0017568	jg22134	AT5G53760.1
OG0017569	jg22148	AT5G53860.4
OG0017570	jg22158	AT5G53920.1
OG0017571	jg22160	AT5G53940.1
OG0017572	jg22187	AT5G54080.1
OG0017573	jg22188	AT5G54090.1
OG0017574	jg22218	AT5G54260.2
OG0017575	jg22222	AT5G54290.2
OG0017576	jg22314	AT5G54880.1
OG0017577	jg22324	AT5G55000.2
OG0017578	jg22336	AT5G55120.1
OG0017579	jg22348	AT5G55210.1
OG0017580	jg22349	AT5G55220.1
OG0017581	jg22351	AT5G55250.1
OG0017582	jg22378	AT5G55470.1
OG0017583	jg22380	AT5G55480.1
OG0017584	jg22394	AT5G55580.1
OG0017585	jg22398	AT5G55620.1
OG0017586	jg22405	AT5G55690.1
OG0017587	jg22409	AT5G55730.1
OG0017588	jg22410	AT5G55740.1
OG0017589	jg22420	AT5G55820.1
OG0017590	jg22422	AT5G55840.1
OG0017591	jg22430	AT5G55900.1
OG0017592	jg22433	AT5G55930.1
OG0017593	jg22435	AT5G55950.1
OG0017594	jg22470	AT5G56210.1
OG0017595	jg22482	AT5G56310.1
OG0017596	jg22541	AT5G56590.1
OG0017597	jg22543	AT5G56610.1
OG0017598	jg22544	AT5G56620.3
OG0017599	jg22555	AT5G56720.1
OG0017600	jg22556	AT5G56730.1
OG0017601	jg22570	AT5G56850.1
OG0017603	jg22587, jg22589	AT5G56990.2
OG0017604	jg22598	AT5G57050.1
OG0017605	jg22599	AT5G57060.3
OG0017606	jg22612	AT5G57160.1
OG0017607	jg22633	AT5G57340.2
OG0017608	jg22641	AT5G57390.1
OG0017609	jg22643	AT5G57410.3
OG0017610	jg22647	AT5G57460.1
OG0017611	jg22663	AT5G57610.1
OG0017612	jg22668	AT5G57655.2
OG0017613	jg22670	AT5G57670.2
OG0017614	jg22673	AT5G57700.3
OG0017615	jg22680	AT5G57780.1
OG0017616	jg22687	AT5G57850.1
OG0017617	jg22695	AT5G57930.2
OG0017618	jg22698	AT5G57950.2
OG0017619	jg22712	AT5G58080.1
OG0017620	jg22716	AT5G58100.1
OG0017621	jg22720	AT5G58150.1
OG0017622	jg22726	AT5G58200.2
OG0017623	jg22728	AT5G58220.1
OG0017624	jg22730	AT5G58240.1
OG0017625	jg22761	AT5G58490.1
OG0017626	jg22766	AT5G58540.1
OG0017627	jg22770	AT5G58575.1
OG0017628	jg22774	AT5G58600.1
OG0017629	jg22776	AT5G58620.1
OG0017630	jg22784	AT5G58690.1
OG0017631	jg22820	AT5G58960.1
OG0017632	jg22833	AT5G59250.1
OG0017633	jg22838	AT5G59200.1
OG0017634	jg22855	AT5G59040.1
OG0017635	jg22869	AT5G59360.1
OG0017636	jg22873	AT5G59400.1
OG0017637	jg22876	AT5G59430.1
OG0017638	jg22878	AT5G59450.1
OG0017639	jg22880	AT5G59470.1
OG0017640	jg22906	AT5G59700.1
OG0017641	jg22907	AT5G59710.1
OG0017642	jg22911	AT5G59750.2
OG0017643	jg22913	AT5G59770.1
OG0017644	jg22918	AT5G59810.1
OG0017645	jg22920	AT5G59830.1
OG0017646	jg22930	AT5G59900.1
OG0017647	jg22944	AT5G60050.1
OG0017648	jg22946	AT5G60070.1
OG0017649	jg22957	AT5G60150.2
OG0017650	jg22972	AT5G60280.1
OG0017651	jg22991	AT5G60520.1
OG0017652	jg22995	AT5G60570.1
OG0017653	jg22997	AT5G60590.2
OG0017654	jg22998	AT5G60600.1
OG0017655	jg23016	AT5G60750.1
OG0017656	jg23022	AT5G60820.1
OG0017657	jg23025	AT5G60850.1
OG0017658	jg23036	AT5G60940.1
OG0017659	jg23038	AT5G60960.1
OG0017660	jg23054	AT5G61120.1
OG0017661	jg23056	AT5G61140.2
OG0017662	jg23072	AT5G61270.1
OG0017663	jg23079	AT5G61350.1
OG0017664	jg23083	AT5G61390.1
OG0017665	jg23095	AT5G61480.1
OG0017666	jg23096	AT5G61490.1
OG0017667	jg23104	AT5G61570.1
OG0017668	jg23106	AT5G61580.1
OG0017669	jg23113	AT5G61650.1
OG0017670	jg23124	AT5G61760.1
OG0017671	jg23136	AT5G61900.1, AT5G61910.4
OG0017672	jg23138	AT5G61920.1
OG0017673	jg23139	AT5G61930.1
OG0017674	jg23147	AT5G61990.1
OG0017675	jg23149	AT5G62030.1
OG0017676	jg23157	AT5G62070.1
OG0017677	jg23159	AT5G62090.1
OG0017678	jg23168	AT5G62180.1
OG0017679	jg23171	AT5G62210.1
OG0017680	jg23184	AT5G62310.1
OG0017681	jg23185	AT5G62320.1
OG0017682	jg23190	AT5G62370.1
OG0017683	jg23206	AT5G62540.1
OG0017684	jg23207	AT5G62550.1
OG0017685	jg23209	AT5G62570.1
OG0017686	jg23213	AT5G62610.1
OG0017687	jg23238	AT5G62840.1
OG0017688	jg23251	AT5G62920.1
OG0017689	jg23262	AT5G62990.1
OG0017690	jg23263	AT5G63000.1
OG0017691	jg23267	AT5G63040.1
OG0017692	jg23269	AT5G63050.1
OG0017693	jg23270	AT5G63060.1
OG0017694	jg23274	AT5G63080.1
OG0017695	jg23281	AT5G63120.2
OG0017696	jg23291	AT5G63200.1
OG0017697	jg23300	AT5G63260.2
OG0017698	jg23303	AT5G63290.1
OG0017699	jg23311	AT5G63410.1
OG0017700	jg23314	AT5G63420.1
OG0017701	jg23315	AT5G63440.2
OG0017702	jg23327	AT5G63540.2
OG0017703	jg23336	AT5G63630.2
OG0017704	jg23337	AT5G63640.1
OG0017705	jg23348	AT5G63710.3
OG0017706	jg23377	AT5G63910.1
OG0017707	jg23380	AT5G63930.1
OG0017708	jg23385	AT5G63950.1
OG0017709	jg23390	AT5G63990.1
OG0017710	jg23392	AT5G64010.1
OG0017711	jg23405	AT5G64150.1
OG0017712	jg23406	AT5G64160.1
OG0017713	jg23407	AT5G64170.2
OG0017714	jg23409	AT5G64190.2
OG0017715	jg23412	AT5G64220.1
OG0017716	jg23419	AT5G64280.1
OG0017717	jg23425	AT5G64340.1
OG0017718	jg23428	AT5G64360.2
OG0017719	jg23439	AT5G64380.1
OG0017720	jg23443	AT5G64410.1
OG0017721	jg23445	AT5G64420.1
OG0017722	jg23449	AT5G64460.1
OG0017723	jg23450	AT5G64470.2
OG0017724	jg23451	AT5G64480.2
OG0017725	jg23454	AT5G64500.1
OG0017726	jg23455	AT5G64510.1
OG0017727	jg23464	AT5G64600.1
OG0017728	jg23480	AT5G64730.1
OG0017729	jg23485	AT5G64780.1
OG0017730	jg23490	AT5G64830.1
OG0017731	jg23495	AT5G64880.1
OG0017732	jg23500	AT5G64920.1
OG0017733	jg23506	AT5G64980.1
OG0017734	jg23510	AT5G65030.1
OG0017735	jg23519	AT5G65110.1
OG0017736	jg23520	AT5G65120.1
OG0017737	jg23524	AT5G65160.1
OG0017738	jg23525	AT5G65165.1
OG0017739	jg23529	AT5G65205.1
OG0017740	jg23534	AT5G65230.1
OG0017741	jg23540	AT5G65280.1
OG0017742	jg23542	AT5G65300.1
OG0017743	jg23545	AT5G65320.1
OG0017744	jg23548	AT5G65370.1
OG0017745	jg23565	AT5G65520.1
OG0017746	jg23572	AT5G65600.1
OG0017747	jg23585	AT5G65687.1
OG0017748	jg23591	AT5G65710.1
OG0017749	jg23595	AT5G65740.2
OG0017750	jg23605	AT5G65840.1
OG0017751	jg23612	AT5G65910.1
OG0017752	jg23618	AT5G67610.2
OG0017753	jg23625	AT5G67530.1
OG0017754	jg23630	AT5G67480.2
OG0017755	jg23632	AT5G67460.1
OG0017756	jg23635	AT5G67430.1
OG0017757	jg23646	AT5G67340.1
OG0017758	jg23647	AT5G67330.1
OG0017759	jg23648	AT5G67320.1
OG0017760	jg23651	AT5G67290.1
OG0017761	jg23652	AT5G67280.1
OG0017762	jg23663	AT5G67180.1
OG0017763	jg23675	AT5G67080.1
OG0017764	jg23679	AT5G67050.1
OG0017765	jg23702	AT5G66860.1
OG0017766	jg23706	AT5G66820.1
OG0017767	jg23709	AT5G66810.1
OG0017768	jg23713	AT5G66770.1
OG0017769	jg23723	AT5G66675.1
OG0017770	jg23728	AT5G66640.5
OG0017771	jg23729	AT5G66631.1
OG0017772	jg23735	AT5G66590.1
OG0017773	jg23741	AT5G66530.1
OG0017774	jg23742	AT5G66520.1
OG0017775	jg23744	AT5G66500.1
OG0017776	jg23745	AT5G66490.1
OG0017777	jg23752	AT5G66420.2
OG0017778	jg23766	AT5G66270.1
OG0017779	jg23767	AT5G66260.1
OG0017780	jg23769	AT5G66250.4
OG0017781	jg23777	AT5G66180.1
OG0017782	jg23779	AT5G66160.1
OG0017783	jg23782	AT5G66120.2
OG0017784	jg23784	AT5G66100.1
OG0017785	jg23785	AT5G66090.1
OG0017786	jg23790	AT5G66050.1
OG0017787	jg23801	AT5G65950.1
OG0017788	jg272, jg206, jg117	ATCG01050.1, AT2G07633.1
OG0017789	jg310	AT4G06599.1
OG0017790	jg312	AT4G06536.1, AT4G06534.1
OG0017908	jg28400	AT1G02150.1
OG0017909	jg28414	AT1G02060.1
OG0017910	jg28425	AT1G01980.1
OG0017911	jg28428	AT1G01950.3
OG0017912	jg28448	AT1G01720.1
OG0017913	jg28449	AT1G01710.1
OG0017914	jg28498	AT1G01300.1
OG0017915	jg28538	AT1G02310.2
OG0017916	jg28545	AT1G02370.1
OG0017917	jg28570	AT1G02630.1
OG0017918	jg28571	AT1G02640.1
OG0017919	jg28591	AT1G02813.1
OG0017920	jg28597	AT1G02850.4
OG0017921	jg28608	AT1G02940.2
OG0017922	jg28625	AT1G03100.1
OG0017923	jg28647	AT1G03320.1
OG0017924	jg28653	AT1G03365.1
OG0017925	jg28654	AT1G03370.1
OG0017926	jg28659	AT1G03445.1
OG0017927	jg28665	AT1G03510.1
OG0017928	jg28699	AT1G03830.2
OG0017929	jg28711	AT1G03920.1
OG0017930	jg28719	AT1G03990.1
OG0017931	jg28728	AT1G04100.1
OG0017932	jg28731	AT1G04130.1
OG0017933	jg28767	AT1G04490.1
OG0017934	jg28778	AT1G04580.1
OG0017935	jg28792	AT1G04700.1
OG0017936	jg28805	AT1G04840.1
OG0017938	jg28832	AT1G05010.1
OG0017939	jg28848	AT1G05140.1
OG0017940	jg28856	AT1G05210.1
OG0017941	jg28876	AT1G05380.1
OG0017942	jg28877	AT1G05385.1
OG0017943	jg28889	AT1G05520.1
OG0017944	jg28899	AT1G05590.1
OG0017945	jg28901	AT1G05610.2
OG0017946	jg28905	AT1G05640.1
OG0017947	jg28909	AT1G05670.1
OG0017948	jg28931	AT1G05830.1
OG0017949	jg28953	AT1G06050.1
OG0017950	jg28961	AT1G06137.1
OG0017951	jg28963	AT1G06143.1
OG0017952	jg28966	AT1G06170.1
OG0017953	jg28975	AT1G06240.1
OG0017954	jg28994	AT1G06440.1
OG0017955	jg29003	AT1G06520.1
OG0017956	jg29015	AT1G06670.1
OG0017957	jg29029	AT1G06820.1
OG0017958	jg29089	AT1G07350.1
OG0017959	jg29106	AT1G07510.1
OG0017960	jg29143	AT1G07860.1
OG0017961	jg29145	AT1G07880.2
OG0017962	jg29164	AT1G08040.1
OG0017963	jg29175	AT1G08125.2
OG0017964	jg29197	AT1G08350.2
OG0017965	jg29208	AT1G08460.1
OG0017966	jg29227	AT1G08640.1
OG0017967	jg29277	AT1G09190.1
OG0017968	jg29284	AT1G09240.1
OG0017969	jg29290	AT1G09280.1
OG0017970	jg29292	AT1G09300.1
OG0017971	jg29310	AT1G09450.1
OG0017972	jg29341	AT1G09710.2
OG0017973	jg29356	AT1G09820.1
OG0017974	jg29360	AT1G09850.1
OG0017975	jg29395	AT1G10180.1
OG0017976	jg29435	AT1G10460.1
OG0017977	jg29451	AT1G10560.1
OG0017978	jg29472	AT1G10700.1
OG0017979	jg29478	AT1G10745.1
OG0017980	jg29479	AT1G10750.1
OG0017981	jg29488	AT1G10830.1
OG0017982	jg29495	AT1G10875.1
OG0017983	jg29496	AT1G10880.1
OG0017984	jg29513	AT1G11050.1
OG0017985	jg29536	AT1G11200.1
OG0017986	jg29561	AT1G11360.1
OG0017988	jg29653	AT1G12100.1
OG0017989	jg29672	AT1G12290.1
OG0017991	jg29787	AT1G13250.1
OG0017992	jg29797	AT1G13330.1
OG0017993	jg29806	AT1G13430.1, AT2G14920.1
OG0017993	jg29805	AT1G13420.1
OG0017994	jg29816	AT1G13540.1
OG0017995	jg29829	AT1G13635.1
OG0017996	jg29844	AT1G13770.1
OG0017997	jg29874	AT1G14030.1
OG0017998	jg29914	AT1G14390.1
OG0017999	jg29924	AT1G14460.1
OG0018000	jg29925	AT1G14470.1
OG0018001	jg29950	AT1G14686.1
OG0018002	jg30015	AT1G15290.1
OG0018003	jg30018	AT1G15320.1
OG0018004	jg25690	AT3G27906.1
OG0018004	jg30028	AT5G34869.1
OG0018004	jg7205	AT4G19240.1, AT3G43280.1
OG0018005	jg30029	AT1G15410.1
OG0018006	jg30035	AT1G15480.1
OG0018007	jg30038	AT1G15510.1
OG0018008	jg30041	AT1G15540.3
OG0018009	jg30059	AT1G15730.1
OG0018010	jg30100	AT1G16090.1
OG0018011	jg30114	AT1G16280.1
OG0018012	jg30122	AT1G16360.2
OG0018013	jg30133	AT1G16480.1
OG0018014	jg30219	AT1G16960.1
OG0018015	jg30224	AT1G17030.1
OG0018016	jg30237	AT1G17145.1
OG0018017	jg30245	AT1G17210.1
OG0018018	jg30262	AT1G17370.1
OG0018019	jg30283	AT1G17580.1
OG0018020	jg30340	AT1G18180.1
OG0018021	jg30342	AT1G18200.1
OG0018022	jg30349	AT1G18270.3
OG0018023	jg30355	AT1G18335.2
OG0018024	jg30358	AT1G18360.1
OG0018025	jg30378	AT1G18550.1
OG0018026	jg30379	AT1G18560.1
OG0018027	jg30393	AT1G18700.5
OG0018028	jg30418	AT1G18900.3
OG0018029	jg30429	AT1G19025.1
OG0018030	jg30446	AT1G19190.1
OG0018031	jg30486	AT1G19610.1
OG0018032	jg30496	AT1G19710.1
OG0018033	jg30574, jg30564	AT1G20380.1
OG0018034	jg30718	AT1G21680.1
OG0018035	jg30723	AT1G21710.1
OG0018036	jg30725	AT1G21722.1
OG0018037	jg30733	AT1G21790.1
OG0018038	jg30778	AT1G22170.1
OG0018039	jg30816	AT1G22540.1
OG0018040	jg30820	AT1G22600.1
OG0018041	jg30835	AT1G22730.1
OG0018042	jg30838	AT1G22750.4
OG0018043	jg30840	AT1G22770.1
OG0018044	jg30841	AT1G22790.1
OG0018045	jg30853	AT1G22940.1
OG0018046	jg30918	AT1G23450.1
OG0018047	jg30920	AT1G23480.1
OG0018048	jg30943	AT1G23740.1
OG0018049	jg30968	AT1G24030.1
OG0018050	jg30983	AT1G24130.1
OG0018051	jg30985	AT1G24145.1
OG0018052	jg31255	AT1G24250.1, AT1G23810.1
OG0018052	jg31003	AT1G27270.1
OG0018053	jg31023	AT1G27110.1
OG0018054	jg31030	AT1G27050.1
OG0018055	jg31031	AT1G27045.4
OG0018056	jg31051	AT1G26900.1
OG0018057	jg31072, jg31064	AT1G26810.1
OG0018058	jg31087	AT1G26690.1
OG0018059	jg31126	AT1G26330.2
OG0018060	jg31157	AT1G25550.1
OG0018061	jg31163	AT1G25500.2
OG0018062	jg31167	AT1G25460.1
OG0018063	jg31175	AT1G25400.1
OG0018064	jg31188	AT1G25300.1
OG0018065	jg31200	AT1G25230.3
OG0018066	jg31211	AT1G24650.1
OG0018068	jg31229	AT1G24480.1
OG0018069	jg31248	AT1G24290.1
OG0018070	jg31259	AT1G27320.1
OG0018071	jg31268	AT1G27410.1
OG0018072	jg31277	AT1G27480.1
OG0018073	jg31281	AT1G27520.1
OG0018074	jg31301	AT1G27770.1
OG0018075	jg31304	AT1G27880.1
OG0018076	jg31306	AT1G27900.1
OG0018077	jg31321	AT1G28020.1
OG0018078	jg31356	AT1G28320.1
OG0018079	jg31364	AT1G28375.1
OG0018080	jg31405	AT1G29000.1
OG0018081	jg31523	AT1G29810.1
OG0018082	jg31531	AT1G29900.1
OG0018083	jg31545	AT1G30010.1
OG0018084	jg31581	AT1G30350.1
OG0018085	jg31590	AT1G30460.1
OG0018086	jg31618	AT1G30600.1
OG0018087	jg31619	AT1G30610.1
OG0018088	jg31622	AT1G30640.1
OG0018089	jg31663	AT1G30900.1
OG0018090	jg31687	AT1G31010.1
OG0018091	jg31769	AT1G31410.1
OG0018092	jg31775	AT1G31470.1
OG0018093	jg31777	AT1G31490.1
OG0018096	jg31823	AT1G31910.1
OG0018097	jg31824	AT1G31920.1
OG0018098	jg31841	AT1G32090.1
OG0018099	jg32598, jg32596	AT1G44010.1
OG0018101	jg31880	AT1G32320.1
OG0018102	jg31911	AT1G32585.1
OG0018103	jg31925	AT1G32710.1
OG0018104	jg31928	AT1G32740.1
OG0018105	jg31930	AT1G32760.1
OG0018106	jg31941	AT1G32900.1
OG0018107	jg31976	AT1G33260.1
OG0018108	jg31983	AT1G33360.1
OG0018109	jg31995	AT1G33430.2
OG0018110	jg32098	AT1G34200.1
OG0018111	jg32107	AT1G34320.1
OG0018112	jg33669, jg32111	AT1G55120.1
OG0018113	jg20726, jg13970, jg13306, jg32132, jg14322, jg17628	AT1G47660.1
OG0018114	jg32163	AT1G34770.4
OG0018115	jg32167	AT1G35140.1
OG0018116	jg32212	AT1G35430.1
OG0018117	jg32219	AT1G35510.1
OG0018118	jg32234	AT1G35625.1
OG0018118	jg32235, jg32236	AT1G35630.1
OG0018119	jg32264	AT1G35780.1
OG0018120	jg32273	AT1G36150.1
OG0018121	jg32379	AT1G38131.1, AT1G38065.1
OG0018122	jg32400	AT1G33490.1
OG0018123	jg12893, jg28326, jg32441, jg20954, jg17528, jg12089, jg21146, jg1608	AT3G32190.1, AT3G32150.1
OG0018124	jg32481	AT1G42970.1
OG0018125	jg32483	AT1G42990.1
OG0018126	jg32497	AT1G43130.1
OG0018128	jg32512	AT1G43560.1
OG0018129	jg32584	AT1G43900.1
OG0018130	jg32592	AT1G43980.1
OG0018131	jg32600	AT1G44090.1
OG0018132	jg32610	AT1G44224.1
OG0018133	jg32627	AT1G44608.1
OG0018134	jg32644	AT1G44790.1
OG0018135	jg32660	AT1G44970.1
OG0018136	jg32706	AT1G45231.2
OG0018137	jg32715	AT1G45474.1
OG0018138	jg32738	AT1G47056.1
OG0018139	jg32755	AT1G47271.1
OG0018140	jg32775	AT1G47410.1
OG0018141	jg32788	AT1G47570.1
OG0018142	jg32812	AT1G47710.2
OG0018143	jg32910	AT1G48350.1
OG0018144	jg32911	AT1G48360.2
OG0018146	jg32973	AT1G48880.1
OG0018147	jg33004	AT1G49100.1
OG0018148	jg33009	AT1G49120.1
OG0018149	jg33015	AT1G49170.1
OG0018150	jg33016	AT1G49180.1
OG0018151	jg33057	AT1G49430.1
OG0018152	jg33106	AT1G49780.1
OG0018153	jg33109	AT1G49820.1
OG0018154	jg33153	AT1G50200.2
OG0018155	jg33182	AT1G50450.1
OG0018156	jg33195	AT1G50590.1
OG0018157	jg33199	AT1G50630.1
OG0018158	jg33209	AT1G50720.1
OG0018159	jg33236	AT1G50990.1
OG0018160	jg33253	AT1G51100.1
OG0018161	jg33281	AT1G51380.1
OG0018162	jg33283	AT1G51400.1
OG0018163	jg33295	AT1G51460.1
OG0018164	jg33340	AT1G51770.1
OG0018165	jg33398	AT1G52190.1
OG0018166	jg33423	AT1G52340.1
OG0018167	jg33442	AT1G52520.1
OG0018168	jg33478	AT1G52820.1
OG0018169	jg33487	AT1G52920.1
OG0018170	jg33515	AT1G53120.1
OG0018171	jg33531	AT1G53270.1
OG0018172	jg33621	AT1G53920.1
OG0018173	jg33630	AT1G54020.2
OG0018174	jg33637	AT1G54070.1
OG0018175	jg33639	AT1G54090.1
OG0018176	jg33675	AT1G55170.1
OG0018177	jg33691	AT1G55320.1
OG0018178	jg33720	AT1G55580.1
OG0018179	jg33721	AT1G55590.1
OG0018180	jg33759	AT1G55805.1
OG0018181	jg33767	AT1G55870.1
OG0018182	jg33792, jg33795	AT1G56050.1
OG0018183	jg33816	AT1G56200.1
OG0018184	jg358	AT1G64700.1
OG0018186	jg402	AT1G64340.1
OG0018187	jg469	AT1G63930.1
OG0018188	jg501	AT1G63690.1
OG0018189	jg502	AT1G63680.1
OG0018190	jg511	AT1G63610.1
OG0018192	jg529	AT1G63460.1
OG0018193	jg627	AT1G62830.1
OG0018194	jg634	AT1G62760.1
OG0018195	jg671	AT1G62520.1
OG0018196	jg688	AT1G62370.1
OG0018197	jg696	AT1G62305.1
OG0018198	jg698	AT1G62290.1
OG0018199	jg729	AT1G62050.1
OG0018200	jg841	AT1G61255.1
OG0018201	jg861	AT1G61110.1
OG0018202	jg866	AT1G61090.1
OG0018202	jg864	AT1G61093.1, AT1G61095.1
OG0018203	jg868	AT1G61070.1
OG0018205	jg924	AT1G60650.1
OG0018206	jg929	AT1G60600.2
OG0018207	jg960	AT1G60440.1
OG0018208	jg977	AT1G60250.1
OG0018209	jg979	AT1G60230.1
OG0018210	jg992	AT1G60080.1
OG0018211	jg996	AT1G60050.1
OG0018212	jg1134	AT1G58460.2
OG0018213	jg1162	AT1G58300.1
OG0018214	jg1181	AT1G58230.1
OG0018215	jg1182	AT1G58225.1
OG0018216	jg1186	AT1G58200.1
OG0018217	jg1194	AT1G58180.2
OG0018218	jg18813, jg1253	AT1G67020.1
OG0018219	jg1281	AT1G57770.1
OG0018220	jg1334	AT1G57600.1
OG0018221	jg1335	AT1G57590.1
OG0018222	jg1345	AT1G56720.1
OG0018223	jg1352	AT1G56660.1
OG0018224	jg1423	AT1G56345.1
OG0018225	jg1432	AT1G56280.2
OG0018226	jg1447	AT1G56230.1
OG0018227	jg1463	AT1G55000.1
OG0018229	jg1492	AT1G54890.1
OG0018230	jg1564	AT1G54410.1
OG0018232	jg1721	AT1G64780.1
OG0018233	jg1726	AT1G64800.1
OG0018234	jg1763	AT1G64960.2
OG0018236	jg1854	AT1G65240.1
OG0018237	jg1857	AT1G65260.1
OG0018238	jg1906	AT1G65430.1
OG0018239	jg1965	AT1G65650.1
OG0018240	jg1980	AT1G65690.1
OG0018241	jg1985	AT1G65730.1
OG0018242	jg2008	AT1G65840.1
OG0018243	jg2063	AT1G66220.1
OG0018244	jg2086	AT1G66340.1
OG0018245	jg2163	AT1G66730.1
OG0018246	jg2173	AT1G66810.1
OG0018247	jg2229	AT1G67100.1
OG0018248	jg2254	AT1G67300.2
OG0018249	jg2314	AT1G67720.1
OG0018250	jg2329	AT1G67840.1
OG0018251	jg2366	AT1G68020.2
OG0018252	jg2409	AT1G68450.1
OG0018253	jg2411	AT1G68470.1
OG0018254	jg2453	AT1G68780.1
OG0018255	jg2454	AT1G68790.1
OG0018256	jg2461	AT1G68830.1
OG0018257	jg2471	AT1G68890.1
OG0018258	jg2484	AT1G69030.1
OG0018259	jg2500	AT1G69210.1
OG0018260	jg2531	AT1G69480.1
OG0018261	jg2549	AT1G69610.2
OG0018262	jg2615, jg2611	AT1G70070.1
OG0018263	jg2666	AT1G70540.1
OG0018264	jg2677	AT1G70610.1
OG0018265	jg2679	AT1G70650.2
OG0018266	jg2696	AT1G70820.1
OG0018267	jg2715	AT1G70950.1
OG0018268	jg2716	AT1G70985.1
OG0018269	jg2733	AT1G71120.1
OG0018270	jg2746	AT1G71220.3
OG0018271	jg2764	AT1G71340.1
OG0018272	jg2792	AT1G71697.1
OG0018273	jg2801	AT1G71790.1
OG0018274	jg2810	AT1G71866.1
OG0018276	jg2837	AT1G72090.1
OG0018277	jg2881	AT1G72470.1
OG0018278	jg2884	AT1G72500.1
OG0018279	jg2891	AT1G72570.1
OG0018280	jg2901	AT1G72670.1
OG0018281	jg2903	AT1G72690.1
OG0018282	jg2912	AT1G72770.1
OG0018283	jg2914	AT1G72800.1
OG0018284	jg2916	AT1G72810.1
OG0018285	jg2946	AT1G73060.1
OG0018286	jg2951	AT1G73110.1
OG0018287	jg2954	AT1G73140.1
OG0018288	jg2973	AT1G73325.1
OG0018289	jg2979	AT1G73380.1
OG0018290	jg2981	AT1G73400.1
OG0018291	jg2990	AT1G73510.1
OG0018292	jg3009	AT1G73670.1
OG0018293	jg3014	AT1G73720.1
OG0018294	jg3033	AT1G73890.1
OG0018295	jg3037	AT1G73930.1
OG0018296	jg3040	AT1G73960.1
OG0018297	jg3043	AT1G73980.1
OG0018298	jg3092	AT1G74400.1
OG0018299	jg3110	AT1G74580.1
OG0018300	jg3116	AT1G74670.1
OG0018301	jg3127	AT1G74750.1
OG0018302	jg3133	AT1G74820.1
OG0018303	jg3203	AT1G75450.1
OG0018304	jg3236	AT1G75790.1
OG0018305	jg3244	AT1G75860.2
OG0018306	jg3250	AT1G75940.1
OG0018307	jg3274	AT1G76150.1
OG0018308	jg3302	AT1G76405.2
OG0018309	jg3310	AT1G76470.1
OG0018310	jg3325	AT1G76630.2
OG0018311	jg3363	AT2G16594.1, AT2G16592.1
OG0018312	jg3370	AT1G77030.1
OG0018313	jg3392	AT1G77260.1
OG0018314	jg3394	AT1G77270.1
OG0018315	jg3404	AT1G77360.1
OG0018316	jg3406	AT1G77380.1
OG0018317	jg3411	AT1G77410.3
OG0018318	jg3417	AT1G77490.1
OG0018319	jg3452	AT1G77810.1
OG0018320	jg3487	AT1G78130.1
OG0018321	jg3493	AT1G78172.1
OG0018322	jg3497	AT1G78200.1
OG0018323	jg3512	AT1G78370.1
OG0018324	jg3513	AT1G78380.1
OG0018325	jg3532	AT1G78530.1
OG0018326	jg3534	AT1G78550.1
OG0018327	jg3606	AT1G79200.1
OG0018328	jg3618	AT1G79310.1
OG0018329	jg3629	AT1G79400.1
OG0018330	jg3633	AT1G79440.1
OG0018331	jg3662	AT1G79710.1
OG0018332	jg3671	AT1G80880.1
OG0018333	jg3672	AT1G80870.1
OG0018334	jg3679	AT1G80810.3
OG0018335	jg3726	AT1G80440.1
OG0018336	jg3737	AT1G80330.1
OG0018337	jg3756	AT1G80140.1
OG0018338	jg3778	AT1G79915.1
OG0018339	jg3782	AT1G79880.1
OG0018340	jg3784	AT1G79860.1
OG0018341	jg3791	AT1G79790.2
OG0018342	jg23884	AT3G02050.1
OG0018343	jg23885	AT3G02040.1
OG0018344	jg23890	AT3G01990.5
OG0018345	jg23891	AT3G01980.3
OG0018346	jg23892	AT3G01970.1
OG0018347	jg23896	AT3G01940.1
OG0018348	jg23900	AT3G01900.1
OG0018349	jg23913	AT3G01810.1
OG0018350	jg23925	AT3G01690.1
OG0018351	jg23932	AT3G01630.2
OG0018352	jg23942	AT3G01520.1
OG0018353	jg23944	AT3G01513.1
OG0018354	jg23947	AT3G01490.1
OG0018355	jg23957	AT3G01410.1
OG0018356	jg23960	AT3G01370.1
OG0018357	jg23961	AT3G01360.1
OG0018358	jg23966	AT3G01331.1
OG0018358	jg23965	AT3G01325.1
OG0018359	jg24007	AT3G01020.1
OG0018360	jg24019	AT3G02130.1
OG0018361	jg24026	AT3G02210.1
OG0018363	jg24048	AT3G02330.1
OG0018364	jg24064	AT3G02490.1
OG0018365	jg24092	AT3G02710.1
OG0018366	jg24122	AT3G02960.1
OG0018367	jg24124	AT3G02980.1
OG0018368	jg24163	AT3G03300.1
OG0018369	jg24165	AT3G03310.1
OG0018370	jg24187	AT3G03450.1
OG0018371	jg24189	AT3G03470.1
OG0018372	jg24211	AT3G03640.1
OG0018373	jg24216	AT3G03680.1
OG0018374	jg24223	AT3G03750.2
OG0018375	jg24263	AT3G04010.1
OG0018376	jg24315	AT3G04360.1
OG0018377	jg24332	AT3G04530.1
OG0018378	jg24338	AT3G04590.2
OG0018379	jg24342	AT3G04610.1
OG0018380	jg24363	AT3G04760.1
OG0018381	jg24376	AT3G04880.1
OG0018382	jg24378	AT3G04900.1
OG0018383	jg24452	AT3G05480.3
OG0018384	jg24463	AT3G05540.1
OG0018385	jg24475	AT3G05620.1
OG0018386	jg24477	AT3G05630.1
OG0018387	jg24488	AT3G05700.1
OG0018388	jg24493	AT3G05740.1
OG0018389	jg24594	AT3G06500.1
OG0018390	jg24642	AT3G06930.2
OG0018392	jg24667	AT3G07150.1
OG0018393	jg24694	AT3G07410.1
OG0018394	jg24697	AT3G07430.1
OG0018395	jg24727	AT3G07690.1
OG0018396	jg24743	AT3G07860.1
OG0018397	jg24756	AT3G07990.1
OG0018398	jg24759	AT3G08020.1
OG0018399	jg20683, jg24760	AT5G53960.1
OG0018400	jg24771	AT3G08570.1
OG0018401	jg24775	AT3G08620.1
OG0018402	jg24792	AT3G08790.1
OG0018403	jg24793	AT3G08800.1
OG0018404	jg24799	AT3G08860.1
OG0018405	jg24800	AT3G08870.2
OG0018406	jg24821	AT3G09030.1
OG0018407	jg24845	AT3G09220.1
OG0018408	jg24891	AT3G09650.1
OG0018409	jg24892	AT3G09660.1
OG0018410	jg24895	AT3G09690.1
OG0018411	jg24896	AT3G09700.1
OG0018412	jg24905	AT3G09780.1
OG0018413	jg24922	AT3G09930.1
OG0018414	jg24934	AT3G10030.1
OG0018415	jg24952	AT3G10180.1
OG0018416	jg24954	AT3G10195.1
OG0018417	jg24958	AT3G10230.1
OG0018418	jg24966	AT3G10320.1
OG0018419	jg24973	AT3G10390.3
OG0018420	jg25002	AT3G10620.1
OG0018421	jg25009	AT3G10690.1
OG0018422	jg25028	AT3G10850.1
OG0018423	jg25063	AT3G11160.1
OG0018424	jg25071	AT3G11240.1
OG0018425	jg25098	AT3G11460.1
OG0018426	jg25179	AT3G12210.2
OG0018427	jg25191	AT3G12350.1
OG0018428	jg25194	AT3G12380.2
OG0018429	jg25212	AT3G12570.1
OG0018430	jg25214	AT3G12590.1
OG0018431	jg25237	AT3G12810.1
OG0018432	jg25255	AT3G12955.1
OG0018433	jg25295	AT3G13222.1
OG0018434	jg25310	AT3G13330.1
OG0018435	jg25339	AT3G13560.1
OG0018436	jg25356	AT3G13672.2
OG0018437	jg25361	AT3G13682.1
OG0018438	jg25418	AT3G14100.1
OG0018439	jg25450	AT3G14380.1
OG0018440	jg25472	AT3G14570.1
OG0018441	jg25487	AT3G14700.1
OG0018442	jg25498	AT3G14820.1
OG0018443	jg25499	AT3G14830.1
OG0018444	jg25525	AT3G15050.1
OG0018445	jg25539	AT3G15160.1
OG0018446	jg25552	AT3G15290.1
OG0018448	jg25623	AT3G15790.1
OG0018449	jg25657	AT3G16120.1
OG0018450	jg25661	AT3G16160.1
OG0018451	jg25665	AT3G16190.1
OG0018452	jg25680	AT3G16290.1
OG0018453	jg25685	AT3G16340.1
OG0018454	jg25702	AT3G16470.1
OG0018456	jg25750	AT3G16785.4
OG0018457	jg25771	AT3G16910.1
OG0018458	jg25842	AT3G17370.1
OG0018459	jg25849	AT3G17450.1
OG0018460	jg25861	AT3G17590.2
OG0018461	jg25881	AT3G17730.1
OG0018462	jg25920	AT3G18020.1
OG0018463	jg25927	AT3G18060.1
OG0018464	jg25932	AT3G18110.1
OG0018465	jg25975	AT3G18440.1
OG0018466	jg25985	AT3G18524.1
OG0018467	jg25997	AT3G18660.2
OG0018468	jg26013	AT3G18790.1
OG0018469	jg26061	AT3G19240.1
OG0018470	jg26120	AT3G19720.1
OG0018471	jg26121	AT3G19740.1
OG0018472	jg26127	AT3G19810.1
OG0018473	jg26183	AT3G20280.1
OG0018474	jg26191	AT3G20360.1
OG0018475	jg26195	AT3G20395.1
OG0018476	jg26241	AT3G20720.2
OG0018477	jg26247	AT3G20780.1
OG0018478	jg26248	AT3G20790.1
OG0018479	jg26257	AT3G20870.1
OG0018480	jg26297, jg26296	AT3G21170.1
OG0018482	jg26319	AT3G21300.1
OG0018483	jg26337	AT3G21430.2
OG0018484	jg26338, jg17097	AT3G21450.1
OG0018485	jg26341	AT3G21470.1
OG0018486	jg26359	AT3G21620.1
OG0018487	jg26363	AT3G21660.2
OG0018488	jg26381	AT3G21780.1
OG0018489	jg26500	AT3G22690.1
OG0018490	jg26561	AT3G23150.1
OG0018491	jg26580	AT3G23280.1
OG0018492	jg26586	AT3G23330.1
OG0018493	jg26588	AT3G23350.2
OG0018494	jg26639	AT3G23760.1
OG0018496	jg26656	AT3G23880.1
OG0018497	jg26715	AT3G24000.1
OG0018498	jg26725	AT3G23930.1
OG0018499	jg26739	AT3G24320.1
OG0018500	jg26752	AT3G24450.1
OG0018501	jg26822	AT3G24810.1
OG0018502	jg26829	AT3G24840.3
OG0018503	jg26855	AT3G25170.1
OG0018504	jg26867	AT3G25220.1
OG0018505	jg26877	AT3G25290.1
OG0018506	jg26891	AT3G25480.1
OG0018507	jg26918	AT2G04160.1
OG0018508	jg26921	AT2G04220.1
OG0018509	jg26938	AT2G04270.5
OG0018510	jg27004	AT2G04850.1
OG0018511	jg27006	AT2G04865.1
OG0018512	jg27088	AT1G48520.1
OG0018513	jg27091	AT2G05760.1
OG0018514	jg27180	AT2G06255.1
OG0018515	jg27270	AT2G07170.1
OG0018516	jg27289	AT2G07680.3
OG0018517	jg28335, jg27303	AT1G33860.2
OG0018518	jg27365	AT2G12462.1
OG0018519	jg27381	AT2G13100.1
OG0018521	jg27403	AT2G13600.1
OG0018522	jg27404	AT2G13610.1
OG0018523	jg27407	AT2G13650.1
OG0018524	jg27417	AT2G13840.1
OG0018525	jg27430	AT2G14110.1
OG0018527	jg27472	AT2G14520.1
OG0018528	jg19900	AT2G45135.1
OG0018529	jg27551	AT2G15230.1
OG0018530	jg27557	AT2G15280.1
OG0018531	jg27604, jg12853, jg17457, jg17458, jg11542, jg11543	AT4G08867.1
OG0018532	jg27614	AT2G15790.1
OG0018533	jg10464	AT4G21065.1
OG0018534	jg27750	AT2G16595.1
OG0018535	jg27758	AT2G16700.1
OG0018536	jg27801	AT2G17000.1
OG0018537	jg27828	AT2G17110.1
OG0018538	jg27868	AT2G17430.1
OG0018539	jg27883	AT2G17525.1
OG0018540	jg27895	AT2G17640.1
OG0018541	jg27901	AT2G17680.1
OG0018542	jg27960	AT2G18120.1
OG0018543	jg28007	AT2G18460.1
OG0018544	jg28060	AT2G18800.1
OG0018545	jg28062	AT2G18850.1
OG0018546	jg28064	AT2G18876.1
OG0018547	jg28065	AT2G18880.1
OG0018548	jg28116	AT2G19310.1
OG0018549	jg28207	AT2G19980.1
OG0018550	jg28208	AT2G19990.1
OG0018551	jg28220	AT2G20100.3
OG0018552	jg28234	AT2G20230.1
OG0018553	jg28235	AT2G20240.1
OG0018554	jg28273	AT2G20540.1
OG0018555	jg28288	AT2G20650.1
OG0018556	jg28294	AT2G20710.1
OG0018557	jg28302	AT2G20790.1
OG0018558	jg28313	AT2G20825.1
OG0018559	jg28317	AT2G20840.1
OG0018560	jg28321	AT2G20875.1
OG0018561	jg28322	AT2G20880.1
OG0018562	jg28323	AT2G20890.1
OG0018563	jg16513	AT2G21100.1
OG0018564	jg16519	AT2G21160.1
OG0018565	jg16521	AT2G21180.1
OG0018566	jg16532	AT2G21220.1
OG0018567	jg16536	AT2G21237.1
OG0018568	jg16570	AT2G21520.2
OG0018569	jg16572	AT2G21540.1
OG0018570	jg16581	AT2G21640.1
OG0018571	jg16610	AT2G21910.1
OG0018572	jg16627	AT2G22010.2
OG0018573	jg16680	AT2G22530.1
OG0018574	jg16717	AT2G22840.1
OG0018575	jg16728	AT2G22890.1
OG0018576	jg16789	AT2G23310.1
OG0018577	jg16803	AT2G23430.1
OG0018578	jg16849	AT2G23900.1
OG0018579	jg16855	AT2G23950.1
OG0018580	jg13021, jg16882	AT2G02061.1
OG0018581	jg16907	AT2G24300.3
OG0018582	jg16922	AT2G24395.1
OG0018583	jg16972	AT2G24690.2
OG0018584	jg17007	AT2G24762.1
OG0018585	jg17026, jg17025	AT2G24940.1
OG0018586	jg17042	AT2G25060.1
OG0018587	jg17064	AT2G25185.1
OG0018588	jg17069	AT2G25200.1
OG0018589	jg17092	AT2G25310.1
OG0018590	jg17111	AT2G25420.4
OG0018591	jg17138	AT2G25570.1
OG0018592	jg17155, jg17150	AT2G25640.1
OG0018593	jg17157	AT2G25660.1
OG0018594	jg17191	AT2G25820.1
OG0018595	jg17192	AT2G25830.1
OG0018596	jg17350	AT2G26420.2
OG0018597	jg17375	AT2G26530.1
OG0018598	jg17434	AT2G26610.1
OG0018599	jg17435	AT2G26640.1
OG0018600	jg17437	AT2G26660.1
OG0018601	jg17534	AT2G26890.1
OG0018602	jg17539	AT2G26910.1
OG0018603	jg17541	AT2G26930.1
OG0018604	jg17750	AT2G28050.1
OG0018605	jg17757	AT2G28070.1
OG0018606	jg17762	AT2G28105.1
OG0018607	jg17797	AT2G28350.1
OG0018608	jg17828	AT2G28560.1
OG0018609	jg17833	AT2G28620.1
OG0018610	jg17836	AT2G28640.1
OG0018611	jg17846	AT2G28690.1
OG0018612	jg17873	AT2G28940.2
OG0018613	jg17944	AT2G29380.1
OG0018615	jg18003	AT2G29890.3
OG0018616	jg18073	AT2G30320.1
OG0018617	jg18089	AT2G30480.10
OG0018618	jg18093	AT2G30520.1
OG0018619	jg18170	AT2G31170.1
OG0018620	jg18193	AT2G31320.1
OG0018621	jg18238	AT2G31740.1
OG0018622	jg18295	AT2G32250.1
OG0018623	jg18299	AT2G32290.1
OG0018624	jg18308	AT2G32380.1
OG0018625	jg18355	AT2G32780.1
OG0018626	jg18404	AT2G33190.1
OG0018627	jg18426	AT2G33290.1
OG0018628	jg18459	AT2G33620.1
OG0018629	jg18460	AT2G33630.1
OG0018630	jg18466	AT2G33680.5
OG0018631	jg18475	AT2G33740.2
OG0018632	jg18481	AT2G33780.1
OG0018633	jg18488	AT2G33820.3
OG0018634	jg18506	AT2G34030.1
OG0018635	jg18508	AT2G34060.1
OG0018636	jg18513	AT2G34090.4
OG0018637	jg18538	AT2G34370.1
OG0018638	jg18552	AT2G34510.1
OG0018639	jg18567	AT2G34640.1
OG0018640	jg18571	AT2G34670.2
OG0018641	jg18572	AT2G34680.2
OG0018642	jg18620	AT2G35030.1
OG0018643	jg18629	AT2G35130.2
OG0018644	jg18630	AT2G35140.6
OG0018645	jg18670	AT2G35460.1
OG0018646	jg18707	AT2G35740.1
OG0018647	jg18725	AT2G35920.3
OG0018648	jg18761	AT2G36295.1
OG0018649	jg18769	AT2G36350.1
OG0018650	jg18802	AT2G36650.1
OG0018651	jg18804	AT2G36670.1
OG0018652	jg18820	AT2G36810.1
OG0018653	jg18824	AT2G36840.1
OG0018656	jg18910	AT2G37530.1
OG0018658	jg18966	AT2G38000.1
OG0018659	jg19048	AT2G38660.1
OG0018660	jg19056	AT2G38720.1
OG0018661	jg19079	AT2G38960.3
OG0018662	jg19135	AT2G39190.2
OG0018663	jg19188	AT2G39690.5
OG0018664	jg19229	AT2G39975.1
OG0018666	jg19248	AT2G40100.1
OG0018667	jg19280	AT2G40280.1
OG0018668	jg19351	AT2G40815.1
OG0018669	jg19380	AT2G41010.1
OG0018670	jg19383	AT2G41050.1
OG0018671	jg19384	AT2G41060.1
OG0018672	jg19410	AT2G41300.1
OG0018673	jg19441	AT2G41550.1
OG0018674	jg19500	AT2G42010.2
OG0018675	jg19501	AT2G42030.1
OG0018676	jg19504	AT2G42060.1
OG0018677	jg19526	AT2G42250.1
OG0018678	jg19571	AT2G42550.1
OG0018679	jg19575	AT2G42590.3
OG0018680	jg19586	AT2G42700.2
OG0018681	jg19622	AT2G42980.1
OG0018682	jg19623	AT2G42990.1
OG0018683	jg19643	AT2G43180.1
OG0018684	jg19715	AT2G43720.1
OG0018685	jg19737	AT2G43900.2
OG0018686	jg19746	AT2G43980.1
OG0018688	jg19848	AT2G44850.1
OG0018689	jg19864	AT2G44980.2
OG0018690	jg19865	AT2G44990.2
OG0018691	jg19890, jg14575	AT3G47710.1
OG0018692	jg19911	AT2G45240.1
OG0018693	jg19924	AT2G45310.1
OG0018694	jg19940	AT2G45480.3
OG0018695	jg19947	AT2G45540.2
OG0018696	jg19993	AT2G45940.2
OG0018697	jg20050	AT2G46480.4
OG0018698	jg20094	AT2G46890.1
OG0018699	jg20129	AT2G47200.1
OG0018700	jg20153	AT2G47410.5
OG0018701	jg20165	AT2G47520.1
OG0018702	jg20183	AT2G47680.1
OG0018703	jg20199	AT2G47840.1
OG0018704	jg20223	AT2G48080.1
OG0018705	jg20225	AT2G48100.1
OG0018706	jg12898	AT2G01070.1
OG0018707	jg12928	AT2G01400.1
OG0018708	jg12938	AT2G01490.1
OG0018709	jg12964	AT2G01630.1
OG0018710	jg12974	AT2G01730.1
OG0018711	jg12980	AT2G01760.2
OG0018712	jg12994	AT2G01905.1
OG0018713	jg13000	AT2G01918.1
OG0018714	jg13086	AT2G02880.1
OG0018715	jg13100	AT2G02980.1
OG0018717	jg13125	AT2G03270.1
OG0018718	jg13148	AT2G03470.1
OG0018719	jg13166	AT2G03630.1
OG0018720	jg13215	AT3G25573.1
OG0018720	jg13216	AT3G25577.1
OG0018721	jg13228	AT3G25660.1
OG0018722	jg13275	AT3G25980.1
OG0018723	jg13297	AT3G26125.1
OG0018724	jg13338	AT3G26490.1
OG0018725	jg13349	AT3G26610.1
OG0018726	jg13357	AT3G26680.1
OG0018727	jg13363	AT3G26720.1
OG0018728	jg13375	AT3G26782.1
OG0018730	jg13449	AT3G27230.1
OG0018731	jg13461	AT3G27320.1
OG0018732	jg20660, jg13521	AT5G44750.2
OG0018733	jg13523	AT3G27670.1
OG0018734	jg13616	AT3G28460.1
OG0018735	jg12365, jg13672	AT2G15185.1, AT3G43480.1, AT2G15180.1, AT3G43470.1
OG0018736	jg13882	AT3G30580.1
OG0018737	jg13942	AT3G33520.1
OG0018738	jg13984	AT3G42860.1
OG0018739	jg13991	AT3G42960.1
OG0018740	jg14008	AT3G43230.1
OG0018741	jg14009	AT3G43240.1
OG0018742	jg14014	AT3G43270.1
OG0018744	jg14132	AT3G44190.1
OG0018745	jg14149	AT3G44340.1
OG0018746	jg14152	AT3G44380.1
OG0018747	jg14176	AT3G44590.1
OG0018748	jg14208	AT3G44735.1
OG0018749	jg14248	AT3G44960.2
OG0018751	jg14277	AT3G45150.1
OG0018752	jg14279	AT3G45160.1
OG0018753	jg14295	AT3G45280.1
OG0018754	jg14297	AT3G45300.1
OG0018755	jg14302	AT3G45400.1
OG0018756	jg14306	AT3G45440.2
OG0018757	jg14349	AT3G45730.1
OG0018758	jg14350	AT3G45740.1
OG0018759	jg14354	AT3G45780.1
OG0018761	jg14380	AT3G46000.2
OG0018762	jg14435	AT3G46540.1
OG0018763	jg14466	AT3G46790.1
OG0018764	jg14492	AT3G46960.1
OG0018765	jg14517	AT3G47295.1
OG0018766	jg14543	AT3G47540.2
OG0018767	jg14565	AT3G47610.1
OG0018768	jg14574	AT3G47700.1
OG0018769	jg14582	AT3G47790.1
OG0018770	jg14583	AT3G47800.1
OG0018771	jg14591	AT3G47860.1
OG0018772	jg14595	AT3G47930.1
OG0018773	jg14602	AT3G48010.1
OG0018774	jg14618	AT3G48120.1
OG0018775	jg14624	AT3G48170.1
OG0018776	jg14650	AT3G48350.1
OG0018777	jg14657	AT3G48425.1
OG0018778	jg14666	AT3G48490.1
OG0018779	jg14667	AT3G48500.2
OG0018780	jg14702	AT3G48770.1
OG0018781	jg14719	AT3G48940.1
OG0018782	jg14735, jg14738	AT3G49050.1
OG0018783	jg14740	AT3G49070.1
OG0018784	jg14756	AT3G49170.1
OG0018785	jg14768	AT3G49290.1
OG0018786	jg14776	AT3G49360.1
OG0018787	jg14885	AT3G50210.1
OG0018788	jg14889	AT3G50260.1
OG0018789	jg14896	AT3G50330.1
OG0018790	jg14902	AT3G50380.2
OG0018791	jg14950	AT3G50760.1
OG0018792	jg14978	AT3G50970.1
OG0018793	jg14982	AT3G50990.1
OG0018794	jg15006	AT3G51230.1
OG0018795	jg15014	AT3G51310.1
OG0018797	jg15082	AT3G51830.1
OG0018798	jg15111	AT3G52030.1
OG0018799	jg15182	AT3G52600.1
OG0018800	jg15194	AT3G52720.1
OG0018801	jg15204	AT3G52810.1
OG0018802	jg15205	AT3G52820.1
OG0018803	jg15206	AT3G52840.2
OG0018804	jg15223	AT3G52970.2
OG0018805	jg15226	AT3G53000.1
OG0018806	jg15248	AT3G53170.1
OG0018807	jg15252	AT3G53210.1
OG0018808	jg15272	AT3G53410.1
OG0018809	jg15292	AT3G53590.1
OG0018810	jg15312	AT3G53760.1
OG0018811	jg15313	AT3G53770.1
OG0018812	jg15324	AT3G53880.1
OG0018813	jg15377	AT3G54440.3
OG0018814	jg15420	AT3G54830.1
OG0018815	jg15431	AT3G54940.2
OG0018816	jg15442	AT3G55040.1
OG0018817	jg15474	AT3G55360.1
OG0018818	jg15478	AT3G55400.1
OG0018819	jg15486	AT3G55480.2
OG0018820	jg15515	AT3G55640.1
OG0018821	jg15519	AT3G55660.1
OG0018822	jg15577	AT3G56080.1
OG0018823	jg15754	AT3G57430.1
OG0018824	jg15769	AT3G57570.1
OG0018825	jg15797	AT3G57750.1
OG0018826	jg15882	AT3G58560.1
OG0018827	jg15892	AT3G58650.1
OG0018828	jg15896	AT3G58690.1
OG0018829	jg15909	AT3G58800.1
OG0018830	jg15942	AT3G59030.1
OG0018831	jg15949	AT3G59080.1
OG0018832	jg15951	AT3G59100.1
OG0018833	jg15984	AT3G59390.1
OG0018834	jg16032	AT3G59840.1
OG0018835	jg16072	AT3G60970.1, AT3G60160.1
OG0018837	jg16091	AT3G60340.1
OG0018838	jg16135	AT3G60780.1
OG0018839	jg16138	AT3G60810.1
OG0018840	jg16143	AT3G60860.1
OG0018841	jg16168	AT3G61170.1
OG0018842	jg16170	AT3G61190.1
OG0018843	jg16206	AT3G61510.1
OG0018845	jg16242	AT3G61780.1
OG0018846	jg16245	AT3G61810.1
OG0018847	jg16262	AT3G61980.1
OG0018848	jg16265	AT3G62010.1
OG0018849	jg16275	AT3G62040.1
OG0018850	jg16290	AT3G62190.1
OG0018851	jg16307	AT3G62360.1
OG0018852	jg16308	AT3G62370.1
OG0018853	jg16355	AT3G62890.1
OG0018854	jg16416	AT3G63270.1
OG0018855	jg16417	AT3G63280.4
OG0018856	jg16427	AT3G63310.1
OG0018857	jg16439	AT3G63440.1
OG0018858	jg16449	AT3G63530.1
OG0018859	jg3805	AT5G01020.1
OG0018860	jg3849	AT5G01660.1
OG0018861	jg3850	AT5G01650.2
OG0018862	jg3863	AT5G01520.1
OG0018863	jg3866	AT5G01490.1
OG0018864	jg3869	AT5G01470.6
OG0018865	jg3903	AT5G01240.1
OG0018866	jg3960	AT5G02250.1
OG0018867	jg3995	AT5G02590.1
OG0018868	jg4005	AT5G02730.1
OG0018869	jg4006	AT5G02740.1
OG0018870	jg4024	AT5G02910.1
OG0018871	jg4040	AT5G03070.1
OG0018872	jg4110	AT5G03660.1
OG0018873	jg4131	AT5G03860.1
OG0018874	jg4170	AT5G04220.2
OG0018875	jg4203	AT5G04520.1
OG0018876	jg4207	AT5G04560.2
OG0018877	jg4223	AT5G04750.1
OG0018878	jg4226	AT5G04780.1
OG0018879	jg4266	AT5G05130.1
OG0018880	jg4270	AT5G05150.1
OG0018881	jg4304	AT5G05480.1
OG0018882	jg4315	AT5G05580.1
OG0018883	jg4382	AT5G06210.1
OG0018885	jg4425	AT5G06460.1
OG0018886	jg4446	AT5G06650.1
OG0018887	jg4504	AT5G06820.1
OG0018888	jg4505	AT5G06830.1
OG0018889	jg4513	AT5G06900.1
OG0018890	jg4521	AT5G06960.1
OG0018892	jg4537	AT5G07100.1
OG0018893	jg4538	AT5G07110.1
OG0018894	jg4541	AT5G07140.1
OG0018895	jg4542	AT5G07150.2
OG0018896	jg4553	AT5G07225.1
OG0018897	jg4580	AT5G07390.1
OG0018898	jg4581	AT5G07400.1
OG0018899	jg4583	AT5G07420.1
OG0018900	jg4586	AT5G07450.1
OG0018901	jg4593	AT5G07500.1
OG0018902	jg4622	AT5G07810.1
OG0018903	jg4639	AT5G08000.2
OG0018904	jg4641	AT5G08010.1
OG0018905	jg4642	AT5G08020.1
OG0018906	jg4676	AT5G08305.1
OG0018907	jg4747	AT5G09315.1
OG0018908	jg4750	AT5G09360.1
OG0018909	jg4756	AT5G09420.1
OG0018910	jg4783	AT5G09670.1
OG0018911	jg4807	AT5G09876.1
OG0018912	jg4819	AT5G09970.1
OG0018913	jg4821	AT5G09980.1
OG0018914	jg4829	AT5G10050.1
OG0018915	jg4848	AT5G10180.1
OG0018916	jg4849	AT5G10190.1
OG0018917	jg4855	AT5G10250.2
OG0018918	jg4859	AT5G10290.1
OG0018919	jg4862	AT4G13577.1, AT5G10320.1
OG0018920	jg4876	AT5G10470.2
OG0018921	jg4885	AT5G10560.1
OG0018922	jg4893	AT5G10620.1
OG0018923	jg4895	AT5G10630.4
OG0018924	jg4904	AT5G10745.1
OG0018925	jg4913	AT5G10820.1
OG0018926	jg4914	AT5G10830.1
OG0018927	jg4921	AT5G10920.1
OG0018928	jg4923	AT5G10940.1
OG0018929	jg4926	AT5G10970.1
OG0018931	jg4977	AT5G11450.2
OG0018932	jg4986	AT5G11540.1
OG0018933	jg4990	AT5G11580.1
OG0018934	jg5004	AT5G11720.1
OG0018935	jg5024	AT5G11860.1
OG0018936	jg5031	AT5G11920.1
OG0018937	jg5079	AT5G12380.1
OG0018938	jg5096	AT5G12860.1
OG0018939	jg5112	AT5G13010.1
OG0018940	jg5137	AT5G13230.1
OG0018941	jg5166	AT5G13530.1
OG0018942	jg5170	AT5G13580.1
OG0018943	jg5179	AT5G13690.1
OG0018944	jg5180	AT5G13700.1
OG0018945	jg5195	AT5G13840.1
OG0018946	jg5231	AT5G14150.1
OG0018947	jg5238	AT5G14220.4
OG0018948	jg5266	AT5G14450.1
OG0018949	jg5268	AT5G14470.1
OG0018950	jg5276	AT5G14540.1
OG0018951	jg5291	AT5G14680.1
OG0018952	jg5318	AT5G14960.1
OG0018953	jg5319	AT5G14970.1
OG0018954	jg5320	AT5G14980.1
OG0018955	jg5342	AT5G15170.1
OG0018956	jg5369	AT5G15440.1
OG0018957	jg5501	AT5G16715.1
OG0018958	jg5571	AT5G17380.1
OG0018959	jg5598	AT5G17640.1
OG0018960	jg5601	AT5G17670.1
OG0018961	jg5615	AT5G17780.2
OG0018962	jg5650	AT5G18100.1
OG0018963	jg5664	AT5G18220.1
OG0018964	jg5703	AT5G18570.1
OG0018966	jg5722, jg5723	AT5G18720.1
OG0018967	jg5728	AT5G18750.1
OG0018968	jg5738	AT5G18850.1
OG0018969	jg5743	AT5G18920.2
OG0018970	jg5776	AT5G19170.1
OG0018971	jg5810	AT5G19490.1
OG0018972	jg5829	AT5G19670.1
OG0018973	jg5845	AT5G19840.2
OG0018974	jg5858	AT5G19950.1
OG0018975	jg5902	AT5G20360.1
OG0018976	jg6002	AT5G22010.1
OG0018977	jg6042	AT5G22340.2
OG0018978	jg6048	AT5G22370.1
OG0018979	jg6122	AT5G22875.1
OG0018980	jg6134	AT5G22990.1
OG0018981	jg6143	AT5G23050.1
OG0018982	jg6144	AT5G23060.1
OG0018984	jg6160	AT5G23150.1
OG0018985	jg6161	AT5G23160.1
OG0018986	jg6166	AT5G23210.1
OG0018987	jg6187	AT5G23390.1
OG0018988	jg6197	AT5G23480.2
OG0018989	jg6215	AT5G23680.1
OG0018990	jg6217	AT5G23700.3
OG0018991	jg6234	AT5G23850.1
OG0018992	jg6242	AT5G23930.1
OG0018993	jg6260	AT5G24080.2
OG0018994	jg6296	AT5G24350.2
OG0018995	jg6337	AT5G24680.1
OG0018996	jg6342	AT5G24760.1
OG0018997	jg6433	AT5G25480.1
OG0018998	jg6437	AT5G25520.6
OG0018999	jg6487	AT5G25940.1
OG0019000	jg6570	AT5G26600.1
OG0019001	jg6581	AT5G26820.1
OG0019002	jg6590	AT5G26960.1
OG0019003	jg6609	AT5G27860.1
OG0019004	jg6661	AT5G27400.1
OG0019005	jg6676	AT5G27280.1
OG0019006	jg6687	AT5G27230.1
OG0019007	jg6706	AT5G27110.1
OG0019008	jg6714	AT5G27950.1
OG0019009	jg6772	AT5G28210.1
OG0019010	jg6808	AT5G28690.1
OG0019011	jg6825	AT5G28830.1
OG0019012	jg6967	AT4G07410.1
OG0019013	jg7022	AT4G08040.1
OG0019014	jg7047	AT4G08230.1
OG0019015	jg7049	AT4G08250.1
OG0019016	jg7102, jg7137	AT4G08550.2
OG0019017	jg7109, jg7124	AT4G08570.1
OG0019018	jg7119	AT4G08690.1
OG0019019	jg7120	AT4G08685.1
OG0019020	jg7278	AT5G41660.1, AT3G44430.1
OG0019022	jg7292	AT4G09760.1
OG0019023	jg7334	AT4G10000.1
OG0019024	jg7354	AT4G10120.1
OG0019025	jg7367	AT4G10250.1
OG0019026	jg7387	AT4G10420.1
OG0019026	jg7388	AT4G10400.1, AT4G10410.1, AT4G09920.1
OG0019027	jg7391	AT4G10450.1
OG0019028	jg7458	AT4G11020.1
OG0019029	jg7495	AT4G11280.1
OG0019030	jg7550	AT4G11610.1
OG0019031	jg7559	AT4G11670.2
OG0019032	jg7596	AT4G11950.1
OG0019033	jg7643	AT4G12400.2
OG0019034	jg7677	AT4G05520.1
OG0019035	jg7695	AT4G04350.1
OG0019036	jg7700	AT4G04470.1
OG0019037	jg7702	AT4G04490.1
OG0019038	jg7710	AT4G04605.1
OG0019039	jg7747	AT4G04920.1
OG0019041	jg7781	AT4G05170.1
OG0019042	jg7877	AT4G02900.1
OG0019043	jg7918	AT4G03220.1
OG0019044	jg7936	AT4G03400.1
OG0019045	jg7970	AT4G02460.1
OG0019046	jg7985	AT4G02330.1
OG0019047	jg7986	AT4G02320.1
OG0019048	jg8010	AT4G02120.2
OG0019049	jg8066	AT4G01730.1
OG0019050	jg8082	AT4G01570.1
OG0019051	jg8099	AT4G01395.1
OG0019052	jg8117	AT4G01140.1
OG0019053	jg8133	AT4G01023.2
OG0019054	jg8194	AT4G00490.1
OG0019056	jg8211	AT4G00350.1
OG0019057	jg8213	AT4G00335.1
OG0019058	jg8225	AT4G00210.1
OG0019059	jg8239	AT4G00060.1
OG0019060	jg8242	AT4G00040.1
OG0019061	jg8243	AT4G00030.1
OG0019062	jg8270	AT4G38120.3
OG0019063	jg8271	AT4G38130.1
OG0019064	jg8313	AT4G38500.1
OG0019065	jg8340	AT4G38730.1
OG0019066	jg8343	AT4G38760.1
OG0019067	jg8352	AT4G38850.1
OG0019068	jg8369	AT4G39010.1
OG0019069	jg8387	AT4G39170.1
OG0019070	jg8402	AT4G39330.1
OG0019071	jg8412	AT4G39420.2
OG0019072	jg8472	AT4G39756.1
OG0019073	jg8484	AT4G39830.1
OG0019074	jg8506	AT4G40010.1
OG0019075	jg8532	AT4G38000.1
OG0019076	jg8595	AT4G37410.1
OG0019077	jg8619	AT4G36945.1
OG0019078	jg8626	AT4G37010.2
OG0019079	jg8672	AT4G36650.1
OG0019080	jg8727	AT4G36070.2
OG0019081	jg8736	AT4G35980.1
OG0019082	jg8737	AT4G35970.1
OG0019083	jg8740	AT4G35930.3
OG0019084	jg8787	AT4G35610.1
OG0019085	jg8791	AT4G35560.2
OG0019086	jg8793	AT4G35540.1
OG0019087	jg8876	AT4G34750.1
OG0019088	jg8902	AT4G34510.1
OG0019089	jg8983	AT4G33870.1
OG0019090	jg9006	AT4G33666.1
OG0019091	jg9012	AT4G33620.1
OG0019092	jg9018	AT4G33565.1
OG0019093	jg9035	AT4G33470.1
OG0019094	jg9091	AT4G32960.1
OG0019095	jg9104	AT4G32840.1
OG0019096	jg9107	AT4G32820.2
OG0019097	jg9111	AT4G32780.2
OG0019098	jg9126	AT4G32640.1
OG0019099	jg9147	AT4G32460.1
OG0019100	jg9210	AT4G31890.1
OG0019101	jg9214	AT4G31860.1
OG0019102	jg9219	AT4G31810.1
OG0019103	jg9242	AT4G31600.1
OG0019104	jg9254	AT4G31500.1
OG0019105	jg9267	AT4G31350.1
OG0019106	jg9289	AT4G31080.2
OG0019107	jg9309	AT4G30900.1
OG0019108	jg9349	AT4G30610.1
OG0019109	jg9359	AT4G30520.1
OG0019110	jg9369	AT4G30430.1
OG0019111	jg9381	AT4G30310.2
OG0019112	jg9398	AT4G30130.1
OG0019113	jg9402	AT4G30100.1
OG0019114	jg9403	AT4G30090.1
OG0019115	jg9415	AT4G30030.1
OG0019116	jg9437	AT4G29820.1
OG0019117	jg9438	AT4G29810.2
OG0019118	jg9440	AT4G29790.1
OG0019119	jg9504	AT4G29310.1
OG0019120	jg9513	AT4G29220.1
OG0019121	jg11647	AT4G12950.1
OG0019122	jg9563	AT4G28690.1
OG0019123	jg9564	AT4G28680.5
OG0019124	jg9565	AT4G28670.1
OG0019125	jg9575	AT4G28560.1
OG0019126	jg9596	AT4G28397.1
OG0019127	jg9600	AT4G28370.1
OG0019128	jg9614	AT4G28220.1
OG0019129	jg9621	AT4G28150.1
OG0019130	jg9654	AT4G27860.3
OG0019132	jg9699	AT4G27510.1
OG0019133	jg9701	AT4G27490.1
OG0019134	jg9717	AT4G27360.1
OG0019135	jg9720	AT4G27340.1
OG0019136	jg9731	AT4G27240.1
OG0019137	jg9741	AT4G27100.1
OG0019138	jg9767	AT4G26830.2
OG0019139	jg9770	AT4G26800.2
OG0019140	jg9771	AT4G26790.1
OG0019141	jg9792	AT4G26580.1
OG0019142	jg9813	AT4G26420.1
OG0019143	jg9825	AT4G26288.1
OG0019144	jg9841	AT4G26160.1
OG0019145	jg9885	AT4G25800.1
OG0019146	jg9887	AT4G25780.1
OG0019147	jg9890	AT4G25750.1
OG0019148	jg9920	AT4G25450.1
OG0019149	jg9927	AT4G25400.2
OG0019150	jg9929	AT4G25380.1
OG0019151	jg9974	AT4G25000.1
OG0019152	jg9976	AT4G24972.1
OG0019153	jg9984	AT4G24890.1
OG0019154	jg9991	AT4G24805.1
OG0019155	jg10011	AT4G24660.2
OG0019156	jg10066	AT4G24170.1
OG0019157	jg10080	AT4G24026.1
OG0019158	jg10165	AT4G23380.1
OG0019159	jg10170	AT4G23350.1
OG0019159	jg10168, jg10169	AT4G23365.1, AT4G23360.1, AT4G23355.1
OG0019160	jg10218	AT4G23070.1
OG0019161	jg10274	AT4G22580.1
OG0019162	jg10297	AT4G22340.3
OG0019163	jg10309	AT4G22240.1
OG0019164	jg10313	AT4G22200.1
OG0019165	jg10395	AT4G21670.1
OG0019166	jg10413	AT4G21510.1
OG0019167	jg10417	AT4G21480.1
OG0019168	jg10418	AT4G21470.1
OG0019169	jg10465	AT4G21060.1
OG0019170	jg10478	AT4G20960.1
OG0019171	jg10483	AT4G20910.1
OG0019172	jg10499	AT4G20770.1
OG0019173	jg10509	AT4G20430.1
OG0019174	jg10534	AT4G20350.2
OG0019175	jg10551	AT4G20160.2
OG0019176	jg10555	AT4G20110.2
OG0019177	jg10590	AT4G19890.1
OG0019178	jg10595	AT4G19850.2
OG0019179	jg10602	AT4G19750.1
OG0019179	jg10601	AT4G19760.1
OG0019180	jg10604	AT4G19710.2
OG0019181	jg10645	AT4G19400.1
OG0019182	jg10648	AT4G19370.1
OG0019183	jg10657	AT4G19191.1
OG0019184	jg10665	AT4G19130.2
OG0019185	jg10685	AT4G19010.1
OG0019186	jg10688	AT4G19000.1
OG0019187	jg10712	AT4G18760.1
OG0019188	jg10788	AT4G18195.1
OG0019189	jg10790	AT4G18180.1
OG0019190	jg10795	AT4G18130.1
OG0019192	jg10826	AT4G17860.1
OG0019193	jg10856	AT4G17600.1
OG0019194	jg10884	AT4G17360.1
OG0019195	jg10922	AT4G16980.1
OG0019196	jg10928	AT4G16840.1
OG0019197	jg10929	AT4G16835.1
OG0019198	jg10946	AT4G16740.1
OG0019199	jg10961	AT4G16600.1
OG0019200	jg11005	AT4G16430.1
OG0019201	jg11010	AT4G16400.1
OG0019203	jg11053	AT4G16130.1
OG0019204	jg11054	AT4G16120.1
OG0019205	jg11096	AT4G15890.1
OG0019206	jg11128	AT4G15730.1
OG0019207	jg11150	AT4G15562.1
OG0019208	jg11164	AT4G15480.1
OG0019209	jg11198	AT4G15248.1
OG0019210	jg11251	AT4G14890.1
OG0019211	jg11256	AT4G14840.1
OG0019212	jg11259	AT4G14820.1
OG0019213	jg11279	AT4G14746.1
OG0019214	jg11290	AT4G14695.1
OG0019215	jg11300	AT4G14620.1
OG0019216	jg11311	AT4G14550.2
OG0019217	jg11359	AT4G14240.1
OG0019218	jg11368	AT4G14180.1
OG0019219	jg11369	AT4G14170.1
OG0019220	jg11383	AT4G14100.1
OG0019221	jg11385	AT4G14070.1
OG0019222	jg11404	AT4G13970.1
OG0019223	jg22564	AT5G56800.1
OG0019224	jg11564	AT4G13235.1
OG0019225	jg11569	AT4G13210.2
OG0019226	jg11590	AT4G13110.1
OG0019227	jg11620	AT4G13050.1
OG0019228	jg11900	AT5G35100.1
OG0019229	jg11930	AT5G35400.2
OG0019230	jg11936	AT5G35460.1
OG0019231	jg11963	AT5G35690.1
OG0019232	jg11975	AT5G35753.1
OG0019233	jg11980	AT5G35770.1
OG0019234	jg11988	AT5G35840.1
OG0019235	jg12037	AT5G36210.1
OG0019236	jg12038	AT5G36220.1
OG0019237	jg12198	AT5G37480.1
OG0019239	jg12208	AT5G37550.1
OG0019240	jg12235	AT5G37690.1
OG0019241	jg12378	AT5G38450.1
OG0019242	jg12379	AT5G38460.1
OG0019243	jg12417	AT5G38730.1
OG0019244	jg12496	AT5G39350.1
OG0019245	jg12506	AT5G39410.1
OG0019246	jg12531	AT5G39580.1
OG0019247	jg12533	AT5G39590.1
OG0019248	jg12550	AT5G39760.1
OG0019249	jg12565	AT5G39865.1
OG0019250	jg12566	AT5G39870.2
OG0019251	jg12647	AT5G40380.1
OG0019252	jg12652	AT5G40400.2
OG0019253	jg12716	AT5G40960.1
OG0019254	jg12723	AT5G41030.1
OG0019255	jg12744	AT5G41170.1
OG0019256	jg12756	AT5G41315.2
OG0019257	jg12767	AT5G41400.1
OG0019258	jg12825	AT5G41810.1
OG0019259	jg12835	AT5G41870.1
OG0019260	jg20274	AT5G47630.1
OG0019261	jg20280	AT5G47580.1
OG0019262	jg20285	AT5G47530.1
OG0019263	jg20288	AT5G47510.4
OG0019264	jg20299	AT5G47440.1
OG0019265	jg20304	AT5G47390.1
OG0019266	jg20358	AT5G47040.1
OG0019267	jg20374	AT5G46870.1
OG0019268	jg20385	AT5G46770.1
OG0019269	jg20396	AT5G46640.1
OG0019270	jg20400	AT5G46600.1
OG0019271	jg20425	AT5G46420.1
OG0019272	jg20435	AT5G46330.1
OG0019273	jg20483	AT5G45950.1
OG0019274	jg20484	AT5G45940.1
OG0019275	jg20487	AT5G45910.1
OG0019277	jg20499	AT5G45810.1
OG0019278	jg20500	AT5G45800.1
OG0019279	jg20524	AT5G45610.1
OG0019281	jg20597	AT5G45160.1
OG0019282	jg20602	AT5G45120.1
OG0019283	jg20629	AT5G44973.1
OG0019284	jg20661	AT5G44740.2
OG0019285	jg20676	AT5G44610.1
OG0019286	jg20705	AT5G44530.2
OG0019287	jg20722, jg20727	AT5G44440.2
OG0019288	jg20737	AT5G44360.2
OG0019289	jg20768	AT5G44250.1
OG0019290	jg20831	AT5G43780.1
OG0019291	jg20842	AT5G43710.1
OG0019292	jg20843	AT5G43700.1
OG0019293	jg20884	AT5G43380.1
OG0019294	jg20928	AT5G43170.1
OG0019295	jg20933	AT5G43120.2
OG0019296	jg20937	AT5G43080.1
OG0019297	jg21006	AT5G42860.1
OG0019298	jg21017	AT5G42810.1
OG0019299	jg21022	AT5G42785.1
OG0019300	jg21043	AT5G42670.1
OG0019301	jg21064	AT5G42570.1
OG0019302	jg21067	AT5G42540.2
OG0019303	jg21078	AT5G42480.1
OG0019304	jg21115	AT5G42390.1
OG0019305	jg21118	AT5G42380.1
OG0019306	jg21272	AT5G47860.1
OG0019307	jg21291	AT5G47970.1
OG0019308	jg21307	AT5G48060.1
OG0019309	jg21327	AT5G48090.1
OG0019310	jg21366	AT5G48330.1
OG0019311	jg21370	AT5G48370.1
OG0019312	jg21376	AT5G48390.1
OG0019313	jg21383	AT5G48460.1
OG0019314	jg21396	AT5G48540.1
OG0019315	jg21403	AT5G48570.1
OG0019316	jg21473	AT5G48945.1
OG0019317	jg21505	AT5G49015.1
OG0019318	jg21520	AT5G49070.1
OG0019319	jg22019, jg21528	AT5G49110.2
OG0019320	jg21533	AT5G49150.2
OG0019321	jg21540	AT5G49190.1
OG0019322	jg21568	AT5G49350.1
OG0019323	jg21582	AT5G49480.1
OG0019324	jg21606	AT5G49630.1
OG0019325	jg21607	AT5G49650.1
OG0019326	jg21609	AT5G49665.1
OG0019327	jg21614	AT5G49680.2
OG0019328	jg21629	AT5G49810.1
OG0019329	jg21640	AT5G49900.1
OG0019330	jg21649	AT5G49970.1
OG0019331	jg21665	AT5G50130.1
OG0019332	jg21668	AT5G50160.1
OG0019333	jg21686	AT5G50280.1
OG0019334	jg21714	AT5G50443.1
OG0019335	jg21723	AT5G50630.1, AT5G50520.1
OG0019336	jg21736	AT5G50770.1
OG0019337	jg21761	AT5G51030.1
OG0019338	jg21763	AT5G51050.1
OG0019339	jg21813	AT5G51440.1
OG0019340	jg21816	AT5G51451.1
OG0019341	jg21829	AT5G51585.1
OG0019342	jg21848	AT5G51720.1
OG0019343	jg21852	AT5G51750.1
OG0019344	jg21909	AT5G52170.2
OG0019345	jg21915	AT5G52230.1
OG0019346	jg21935	AT5G52410.2
OG0019347	jg21941, jg22515	AT5G52460.1
OG0019348	jg21966	AT5G52630.1
OG0019349	jg21982	AT5G52790.1
OG0019351	jg21993	AT5G52860.1
OG0019352	jg22051	AT5G53310.1
OG0019353	jg22070	AT5G53490.4
OG0019354	jg22073	AT5G53510.1
OG0019355	jg22157	AT5G53910.1
OG0019356	jg22297, jg22298	AT5G54745.1, AT1G51150.1
OG0019357	jg22308	AT5G54830.1
OG0019358	jg22309	AT5G54840.1
OG0019359	jg22315	AT5G54890.1
OG0019360	jg22316	AT5G54900.1
OG0019361	jg22321	AT5G54960.1
OG0019362	jg22322	AT5G54970.1
OG0019363	jg22347	AT5G55200.1
OG0019364	jg22357	AT5G55310.1
OG0019365	jg22377	AT5G55460.1
OG0019366	jg22421	AT5G55830.1
OG0019367	jg22466	AT5G56180.1
OG0019368	jg22514	AT5G56420.1
OG0019370	jg22575	AT5G56900.2
OG0019371	jg22595	AT5G57035.1
OG0019372	jg22604	AT5G57100.1
OG0019373	jg22646	AT5G57450.1
OG0019374	jg22649	AT5G57490.1
OG0019375	jg22689	AT5G57870.1
OG0019376	jg22697	AT5G57940.1
OG0019377	jg22699	AT5G57960.1
OG0019378	jg22718	AT5G58130.1
OG0019379	jg22727	AT5G58210.1
OG0019380	jg22757	AT5G58450.1
OG0019381	jg22760	AT5G58480.1
OG0019382	jg22764	AT5G58520.1
OG0019383	jg22769	AT5G58570.1
OG0019384	jg22775	AT5G58610.3
OG0019385	jg22808	AT5G58910.2
OG0019386	jg22853	AT5G59070.1
OG0019387	jg22875	AT5G59420.1
OG0019388	jg22895	AT5G59600.1
OG0019389	jg22943	AT5G60040.2
OG0019390	jg22976	AT5G60320.1
OG0019391	jg23014	AT5G60740.1
OG0019392	jg23018	AT5G60770.1
OG0019393	jg23027	AT5G60870.2
OG0019394	jg23084	AT5G61400.1
OG0019395	jg23101	AT5G61540.1
OG0019396	jg23116	AT5G61680.1
OG0019397	jg23123	AT5G61750.1
OG0019398	jg23130	AT5G61830.1
OG0019399	jg23133	AT5G61865.1
OG0019400	jg23134	AT5G61880.1
OG0019401	jg23156	AT5G62065.1
OG0019402	jg23163	AT5G62140.1
OG0019403	jg23167	AT5G62170.1
OG0019404	jg23175	AT5G62230.1
OG0019405	jg23217	AT5G62630.1
OG0019406	jg23249	AT5G62900.1
OG0019407	jg23254	AT5G62930.2
OG0019408	jg23290	AT5G63190.1
OG0019409	jg23308	AT5G63380.1
OG0019410	jg23331	AT5G63580.1
OG0019412	jg23375	AT5G63900.1
OG0019413	jg23376	AT5G63905.2
OG0019414	jg23379	AT5G63920.1
OG0019415	jg23396	AT5G64050.1
OG0019416	jg23400	AT5G64090.1
OG0019417	jg23467	AT5G64630.2
OG0019418	jg23471	AT5G64667.1
OG0019419	jg23478	AT5G64710.1
OG0019420	jg23489	AT5G64816.1
OG0019421	jg23502	AT5G64940.1
OG0019422	jg23518	AT5G65100.1
OG0019423	jg23523	AT5G65158.1
OG0019424	jg23535	AT5G65240.2
OG0019425	jg23559	AT5G65460.3
OG0019426	jg23613	AT5G65920.1
OG0019427	jg23615	AT5G67640.1
OG0019428	jg23621	AT5G67580.1
OG0019429	jg23622	AT5G67570.1
OG0019430	jg23624	AT5G67540.3
OG0019432	jg23692	AT5G66960.1
OG0019433	jg23711	AT5G66790.1
OG0019434	jg23758	AT5G66360.2
OG0019435	jg23775	AT5G66200.1
OG0019436	jg23780	AT5G66150.1
OG0019437	jg23783	AT5G66110.1
OG0019438	jg23788	AT5G66060.1
OG0019439	jg23789	AT5G66055.1
OG0019440	jg23795	AT5G66010.1
OG0019441	jg23800	AT5G65960.1
OG0019443	jg240	AT2G07671.1
OG0019604	jg28420	AT1G02010.4
OG0019605	jg28427	AT1G01960.1
OG0019606	jg28495	AT1G01320.1
OG0019607	jg28505	AT1G01220.1
OG0019608	jg28589	AT1G02800.1
OG0019610	jg28725	AT1G04050.1
OG0019611	jg28733	AT1G04150.1
OG0019612	jg28755	AT1G04380.1
OG0019613	jg28757	AT1G04390.1
OG0019614	jg28783	AT1G04620.1
OG0019615	jg28825	AT1G04980.1
OG0019616	jg28840	AT1G05070.1
OG0019618	jg28884	AT1G05460.1
OG0019619	jg28925	AT1G05785.6
OG0019620	jg28927	AT1G05800.1
OG0019621	jg28933	AT1G05840.1
OG0019622	jg29025	AT1G06770.1
OG0019623	jg29028	AT1G06800.1
OG0019624	jg29066	AT1G07150.1
OG0019625	jg29113	AT1G07590.1
OG0019626	jg29181	AT1G08190.1
OG0019627	jg29192	AT1G08300.1
OG0019628	jg29215	AT1G08520.1
OG0019629	jg29364	AT1G09900.1
OG0019630	jg29388	AT1G10110.1
OG0019632	jg29420	AT1G10360.1
OG0019633	jg29424	AT1G10385.1
OG0019634	jg29552	AT1G11290.1
OG0019635	jg29585	AT1G11490.1
OG0019636	jg29639	AT1G11960.1
OG0019637	jg29659	AT1G12160.1
OG0019638	jg29745	AT1G12850.1
OG0019639	jg15300	AT3G53640.1
OG0019639	jg26951, jg29799	AT1G13350.3
OG0019640	jg29893	AT1G14205.1
OG0019641	jg29916	AT1G14410.1
OG0019642	jg29992	AT1G15050.1
OG0019643	jg30047	AT1G15590.1
OG0019645	jg30089	AT1G15980.1
OG0019649	jg30234	AT1G17120.1
OG0019650	jg30281	AT1G17550.1
OG0019651	jg30287	AT1G17615.1
OG0019652	jg30291	AT1G17650.1
OG0019653	jg30409	AT1G18830.1
OG0019654	jg30420	AT1G18940.1
OG0019655	jg30498	AT1G19720.1
OG0019656	jg30545	AT1G20150.1
OG0019657	jg30691	AT1G21440.1
OG0019658	jg30699	AT1G21520.1
OG0019659	jg30712	AT1G21640.2
OG0019660	jg30821	AT1G22610.1
OG0019661	jg30827	AT1G22670.1
OG0019662	jg30862	AT1G23010.1
OG0019663	jg30868	AT1G23070.1
OG0019664	jg30981	AT1G24110.1
OG0019666	jg31178	AT1G25375.1
OG0019667	jg31210	AT1G24706.2
OG0019668	jg31228	AT1G24485.3
OG0019669	jg31235	AT1G24430.1
OG0019670	jg31245	AT1G24320.1
OG0019671	jg31359	AT1G28330.2
OG0019672	jg31507	AT1G29710.1
OG0019673	jg31552	AT1G30100.1
OG0019675	jg31683	AT1G30950.1
OG0019676	jg31729	AT1G31175.1
OG0019677	jg31812	AT1G31814.1
OG0019678	jg31868	AT2G22340.1
OG0019679	jg31871	AT1G32250.1
OG0019680	jg31879	AT1G32310.1
OG0019681	jg31892	AT1G32415.1
OG0019682	jg31897	AT1G32440.1
OG0019683	jg31913	AT1G32610.1
OG0019685	jg31945	AT1G32930.1
OG0019686	jg31950	AT1G32970.1
OG0019687	jg31955	AT1G33030.1
OG0019688	jg31991	AT1G33410.2
OG0019689	jg31994	AT1G33420.1
OG0019690	jg32094	AT1G34160.1
OG0019693	jg32178	AT1G35220.1
OG0019694	jg32269	AT1G35910.1
OG0019695	jg32314	AT1G36730.1
OG0019696	jg32375	AT1G37140.1
OG0019697	jg32553	AT1G43780.1
OG0019698	jg1580	AT4G04957.1
OG0019700	jg32929	AT1G48490.4
OG0019701	jg32946	AT1G48650.2
OG0019702	jg33008	AT1G49110.1
OG0019703	jg33058	AT1G49435.1
OG0019704	jg33113	AT1G49860.1
OG0019705	jg33150	AT1G50180.1
OG0019706	jg33321	AT1G51620.2
OG0019709	jg33456	AT1G52660.1
OG0019710	jg33473	AT1G52790.1
OG0019711	jg33526	AT1G53230.1
OG0019712	jg33584	AT1G53635.1, AT1G53633.1
OG0019713	jg33622	AT1G53930.1
OG0019714	jg33658	AT1G54230.1
OG0019715	jg33677	AT1G55180.1
OG0019716	jg33747	AT1G55740.1
OG0019717	jg33760	AT1G55810.4
OG0019718	jg33781	AT1G55970.1
OG0019719	jg33814	AT1G56180.1
OG0019720	jg33826	AT5G48920.1
OG0019721	jg363	AT1G64660.1
OG0019722	jg398	AT1G64355.1
OG0019723	jg448	AT1G64060.1
OG0019724	jg512	AT1G63600.1
OG0019725	jg530	AT1G63450.1
OG0019726	jg593	AT1G63030.1
OG0019728	jg621	AT1G62870.1
OG0019729	jg680	AT1G62420.1
OG0019730	jg759	AT1G61850.2
OG0019731	jg778	AT1G61700.1
OG0019732	jg784	AT1G61680.1
OG0019733	jg975, jg8770	AT4G35725.1
OG0019734	jg997	AT1G60030.1
OG0019735	jg1061	AT1G59720.1
OG0019737	jg1351	AT1G56670.1
OG0019738	jg1366	AT1G56555.1
OG0019739	jg1410	AT1G56430.1
OG0019740	jg19482, jg1419, jg1692	AT2G41880.5
OG0019741	jg1430	AT1G56300.1
OG0019742	jg1501	AT1G54840.1
OG0019743	jg1506	AT1G54790.2
OG0019744	jg1544	AT1G54490.1
OG0019745	jg1588	AT2G26230.1
OG0019746	jg1795	AT1G65000.1
OG0019747	jg1938	AT1G65560.1
OG0019748	jg1948	AT1G65610.1
OG0019749	jg1953	AT1G65620.1
OG0019751	jg2234	AT1G67140.2
OG0019752	jg2390	AT1G68290.1
OG0019753	jg2405	AT1G68410.1
OG0019754	jg2464	AT1G68845.1
OG0019755	jg2530	AT1G69470.1
OG0019757	jg2705	AT1G70870.1
OG0019758	jg2722	AT1G71020.1
OG0019759	jg2726	AT1G71050.1
OG0019762	jg3087	AT1G74350.1
OG0019763	jg3113	AT1G74620.1
OG0019764	jg3124	AT1G74720.1
OG0019765	jg3279	AT1G76190.1
OG0019766	jg3283	AT1G76230.1
OG0019767	jg3287	AT1G76270.1
OG0019768	jg3319	AT1G76570.1
OG0019769	jg3359	AT1G76955.1
OG0019770	jg3364	AT1G76970.1
OG0019771	jg3371	AT1G77060.1
OG0019772	jg3377	AT1G77110.1
OG0019773	jg3414	AT1G77460.1
OG0019774	jg3471	AT1G77980.1
OG0019775	jg3499	AT1G78220.1
OG0019776	jg3524	AT1G78470.1
OG0019777	jg3631	AT1G79420.1
OG0019778	jg3653	AT1G79620.5
OG0019781	jg23881	AT3G02070.1
OG0019782	jg23882	AT3G02065.2
OG0019783	jg23886	AT3G02030.2
OG0019784	jg23919	AT3G01750.1
OG0019785	jg23922	AT3G01720.1
OG0019786	jg23986	AT3G01180.1
OG0019787	jg24032	AT3G02260.1
OG0019788	jg24047	AT3G02320.1
OG0019789	jg24081	AT3G02610.2, AT3G02620.2
OG0019790	jg24090	AT3G02690.1
OG0019791	jg24113	AT3G02885.1
OG0019793	jg24150	AT3G03190.1
OG0019794	jg24160	AT3G03272.1
OG0019795	jg24195	AT3G03510.1
OG0019796	jg24262	AT3G04000.1
OG0019798	jg24344	AT3G04640.1
OG0019799	jg24360	AT3G04740.1
OG0019800	jg24411	AT3G05150.2
OG0019801	jg24436	AT3G05345.1
OG0019803	jg24502	AT3G05780.1
OG0019804	jg24546	AT3G06145.1
OG0019805	jg24581	AT3G06435.1
OG0019806	jg24585	AT3G06450.1
OG0019807	jg24682	AT3G07290.1
OG0019809	jg24881	AT3G09550.2
OG0019810	jg12828	AT5G41820.1
OG0019811	jg24900	AT3G09735.1
OG0019812	jg24932	AT3G10010.1
OG0019813	jg24956	AT3G10210.1
OG0019814	jg24984	AT3G10460.1
OG0019815	jg25130	AT3G11760.1
OG0019817	jg25254	AT3G12950.1
OG0019818	jg25287	AT3G13170.1
OG0019819	jg25289	AT3G13180.1
OG0019820	jg25385	AT3G13845.1
OG0019822	jg25449	AT3G14370.1
OG0019823	jg25459	AT3G14460.1
OG0019824	jg25490	AT3G14730.1
OG0019826	jg25534	AT3G15120.2
OG0019828	jg25730	AT3G16610.1
OG0019829	jg25745	AT3G16750.1
OG0019830	jg25772	AT3G16920.2
OG0019831	jg25778	AT3G17000.1
OG0019833	jg25804	AT3G17160.1
OG0019834	jg25884	AT3G17750.1
OG0019836	jg26056	AT3G19190.2
OG0019837	jg26060	AT3G19230.1
OG0019839	jg26174	AT3G20220.1
OG0019840	jg26268	AT3G20970.1
OG0019842	jg26330	AT3G21380.1
OG0019843	jg26403	AT3G21940.1
OG0019844	jg26510	AT3G22740.1
OG0019845	jg26536	AT3G22980.1
OG0019846	jg26552	AT3G23100.1
OG0019847	jg26559	AT3G23140.1
OG0019848	jg26606	AT3G23580.1
OG0019849	jg26652	AT3G23830.1
OG0019851	jg26761	AT3G24503.1
OG0019852	jg26789	AT3G24605.1
OG0019854	jg26900	AT3G25490.1
OG0019855	jg26945	AT2G04410.1
OG0019856	jg26960	AT2G04480.1
OG0019857	jg26970	AT2G04540.1
OG0019858	jg26995	AT2G04750.1
OG0019859	jg27010	AT2G04890.1
OG0019860	jg27034	AT2G05170.1
OG0019861	jg27074	AT2G05580.1
OG0019862	jg27140	AT2G06005.1
OG0019863	jg27141	AT2G06010.1
OG0019864	jg27217	AT2G07040.1
OG0019865	jg27301	AT3G30823.1
OG0019867	jg27357	AT2G11810.1
OG0019868	jg27393	AT2G13370.1
OG0019869	jg27396	AT2G13440.1
OG0019870	jg27399	AT2G13560.1
OG0019871	jg27408	AT2G13680.1
OG0019872	jg27421	AT2G14050.1
OG0019873	jg27495, jg27496	AT2G14690.1
OG0019875	jg27642	AT2G15980.1
OG0019876	jg27664	AT2G16230.1
OG0019877	jg27706	AT2G16500.1
OG0019878	jg27835	AT2G17140.1
OG0019879	jg27916	AT2G17790.1
OG0019880	jg27991	AT3G19880.1, AT4G05080.1
OG0019881	jg28099	AT2G19150.1
OG0019882	jg28176	AT2G19802.1
OG0019883	jg28211	AT2G20010.2
OG0019884	jg28248	AT2G20330.1
OG0019885	jg28268	AT2G20495.3
OG0019886	jg28287	AT2G20635.1
OG0019887	jg28306	AT2G20810.1
OG0019888	jg16502	AT2G20960.1
OG0019889	jg16503	AT2G20970.2
OG0019890	jg16630	AT2G22050.1
OG0019891	jg16665	AT2G22370.1
OG0019892	jg3882	AT5G01440.1
OG0019893	jg16765	AT2G23170.1
OG0019894	jg16805	AT2G23445.1
OG0019895	jg16826	AT2G23630.2
OG0019896	jg16831	AT2G23680.1
OG0019897	jg16865	AT2G24030.1
OG0019898	jg16887	AT2G24170.1
OG0019900	jg17035	AT2G25010.1
OG0019901	jg17072	AT2G25220.2
OG0019902	jg17169	AT2G25730.2
OG0019904	jg17293	AT2G26170.1
OG0019905	jg17362	AT2G26480.1
OG0019906	jg17373	AT2G26510.1
OG0019907	jg11819	AT3G29631.1
OG0019908	jg17525	AT2G26870.1
OG0019912	jg17900	AT2G29050.1
OG0019913	jg17902	AT2G29065.1
OG0019914	jg17992	AT2G29690.1
OG0019915	jg18028	AT2G29960.1
OG0019917	jg18168	AT2G31150.1
OG0019918	jg18204	AT2G31430.1
OG0019919	jg18212	AT2G31480.1
OG0019920	jg18246	AT2G31830.2
OG0019921	jg18269	AT2G32010.1
OG0019922	jg18306	AT2G32370.1
OG0019923	jg18375	AT2G32920.1
OG0019924	jg18416	AT2G33230.1
OG0019925	jg18505	AT2G34020.2
OG0019926	jg18522	AT2G34210.1
OG0019927	jg18535	AT2G34355.1
OG0019928	jg18616	AT2G34990.2
OG0019929	jg18621	AT2G35035.1
OG0019930	jg18780	AT2G36440.1
OG0019931	jg18843	AT2G37010.1
OG0019932	jg19084	AT2G39010.1
OG0019933	jg19176	AT2G39530.1
OG0019934	jg19182	AT2G39620.1
OG0019935	jg19215, jg19214	AT2G39850.1
OG0019936	jg19216	AT2G39851.1
OG0019937	jg19225	AT2G39930.1
OG0019939	jg19518	AT2G42180.1
OG0019941	jg19548	AT2G42440.1
OG0019943	jg19614	AT2G42900.1
OG0019944	jg19658	AT2G43270.1
OG0019945	jg19698	AT2G43580.1
OG0019946	jg19829	AT2G44690.1
OG0019948	jg19842	AT2G44810.2
OG0019949	jg19851	AT2G44880.2
OG0019950	jg19852, jg14463	AT3G46770.1
OG0019951	jg14576, jg19884	AT3G47720.1
OG0019952	jg19937	AT2G45450.1
OG0019953	jg20055	AT2G46495.1
OG0019954	jg20089	AT2G46830.1
OG0019955	jg20098	AT2G46920.1
OG0019956	jg20156	AT2G47440.1
OG0019957	jg20189	AT2G47750.1
OG0019958	jg20226	AT2G48110.1
OG0019959	jg12905	AT2G01130.1
OG0019960	jg12906	AT2G01140.1
OG0019961	jg13127	AT2G03040.1, AT2G03290.1
OG0019962	jg13180	AT2G03770.1
OG0019963	jg13395	AT3G26934.1
OG0019964	jg13490	AT3G27440.1
OG0019965	jg13555	AT3G27930.1
OG0019966	jg13588, jg13585	AT3G28220.1
OG0019967	jg13636	AT3G28630.1
OG0019968	jg13713	AT3G29060.1
OG0019969	jg13816	AT3G29590.1
OG0019970	jg13834	AT1G15770.1
OG0019971	jg13860	AT3G30300.1
OG0019972	jg13941	AT3G33530.3
OG0019973	jg14440	AT3G46590.2
OG0019974	jg14082	AT3G43930.1
OG0019975	jg14143	AT3G44290.1
OG0019976	jg14154	AT3G44450.1
OG0019978	jg14420	AT3G46330.1
OG0019979	jg14462	AT3G46760.1
OG0019980	jg14478	AT3G46890.1
OG0019981	jg14533	AT3G47450.1
OG0019982	jg14539	AT3G47510.1
OG0019984	jg14961	AT3G50850.1
OG0019985	jg15152	AT3G52420.1
OG0019986	jg15201	AT3G52780.1
OG0019987	jg15232	AT3G53050.1
OG0019988	jg15235	AT3G53065.1
OG0019989	jg15241	AT3G53100.1
OG0019990	jg15255	AT3G53235.1
OG0019991	jg15280	AT3G53480.1
OG0019992	jg15315	AT3G53790.1
OG0019993	jg15348	AT3G54100.1
OG0019994	jg15367	AT3G54280.2
OG0019995	jg15376	AT3G54420.1
OG0019996	jg15433	AT3G54960.1
OG0019997	jg15448	AT3G55100.1
OG0019998	jg15473	AT3G55350.1
OG0019999	jg15691	AT3G56920.1
OG0020000	jg15802	AT3G57790.1
OG0020001	jg15816	AT3G57970.1
OG0020002	jg15857	AT3G58330.1
OG0020003	jg15870	AT3G58440.1
OG0020004	jg15879	AT3G58520.1
OG0020008	jg15965	AT3G59240.1
OG0020009	jg15987	AT3G59420.1
OG0020010	jg16016	AT3G59680.2
OG0020011	jg16110	AT3G60510.3
OG0020013	jg16431	AT3G63360.1
OG0020014	jg3813	AT5G01930.1
OG0020015	jg3841	AT5G01740.1
OG0020016	jg3846	AT5G01690.1
OG0020017	jg3896	AT5G01305.1
OG0020018	jg3999	AT5G02620.2
OG0020019	jg4044	AT5G03140.1
OG0020020	jg4100	AT5G03560.2
OG0020021	jg4183	AT5G04330.1
OG0020022	jg4218	AT5G04710.1
OG0020023	jg4220	AT5G04730.1
OG0020024	jg4264	AT5G05110.1
OG0020025	jg4309	AT5G05530.1
OG0020026	jg4310	AT5G05540.1
OG0020027	jg4576	AT5G07360.1
OG0020028	jg4608	AT5G07640.1
OG0020029	jg4700	AT5G08470.1
OG0020030	jg4704	AT5G08510.1
OG0020032	jg4733	AT5G08780.1
OG0020033	jg4738	AT5G09230.7
OG0020034	jg4805	AT5G09860.1
OG0020035	jg4905	AT5G10750.1
OG0020036	jg4984	AT5G11520.1
OG0020037	jg5055	AT5G12150.1
OG0020038	jg5115	AT5G13050.1
OG0020039	jg5141	AT5G13270.1
OG0020040	jg5178	AT5G13680.1
OG0020041	jg5205	AT5G13940.1
OG0020042	jg5229	AT5G14140.1
OG0020043	jg5271	AT5G14490.3
OG0020044	jg5299	AT5G14760.1
OG0020045	jg5351	AT5G15250.1
OG0020046	jg5412	AT5G15860.1
OG0020047	jg5416	AT5G15890.1
OG0020048	jg5419	AT5G15920.1
OG0020050	jg5516	AT5G16860.1
OG0020051	jg5523	AT5G16940.1
OG0020052	jg5574	AT5G17410.2
OG0020053	jg5631	AT5G17980.1
OG0020054	jg5757	AT5G19060.1
OG0020055	jg5826	AT5G19640.1
OG0020056	jg5833	AT5G19710.1
OG0020057	jg5849	AT5G19870.1
OG0020058	jg5923	AT5G20580.1
OG0020059	jg5936	AT5G20710.1
OG0020060	jg5960	AT5G20940.1
OG0020061	jg5966	AT5G20990.1
OG0020062	jg5973	AT5G21080.1
OG0020063	jg6032	AT5G22240.1
OG0020064	jg6113	AT5G22810.1
OG0020065	jg6156	AT5G23110.1
OG0020066	jg6246, jg6247	AT5G23970.1
OG0020067	jg6276	AT5G24240.1
OG0020068	jg6281	AT5G24280.1
OG0020069	jg6291	AT5G24318.1
OG0020070	jg6302	AT5G24380.1
OG0020071	jg6340	AT5G24740.3
OG0020072	jg6410	AT5G25330.1
OG0020073	jg6429	AT5G25450.1
OG0020074	jg6435	AT5G25500.1
OG0020075	jg6449	AT5G25630.2
OG0020077	jg6635	AT5G27680.1
OG0020078	jg7181	AT4G08810.1
OG0020079	jg7220	AT4G09020.1
OG0020080	jg7342	AT4G10060.1
OG0020081	jg7422	AT4G10710.1
OG0020082	jg7475	AT4G11130.1
OG0020083	jg7553	AT4G11640.1
OG0020084	jg7723	AT4G04700.1, AT4G04695.1
OG0020085	jg7733	AT4G04790.1
OG0020086	jg7752	AT4G04955.1
OG0020087	jg7784	AT4G05200.2
OG0020088	jg7803	AT4G05390.1
OG0020089	jg7836	AT4G03550.1
OG0020090	jg7852	AT4G02733.1, AT4G08535.1
OG0020092	jg7940	AT4G02700.1
OG0020093	jg7947	AT4G02650.1
OG0020094	jg7984	AT4G02340.1
OG0020095	jg8035	AT4G01990.1
OG0020097	jg8096	AT4G01420.1
OG0020098	jg8118	AT4G01130.1
OG0020099	jg8137	AT4G00980.1
OG0020102	jg8221	AT4G00240.1
OG0020103	jg8227	AT4G00190.1
OG0020104	jg8230	AT4G00165.1
OG0020105	jg8280	AT4G38210.1
OG0020106	jg8281	AT4G38213.1
OG0020107	jg8283	AT4G38225.3
OG0020108	jg8291	AT4G38350.2
OG0020109	jg8326	AT4G38600.1
OG0020110	jg8337	AT4G38690.1
OG0020113	jg8394	AT4G39235.1
OG0020114	jg8432	AT4G39620.1
OG0020115	jg8585	AT4G37480.1
OG0020116	jg8592	AT4G37435.1
OG0020117	jg8709	AT4G36210.3
OG0020118	jg8753	AT4G35850.1
OG0020119	jg8807	AT4G35380.1
OG0020120	jg8869	AT4G34840.1
OG0020121	jg8898	AT4G34550.1
OG0020122	jg8940	AT4G34215.1
OG0020123	jg9014	AT4G33600.1
OG0020124	jg9016	AT4G33585.1
OG0020125	jg9060	AT4G33240.1
OG0020126	jg9120	AT4G32690.1
OG0020127	jg9138	AT3G26480.1
OG0020128	jg9148	AT4G32450.1
OG0020129	jg9343	AT4G30662.1
OG0020130	jg9439	AT4G29800.2
OG0020131	jg9497	AT4G29370.1
OG0020132	jg9627	AT4G28088.1
OG0020133	jg9666	AT4G27760.1
OG0020134	jg9755	AT4G26960.1
OG0020136	jg9821	AT4G26330.1
OG0020137	jg9928	AT4G25390.1
OG0020138	jg9940	AT4G25290.1
OG0020139	jg10009	AT4G24670.1
OG0020140	jg10024	AT4G24530.1
OG0020141	jg10031	AT4G24460.1
OG0020142	jg10190	AT4G23300.1, AT4G23210.3
OG0020144	jg10336	AT4G22030.1
OG0020145	jg10369	AT4G21865.1
OG0020146	jg10436	AT4G21320.1
OG0020147	jg10482	AT4G20920.2
OG0020148	jg10503, jg10507	AT4G20450.1
OG0020149	jg10572	AT4G19975.1
OG0020150	jg10617	AT4G19620.1
OG0020151	jg10658	AT4G19190.1
OG0020152	jg10704	AT4G18840.1
OG0020153	jg10713	AT4G18750.1
OG0020154	jg10730	AT4G18593.1
OG0020155	jg10733	AT4G18590.1
OG0020156	jg10764	AT4G18320.2
OG0020158	jg10844	AT4G17713.1
OG0020159	jg10907	AT4G17140.3
OG0020160	jg10977	AT4G16555.1
OG0020161	jg11061	AT4G16070.3
OG0020162	jg11127	AT4G15733.1
OG0020163	jg11197	AT4G15250.1
OG0020164	jg11247	AT4G14920.3
OG0020165	jg11299	AT4G14630.1
OG0020166	jg11409	AT4G13955.1
OG0020167	jg11437	AT4G13750.1
OG0020168	jg11454	AT4G13650.1
OG0020169	jg11461	AT4G13600.1
OG0020171	jg11504	AT4G13480.1
OG0020173	jg11551	AT4G13260.1
OG0020174	jg11578	AT4G13180.1
OG0020175	jg11655	AT4G12880.1
OG0020176	jg11706	AT4G12640.1
OG0020177	jg11708	AT4G12670.2
OG0020178	jg11816	AT4G12970.1
OG0020179	jg11982	AT5G35790.1
OG0020180	jg12002	AT5G35930.4
OG0020181	jg12031	AT5G36160.1
OG0020182	jg12035	AT5G36200.1, AT5G36820.1, AT5G36730.1, AT5G36190.1
OG0020183	jg12051	AT5G36300.2
OG0020184	jg12052	AT5G36670.1, AT5G36740.1
OG0020185	jg12144	AT5G37180.1
OG0020186	jg12185	AT5G37450.2
OG0020187	jg12256	AT5G37840.1
OG0020188	jg12314	AT5G38150.1
OG0020190	jg12603, jg12604	AT5G40010.1
OG0020192	jg12673	AT5G40590.1
OG0020193	jg12685	AT5G40660.1
OG0020194	jg12692	AT5G40730.1
OG0020195	jg12700	AT5G40790.1
OG0020196	jg12785	AT5G41610.1
OG0020197	jg12837	AT5G41890.1
OG0020198	jg20369	AT5G46920.1
OG0020199	jg20434	AT5G46340.1
OG0020200	jg20486	AT5G45920.1
OG0020201	jg20616	AT5G45030.1
OG0020202	jg20638	AT5G44930.1
OG0020203	jg20666	AT5G44690.1
OG0020204	jg20733, jg20734	AT5G44380.2
OG0020205	jg20805	AT5G63595.1, AT5G43935.1
OG0020206	jg20909	AT5G43280.1
OG0020207	jg20922	AT5G43210.1
OG0020208	jg20927	AT5G43175.1
OG0020209	jg20936	AT5G43090.1, AT5G43110.1
OG0020210	jg21035	AT5G42700.1
OG0020211	jg21108	AT5G42410.1
OG0020213	jg21188	AT5G42140.1
OG0020214	jg21271	AT5G47850.1
OG0020215	jg21462	AT5G48880.2
OG0020217	jg21516	AT3G55670.1
OG0020218	jg21548	AT5G49230.1
OG0020219	jg21648	AT5G49960.1
OG0020220	jg21764	AT5G51060.1
OG0020221	jg21781	AT5G51200.2
OG0020222	jg21809	AT5G51390.1
OG0020223	jg21905	AT5G52140.1
OG0020224	jg21926	AT5G52330.1
OG0020225	jg22152	AT5G53895.1
OG0020226	jg22213	AT5G54225.1
OG0020227	jg22235	AT5G54400.1
OG0020228	jg22672	AT5G57690.1
OG0020229	jg22773	AT5G58590.1
OG0020230	jg22777	AT5G58630.1
OG0020231	jg22839	AT5G59190.1
OG0020232	jg22958	AT5G60160.1
OG0020233	jg22993	AT5G60540.1
OG0020234	jg23109	AT5G61610.1
OG0020235	jg23172	AT5G62220.1
OG0020236	jg23187	AT5G62340.1
OG0020237	jg23234	AT5G62800.1
OG0020238	jg23334	AT5G63610.1
OG0020239	jg23402	AT5G64110.1
OG0020240	jg23456	AT5G64520.4
OG0020241	jg23470	AT5G64660.1
OG0020242	jg23553	AT5G65400.2
OG0020243	jg23578	AT5G65650.1
OG0020244	jg23610	AT5G65890.1
OG0020245	jg23654	AT5G67265.1
OG0020246	jg23669	AT5G67130.1
OG0020247	jg23674	AT5G67090.1
OG0020248	jg23770	AT5G66240.2
OG0020249	jg266, jg113	AT2G07695.1
OG0020250	jg280, jg126	AT2G07715.1
OG0020251	jg291, jg137	ATCG00350.1
OG0020374	jg28415	AT1G02050.1
OG0020375	jg28416	AT1G02040.1
OG0020377	jg28440	AT1G01800.1
OG0020378	jg28456	AT1G01640.1
OG0020379	jg2104	AT1G65360.1
OG0020379	jg28468	AT1G01530.1
OG0020380	jg28535	AT1G02290.1
OG0020381	jg28559	AT1G02510.1
OG0020382	jg28579	AT1G02690.2
OG0020383	jg28628	AT1G03120.1
OG0020384	jg28678	AT4G03490.3
OG0020385	jg28692	AT1G03770.2
OG0020386	jg28831	AT1G05005.1
OG0020387	jg29105	AT1G07500.1
OG0020388	jg29122	AT1G07680.1
OG0020389	jg29266	AT1G09080.1
OG0020390	jg29330	AT1G09630.1
OG0020392	jg29508	AT1G10980.1
OG0020393	jg29589	AT1G11540.2
OG0020394	jg29591	AT1G11560.1
OG0020395	jg29592	AT1G11570.3
OG0020396	jg29613	AT1G11740.1
OG0020398	jg29860	AT1G13910.1
OG0020399	jg30046	AT1G15580.1
OG0020400	jg30316	AT1G17930.1
OG0020401	jg30371	AT1G18485.1
OG0020402	jg30531	AT1G20030.2
OG0020403	jg30543	AT1G20135.1
OG0020404	jg30624	AT1G20795.1, AT1G20800.1
OG0020405	jg30782	AT1G22210.1
OG0020406	jg30934	AT1G23640.1
OG0020407	jg30953	AT1G23850.1
OG0020408	jg30989	AT1G24148.1
OG0020409	jg30994	AT1G24190.3
OG0020410	jg31043	AT1G26970.1
OG0020411	jg31088	AT1G26680.4
OG0020412	jg31131	AT1G26260.1
OG0020413	jg31319	AT1G28000.1
OG0020414	jg31546	AT1G30020.1
OG0020415	jg31770	AT1G31420.1
OG0020417	jg31816	AT1G31840.1
OG0020418	jg31903	AT1G32510.1
OG0020419	jg31953, jg31952	AT1G33020.1
OG0020420	jg31979	AT1G33280.1
OG0020421	jg32053	AT1G33920.1
OG0020423	jg2552, jg14716, jg15737, jg14715, jg32240, jg13089, jg22178, jg4587, jg17300	AT4G04415.1
OG0020424	jg32265	AT1G35830.1
OG0020425	jg32372	AT1G37130.1
OG0020426	jg32421	AT1G33560.1
OG0020427	jg18531	AT2G34317.1, AT2G34315.1
OG0020429	jg32495	AT1G43040.2
OG0020430	jg32529	AT1G43640.1
OG0020432	jg32784	AT1G47540.2
OG0020433	jg32875, jg32847	AT1G48000.1
OG0020434	jg32945	AT1G48640.1
OG0020435	jg33072	AT1G49520.1
OG0020436	jg33108	AT1G49810.1
OG0020438	jg33177	AT1G50400.1
OG0020439	jg33385	AT1G52040.1
OG0020439	jg33381	AT1G52000.1
OG0020440	jg33444	AT1G52550.1
OG0020441	jg33457	AT1G52670.1
OG0020443	jg33587	AT1G53640.1
OG0020444	jg33659	AT1G54260.1
OG0020446	jg33823	AT1G54340.1
OG0020447	jg33825	AT1G54370.1
OG0020448	jg375	AT1G64540.1
OG0020448	jg12023	AT5G35995.1
OG0020449	jg460	AT1G64010.2
OG0020450	jg499	AT1G63710.1
OG0020451	jg670	AT1G62530.1
OG0020452	jg681	AT1G62422.1
OG0020453	jg682	AT1G62410.1
OG0020454	jg730	AT1G62045.1
OG0020457	jg901, jg899	AT1G60830.1
OG0020459	jg1220	AT1G58007.2
OG0020460	jg1340	AT1G57560.1
OG0020461	jg1511	AT1G54740.1
OG0020462	jg1514	AT1G54730.2
OG0020465	jg1997	AT1G65780.1
OG0020466	jg2014	AT1G66465.1
OG0020467	jg2202	AT1G66980.2
OG0020468	jg2388	AT1G68250.1
OG0020469	jg2493	AT1G69150.1, AT3G43890.1
OG0020470	jg2738	AT1G71150.1
OG0020472	jg3199	AT1G75420.1
OG0020474	jg3533	AT1G78540.2
OG0020475	jg3545	AT1G78635.1
OG0020476	jg3625	AT1G79370.1
OG0020477	jg3762	AT1G80080.1
OG0020478	jg3786	AT1G79840.2
OG0020479	jg23917	AT3G01770.1
OG0020480	jg23985	AT3G01185.1
OG0020481	jg24083	AT3G02640.1
OG0020482	jg4421, jg24171, jg4511	AT3G03370.1
OG0020483	jg24250, jg24175	AT3G03930.1
OG0020484	jg24188	AT3G03460.1
OG0020485	jg17148, jg24368	AT3G04800.1
OG0020486	jg24532	AT3G06000.1
OG0020487	jg24596	AT3G06520.1
OG0020489	jg24875, jg24876	AT3G09490.1
OG0020490	jg24883	AT3G09570.1
OG0020491	jg24930	AT3G09990.1
OG0020492	jg25201	AT3G12470.1
OG0020493	jg25263	AT3G12990.1
OG0020494	jg25316	AT3G13370.1
OG0020495	jg25480	AT3G14630.2
OG0020496	jg25488	AT3G14710.1
OG0020502	jg26170	AT3G20180.2
OG0020503	jg26190	AT3G20350.1
OG0020505	jg26517	AT3G22820.1
OG0020506	jg26690, jg26687	AT3G24093.1
OG0020507	jg26821, jg23582	AT4G24600.1
OG0020509	jg11477, jg27115, jg11475	AT4G13570.2
OG0020510	jg27120	AT2G05900.1
OG0020512	jg27347	AT2G10950.1
OG0020513	jg27431	AT2G14120.3
OG0020516	jg11979	AT5G48200.1
OG0020518	jg27701	AT5G48420.1
OG0020519	jg27841	AT2G17180.1
OG0020520	jg27952	AT2G18060.1
OG0020522	jg28005	AT2G18420.1
OG0020523	jg28179	AT2G19810.1
OG0020524	jg16531	AT2G21210.2
OG0020525	jg16715	AT2G22810.1
OG0020526	jg16719	AT2G22850.1
OG0020527	jg16759	AT2G23110.1
OG0020528	jg16764	AT2G23160.1
OG0020529	jg16974	AT2G24693.1
OG0020530	jg17034	AT2G25000.1
OG0020531	jg17061, jg17058	AT2G25160.1
OG0020532	jg17114	AT2G25450.1
OG0020535	jg17216	AT2G25900.1
OG0020537	jg17540	AT2G26920.1
OG0020538	jg17686	AT3G48231.1, AT2G33233.1
OG0020539	jg17931, jg16056	AT3G60030.1
OG0020542	jg18540	AT2G34380.1
OG0020543	jg18606	AT2G34890.1
OG0020544	jg18680	AT2G35550.1
OG0020545	jg18803	AT2G36660.1
OG0020547	jg19073	AT2G38900.2
OG0020550	jg19414	AT2G41342.1
OG0020551	jg19792	AT2G44400.1
OG0020552	jg20160	AT2G47480.1
OG0020553	jg20228	AT2G48160.2
OG0020554	jg12926	AT2G01379.1
OG0020555	jg13002	AT2G01930.1
OG0020556	jg13044	AT2G02320.1, AT2G02340.1
OG0020557	jg13120	AT2G03230.1
OG0020559	jg13458	AT3G27290.1
OG0020563	jg13983	AT3G42850.2
OG0020564	jg13992	AT3G43110.1
OG0020565	jg14059	AT3G43800.1
OG0020567	jg14270	AT3G45080.1, AT3G45070.2
OG0020568	jg14280	AT3G45170.1
OG0020569	jg14284	AT3G45210.1
OG0020570	jg14305	AT3G45430.1
OG0020571	jg14334	AT3G45610.1
OG0020572	jg14542	AT3G47530.1
OG0020573	jg14697	AT3G48720.1
OG0020574	jg14790, jg14788, jg6315	AT5G24510.1
OG0020575	jg14791	AT3G49470.2
OG0020576	jg14818	AT3G49610.1
OG0020577	jg14843	AT3G49840.2
OG0020578	jg14934	AT3G50650.1
OG0020580	jg15166, jg15651, jg15730	AT3G57270.1
OG0020581	jg15185	AT3G52630.1
OG0020582	jg15342	AT3G54060.1
OG0020583	jg15388	AT3G54550.1
OG0020584	jg15840	AT3G58200.1
OG0020585	jg15904	AT3G58770.1
OG0020586	jg15916	AT3G58860.1
OG0020587	jg15931	AT3G58990.1
OG0020588	jg15973	AT3G59290.1
OG0020589	jg15991	AT3G59435.1
OG0020592	jg16033	AT3G59845.1
OG0020593	jg16039	AT3G59890.1
OG0020594	jg16053	AT3G60000.2
OG0020595	jg16144	AT3G60870.1
OG0020596	jg16173	AT3G61210.1
OG0020597	jg16327	AT3G62610.1
OG0020598	jg16342	AT3G62760.1
OG0020599	jg16433	AT3G63380.1
OG0020600	jg3806	AT5G02000.1
OG0020601	jg3809	AT5G01970.1
OG0020602	jg3857	AT5G01580.1
OG0020604	jg4003	AT5G02720.2
OG0020605	jg4091	AT1G13825.1
OG0020606	jg4148	AT5G04030.1
OG0020607	jg4302, jg4323, jg4360, jg4321	AT5G05640.1
OG0020608	jg4371	AT5G06100.2
OG0020609	jg4372	AT5G06110.1
OG0020610	jg4591	AT5G07480.1
OG0020611	jg4594	AT5G07520.1
OG0020612	jg4670	AT5G08250.2
OG0020613	jg4935	AT5G11050.1
OG0020614	jg4943	AT5G11140.1
OG0020615	jg5041	AT5G12010.1
OG0020616	jg5251	AT5G14330.1
OG0020617	jg5482	AT5G16540.1
OG0020618	jg5734	AT5G18810.1
OG0020620	jg6279	AT5G24275.1
OG0020622	jg6665	AT5G27370.1
OG0020624	jg6698	AT5G27200.1
OG0020626	jg7035	AT4G08170.2
OG0020627	jg7142, jg7098	AT4G08530.1
OG0020628	jg7207	AT4G08930.1
OG0020629	jg7242	AT4G09170.1
OG0020630	jg7243	AT4G09180.1
OG0020631	jg7440	AT4G10860.1, AT4G10880.1, AT4G10870.1
OG0020632	jg7515	AT4G11460.1
OG0020633	jg7525	AT4G11490.1
OG0020635	jg7724	AT4G04710.4
OG0020636	jg8157	AT4G00850.1
OG0020638	jg8471	AT4G39745.1
OG0020640	jg8523	AT4G38070.1
OG0020641	jg8784	AT4G35640.1
OG0020643	jg9159	AT4G32342.2
OG0020644	jg9290	AT4G31070.1
OG0020645	jg9356	AT4G30540.1
OG0020646	jg9760	AT4G26910.1
OG0020647	jg9803	AT4G26485.1
OG0020649	jg9843	AT2G04062.1
OG0020650	jg9866	AT4G25930.1
OG0020651	jg9894	AT4G25710.1
OG0020652	jg9972	AT4G25020.1
OG0020653	jg9990	AT4G24810.2
OG0020654	jg10101	AT4G23882.1
OG0020655	jg10139	AT1G65342.1
OG0020657	jg10573	AT4G19970.1
OG0020659	jg10860	AT4G17565.1
OG0020660	jg10932	AT4G16810.1
OG0020661	jg10953	AT4G16680.2
OG0020662	jg11123, jg11122	AT4G15750.1
OG0020663	jg11168	AT4G15460.1
OG0020664	jg11255	AT4G14850.1
OG0020665	jg11257	AT4G14830.1
OG0020666	jg11400	AT4G13985.1
OG0020667	jg11449	AT4G13660.1
OG0020668	jg11598	AT4G13100.2
OG0020669	jg11709	AT4G12680.1
OG0020670	jg11842	AT5G32460.1
OG0020671	jg12204	AT5G37530.1
OG0020672	jg12371	AT5G38400.1
OG0020673	jg12422	AT5G38800.1
OG0020674	jg12429	AT5G38860.1
OG0020676	jg12567	AT5G39880.1
OG0020677	jg12643	AT5G40350.1
OG0020678	jg12846	AT5G41980.1
OG0020682	jg20806	AT5G43930.4
OG0020683	jg21655	AT5G50030.1
OG0020686	jg21857	AT5G51790.3
OG0020687	jg21944	AT5G52490.1
OG0020688	jg22002	AT1G49360.1
OG0020689	jg22130	AT5G53710.2
OG0020690	jg22137	AT5G53780.1
OG0020691	jg22143	AT5G53810.1
OG0020692	jg22186	AT5G54070.1
OG0020693	jg22318	AT5G54920.2
OG0020694	jg22384	AT5G55507.1
OG0020696	jg22623	AT5G57260.1
OG0020697	jg22636	AT5G57360.2
OG0020698	jg22642	AT5G57400.2
OG0020699	jg22691	AT5G57887.1
OG0020700	jg22987	AT5G60470.2
OG0020701	jg23329	AT5G63560.1
OG0020702	jg23527	AT5G65180.1
OG0020704	jg23604	AT5G65830.1
OG0020705	jg23733	AT5G66595.1
OG0020706	jg23799	AT5G65970.1
OG0020707	jg311	AT4G06598.1
OG0020814	jg28439	AT1G01810.1
OG0020815	jg28486	AT1G01410.1
OG0020817	jg28948	AT1G06000.1
OG0020818	jg32634, jg29044	AT1G48690.1
OG0020819	jg29171, jg3393, jg22597	AT3G55513.1
OG0020820	jg29402	AT1G10225.1
OG0020821	jg29447	AT1G10540.1
OG0020822	jg29519	AT1G11100.4
OG0020823	jg29520	AT1G11110.1
OG0020824	jg29640	AT1G11980.1
OG0020826	jg29841	AT1G13755.1
OG0020827	jg29936	AT1G14550.1
OG0020828	jg30214	AT1G16905.1
OG0020829	jg30217	AT1G16940.1
OG0020833	jg30785	AT1G22240.1
OG0020834	jg30804	AT1G22420.1
OG0020835	jg30945	AT1G23760.1
OG0020836	jg30988	AT1G24147.1
OG0020839	jg31187	AT1G25310.1
OG0020841	jg31451	AT1G29270.1
OG0020845	jg31901	AT1G32480.1
OG0020848	jg18512, jg11205, jg27788, jg32283	AT3G26235.1
OG0020849	jg32485	AT1G43000.2
OG0020851	jg32624	AT1G44542.1
OG0020853	jg32710, jg27411, jg23581, jg32708, jg20069	AT2G10955.1
OG0020854	jg32986	AT1G48980.1
OG0020855	jg33014	AT1G49160.5
OG0020856	jg33102	AT1G49760.1
OG0020857	jg33237	AT1G51030.1, AT1G51010.1, AT1G51020.1
OG0020858	jg33399	AT1G52191.1
OG0020859	jg33508	AT1G53060.1
OG0020860	jg33550	AT1G53420.1
OG0020861	jg33618	AT1G53880.1
OG0020862	jg33700	AT1G55450.2
OG0020863	jg33776	AT1G55930.1
OG0020864	jg33778	AT1G55940.2
OG0020865	jg33811	AT1G56150.1
OG0020866	jg33813	AT1G56170.1
OG0020867	jg641	AT1G62690.1
OG0020870	jg772	AT1G61750.1
OG0020871	jg829	AT1G61370.1
OG0020872	jg830	AT1G61360.1
OG0020873	jg873	AT1G61030.1
OG0020874	jg3421, jg904	AT1G77525.1
OG0020875	jg946	AT1G60530.1
OG0020876	jg1159, jg1157	AT1G58330.1
OG0020877	jg1358	AT1G56620.1
OG0020879	jg1414	AT1G56418.2
OG0020880	jg1462	AT1G55010.1
OG0020881	jg1503	AT1G54820.1
OG0020882	jg1531	AT1G54575.2
OG0020884	jg11703, jg7031, jg1562, jg17031	AT5G28560.1
OG0020885	jg2011, jg2012	AT1G65845.1
OG0020886	jg2046	AT1G66090.1
OG0020887	jg2181	AT1G66860.1
OG0020888	jg2402	AT1G68380.1
OG0020889	jg2538	AT1G69526.2
OG0020890	jg2634	AT1G70220.1
OG0020891	jg2645	AT1G70340.1
OG0020892	jg2694	AT1G70800.1
OG0020893	jg2758, jg25349	AT3G13630.1
OG0020894	jg2874	AT1G72410.1
OG0020895	jg2947	AT1G73066.1
OG0020896	jg3029	AT1G73870.1
OG0020897	jg3265	AT1G76100.2
OG0020898	jg3289	AT1G76290.1
OG0020899	jg3466	AT1G77932.1
OG0020900	jg3503	AT1G78270.1
OG0020901	jg3548	AT1G78670.1
OG0020903	jg3747	AT1G80230.1
OG0020904	jg3753	AT1G80165.1
OG0020905	jg3764	AT1G80060.1
OG0020906	jg3796	AT1G79740.1
OG0020907	jg23921	AT3G01730.1
OG0020908	jg23939	AT3G01560.1
OG0020909	jg24115	AT3G02900.2
OG0020913	jg24444	AT3G05430.1
OG0020914	jg24494	AT3G05741.1
OG0020915	jg24729	AT3G07710.1
OG0020916	jg24749	AT3G07920.1
OG0020917	jg24867	AT3G09405.1
OG0020918	jg24924	AT3G09940.1
OG0020919	jg24931	AT3G10000.1
OG0020921	jg25333	AT3G13500.1
OG0020922	jg25357	AT3G13674.1
OG0020924	jg25434	AT3G14225.1
OG0020925	jg25462	AT3G14520.1, AT3G14540.1, AT1G31950.3
OG0020926	jg25479	AT3G14620.1
OG0020927	jg25621	AT3G15770.1
OG0020928	jg25627	AT3G15830.1
OG0020929	jg25655	AT3G16110.1
OG0020933	jg26094	AT3G19520.3
OG0020934	jg26245	AT3G20760.1
OG0020935	jg26328	AT3G21370.1
OG0020936	jg26331	AT3G21390.2
OG0020937	jg26356	AT3G21590.3
OG0020939	jg26516	AT3G22810.1
OG0020940	jg26596, jg26781	AT3G20400.1
OG0020941	jg26804	AT3G17265.1, AT3G24700.2
OG0020942	jg26835	AT3G25013.1
OG0020942	jg26932	AT3G24890.2
OG0020943	jg27087	AT1G48530.1
OG0020944	jg27555, jg27559	AT2G15260.1
OG0020945	jg4358	AT5G06010.1
OG0020946	jg27646	AT2G16050.1
OG0020947	jg27649	AT2G16090.1
OG0020948	jg27860, jg27859	AT2G17310.1
OG0020949	jg27995	AT2G18340.1
OG0020950	jg28094	AT2G19120.1
OG0020951	jg28292	AT2G20700.1
OG0020952	jg28300	AT2G20770.1
OG0020953	jg16511	AT2G21080.1
OG0020954	jg16560	AT2G21430.1
OG0020956	jg16611	AT5G44220.1
OG0020957	jg16663	AT2G22345.1, AT2G14365.1
OG0020958	jg16697	AT2G22690.1
OG0020961	jg23241, jg16901, jg23240	AT5G62860.1
OG0020962	jg23513, jg22328, jg19894, jg17223	AT3G44755.1
OG0020964	jg17705	AT2G27750.1
OG0020965	jg17730	AT2G27940.1
OG0020966	jg17865	AT2G28850.1, AT2G28860.1
OG0020967	jg15233	AT3G53060.1
OG0020967	jg16055, jg17930	AT3G60020.1
OG0020968	jg17969	AT2G29525.1
OG0020969	jg18203	AT2G31425.1
OG0020971	jg18384	AT2G33010.1
OG0020972	jg18424	AT2G33270.1
OG0020973	jg18448	AT2G33500.1
OG0020974	jg18636	AT2G35170.1
OG0020975	jg18696	AT2G35640.1
OG0020976	jg18770	AT2G36355.1
OG0020977	jg18861	AT2G37160.2
OG0020978	jg19129	AT2G39250.1
OG0020979	jg19131	AT2G39230.1
OG0020980	jg19322	AT2G40580.1
OG0020981	jg19346	AT2G40790.1
OG0020982	jg19372	AT2G40960.1
OG0020983	jg19513	AT2G42140.1
OG0020984	jg19805	AT2G44490.1
OG0020985	jg19957	AT5G28310.1, AT2G45630.2
OG0020986	jg20202	AT2G47870.1
OG0020987	jg20222	AT2G48075.1
OG0020988	jg13001	AT2G01920.1
OG0020989	jg13122	AT2G03250.1
OG0020993	jg13768	AT3G29330.2
OG0020995	jg14019	AT3G43430.1
OG0020996	jg14042	AT3G43700.1
OG0020997	jg14147	AT3G44326.1
OG0020998	jg14211	AT3G44760.1
OG0020999	jg14229	AT5G35210.1
OG0021000	jg14238	AT3G44850.1
OG0021001	jg14296	AT3G45290.1
OG0021002	jg14332	AT3G45590.1, AT3G45577.1
OG0021003	jg14391	AT3G46110.1
OG0021004	jg14488	AT3G46920.2
OG0021005	jg14525	AT1G28335.1
OG0021006	jg14564	AT3G47600.1
OG0021008	jg14758	AT3G49190.1
OG0021010	jg14830	AT3G49730.1
OG0021011	jg15043	AT3G51570.1
OG0021012	jg15171	AT3G52525.1
OG0021013	jg15237	AT3G53070.1
OG0021014	jg15256	AT3G53240.2
OG0021015	jg15491	AT3G55515.1
OG0021016	jg15497	AT3G55570.1
OG0021017	jg15541, jg15516	AT3G55860.1
OG0021018	jg15849	AT3G58260.1
OG0021019	jg15853	AT3G58290.1
OG0021020	jg15921	AT3G58900.4
OG0021021	jg16025	AT3G59790.1
OG0021022	jg16076	AT3G60210.1
OG0021023	jg16152	AT3G61040.1
OG0021024	jg16373	AT3G63040.1
OG0021025	jg3804	AT5G01015.1
OG0021026	jg3987	AT5G02510.2
OG0021028	jg4346	AT5G05910.1
OG0021029	jg4381	AT5G06200.1
OG0021030	jg4558, jg4563	AT5G07260.1
OG0021031	jg4600, jg4595	AT5G07570.1
OG0021031	jg4601	AT5G07572.1
OG0021032	jg4684	AT5G08360.1
OG0021033	jg4691	AT5G08410.2
OG0021035	jg4744	AT5G09290.1
OG0021036	jg4772	AT5G09560.1
OG0021037	jg4777	AT5G09610.1
OG0021038	jg4811	AT5G09910.1
OG0021039	jg4824	AT5G10000.1
OG0021041	jg4891, jg4889	AT5G10590.1
OG0021042	jg5242	AT5G14270.2
OG0021043	jg5313	AT5G14920.1
OG0021045	jg5492, jg5494	AT2G22960.1
OG0021047	jg5606	AT5G17720.1
OG0021048	jg5608	AT5G17730.1
OG0021049	jg5783	AT5G19230.1, AT5G19240.1
OG0021050	jg5908	AT5G20440.1
OG0021051	jg6029	AT5G22200.1
OG0021052	jg6365	AT5G24910.1
OG0021053	jg6481, jg6484	AT5G25910.1
OG0021054	jg6773	AT5G28220.1
OG0021055	jg7105, jg7128, jg7133	AT4G08590.1
OG0021056	jg7201	AT4G08910.1
OG0021057	jg7303	AT4G09840.1
OG0021058	jg7478	AT4G08640.1
OG0021060	jg7638	AT4G12350.1
OG0021061	jg7664, jg7662, jg7663	AT4G05620.1
OG0021062	jg7748	AT4G04930.1
OG0021063	jg7793	AT4G05260.1
OG0021064	jg7796	AT4G05310.1
OG0021065	jg7997	AT4G02200.3
OG0021066	jg8115	AT4G01160.2
OG0021067	jg8155	AT4G00870.1
OG0021068	jg8177	AT4G00630.2
OG0021070	jg8319	AT4G38550.2
OG0021071	jg8707	AT4G36230.1
OG0021072	jg8790	AT4G35580.2
OG0021073	jg9224	AT4G31760.1
OG0021074	jg9313, jg9413	AT4G30040.1
OG0021075	jg9572	AT4G28580.1
OG0021076	jg9576	AT4G28556.1
OG0021078	jg9784	AT4G26660.1
OG0021079	jg9876	AT4G25845.1
OG0021081	jg10128	AT4G23670.1
OG0021082	jg10221	AT4G23040.1
OG0021084	jg10556	AT4G20100.1
OG0021085	jg10799	AT4G18080.1
OG0021088	jg11379	AT4G14120.1
OG0021090	jg11574	AT4G13195.1
OG0021091	jg11634	AT4G13000.1
OG0021092	jg11710	AT4G12690.1
OG0021094	jg12053	AT5G36770.1, AT5G36680.1
OG0021095	jg12192, jg12195, jg12196	AT5G37473.1
OG0021096	jg12418	AT5G38760.1
OG0021099	jg20317	AT5G47260.1
OG0021100	jg20439	AT5G46300.1
OG0021101	jg20590	AT5G45200.1
OG0021104	jg20626	AT5G45000.1
OG0021105	jg20643	AT5G44910.1
OG0021106	jg20644	AT5G44900.1
OG0021107	jg20779	AT5G44140.1
OG0021108	jg20819	AT5G43840.1
OG0021109	jg20857	AT5G43520.1
OG0021110	jg21063	AT5G42610.1
OG0021111	jg21140	AT5G42242.1
OG0021112	jg21345	AT5G48130.1
OG0021113	jg21563	AT5G49310.1
OG0021114	jg21618	AT5G49710.3
OG0021115	jg21628	AT5G49800.1
OG0021116	jg21653	AT5G50010.1
OG0021117	jg21709	AT5G50400.1
OG0021118	jg21907	AT5G52155.1
OG0021119	jg21924	AT5G52310.1
OG0021120	jg21973	AT5G52690.1, AT5G52680.1
OG0021121	jg22059	AT5G53380.1
OG0021122	jg22228, jg22230	AT5G54360.1, AT5G54350.1
OG0021123	jg22327	AT5G55040.1
OG0021124	jg22343	AT5G55170.1
OG0021126	jg22510	AT5G56400.1
OG0021127	jg22700	AT5G57970.1
OG0021128	jg22841	AT5G59170.1
OG0021129	jg22891	AT5G59570.1
OG0021130	jg23064	AT5G61200.3
OG0021131	jg23075	AT5G61300.1
OG0021132	jg23158	AT5G62080.1
OG0021133	jg23193	AT5G62400.1
OG0021134	jg23200	AT5G62480.1
OG0021135	jg23499	AT5G64910.2
OG0021137	jg23627	AT5G67510.1
OG0021138	jg151	AT2G07724.1
OG0021138	jg152	AT2G07815.1
OG0021139	jg207	ATCG00020.1
OG0021140	jg243	AT2G07629.1
OG0021275	jg28494	AT1G01340.2
OG0021276	jg28572	AT1G02650.1
OG0021277	jg28696	AT1G03800.1
OG0021278	jg28751	AT1G04350.1
OG0021279	jg28878	AT1G06810.1, AT1G05400.1
OG0021280	jg28921	AT1G05740.1
OG0021281	jg28964	AT1G06150.2
OG0021282	jg29186	AT1G08250.1
OG0021284	jg29661	AT1G12180.1
OG0021285	jg29855	AT1G13860.1
OG0021286	jg30222	AT1G17010.1
OG0021288	jg30376	AT1G18530.1
OG0021289	jg30402	AT2G29840.1, AT1G18780.1
OG0021290	jg30591	AT1G19060.1
OG0021292	jg30734	AT1G21810.1
OG0021297	jg31624	AT1G30660.1
OG0021298	jg31625	AT1G30670.1
OG0021301	jg32080	AT2G20465.1
OG0021301	jg6948	AT4G08028.1
OG0021302	jg32091	AT1G34140.1
OG0021304	jg32450, jg32463, jg2659	AT2G05645.1
OG0021305	jg32558	AT1G43800.1
OG0021306	jg32559	AT1G43810.1
OG0021308	jg32744	AT1G47220.1
OG0021309	jg32876	AT1G48010.1
OG0021310	jg32978	AT1G48940.1
OG0021313	jg33157	AT1G50260.1
OG0021314	jg33163	AT1G50270.1
OG0021316	jg33810	AT1G55950.1, AT2G01370.1
OG0021317	jg397	AT1G64360.1
OG0021319	jg420	AT1G64235.1
OG0021320	jg427	AT1G64170.1
OG0021321	jg467	AT1G63950.2
OG0021322	jg556	AT1G63210.1
OG0021323	jg577	AT1G63105.1
OG0021324	jg708	AT1G62225.1
OG0021327	jg1136	AT1G58450.1
OG0021330	jg1465	AT1G54980.1
OG0021331	jg20699, jg1471	AT5G48780.1
OG0021335	jg2040	AT1G66000.1, AT1G66060.1
OG0021336	jg2276	AT1G67460.1
OG0021338	jg3108	AT1G74550.1
OG0021339	jg3290	AT1G76300.1
OG0021340	jg3773	AT1G79970.1
OG0021341	jg24449	AT3G05460.1
OG0021343	jg24519	AT3G05935.2
OG0021344	jg24586, jg24587	AT3G06460.1
OG0021345	jg24602	AT3G06570.1
OG0021346	jg24647	AT3G06970.1
OG0021347	jg25674	AT3G17717.1
OG0021348	jg25728	AT3G16590.1
OG0021349	jg25830	AT3G17320.1
OG0021350	jg26136	AT3G19890.1
OG0021351	jg26522	AT3G22860.1
OG0021352	jg26567	AT3G23190.1
OG0021353	jg26643	AT3G23800.1
OG0021354	jg4887, jg26657, jg23299	AT2G24945.1, AT4G36925.2, AT3G26800.1
OG0021355	jg26762	AT3G24506.1
OG0021359	jg26947	AT2G04425.1
OG0021360	jg27025	AT2G05060.1
OG0021361	jg27055	AT2G05430.1
OG0021363	jg27073	AT2G05540.1
OG0021364	jg27100	AT2G05810.1
OG0021368	jg27793	AT2G16960.1
OG0021369	jg28110, jg28109	AT2G19220.1
OG0021370	jg28121	AT2G19380.1
OG0021372	jg28231	AT2G20208.1
OG0021373	jg16535	AT2G21235.1
OG0021373	jg16940	AT2G24340.1
OG0021374	jg16585	AT2G21690.1
OG0021376	jg16857	AT2G23960.1
OG0021377	jg16975	AT2G24696.1
OG0021378	jg17220	AT4G29654.1
OG0021380	jg17396	AT2G26380.1
OG0021383	jg18153	AT2G31020.1
OG0021385	jg18425	AT2G33280.1
OG0021389	jg18729	AT2G35950.2
OG0021390	jg18969, jg19130	AT2G39240.1
OG0021392	jg19203	AT2G39790.1
OG0021394	jg19269, jg20127	AT2G46840.1
OG0021396	jg19342	AT2G40745.1
OG0021397	jg19487	AT2G41910.1
OG0021398	jg19556	AT2G42465.1
OG0021400	jg19990	AT2G45920.1
OG0021401	jg20146	AT2G47340.1
OG0021402	jg20215	AT2G48000.1
OG0021404	jg13540	AT3G27831.1, AT3G27835.1
OG0021405	jg13589	AT3G28230.2
OG0021406	jg13782	AT3G29370.1
OG0021407	jg14216	AT2G36255.1
OG0021408	jg14236	AT3G44830.1
OG0021409	jg15558, jg14337, jg14370	AT3G45910.1
OG0021410	jg14438	AT3G46570.1
OG0021412	jg14516	AT3G47190.1
OG0021416	jg15004	AT3G51200.1
OG0021417	jg15110	AT3G52020.1
OG0021418	jg15390	AT3G54570.1
OG0021419	jg15494	AT3G55540.1
OG0021420	jg15528, jg11034, jg15526, jg15553	AT3G55910.1
OG0021421	jg15542	AT3G55870.3
OG0021424	jg15864	AT3G58380.1
OG0021425	jg15866	AT3G58420.1
OG0021426	jg15869	AT3G58430.1
OG0021427	jg15933, jg15936	AT1G19070.1
OG0021428	jg16004	AT3G59570.3
OG0021429	jg16054	AT3G60010.1
OG0021432	jg16163	AT3G61120.1
OG0021433	jg16205	AT3G61500.2
OG0021434	jg16319	AT3G62460.1
OG0021435	jg16440	AT3G63450.3
OG0021436	jg16444	AT3G63480.1
OG0021437	jg3847	AT5G01680.1
OG0021438	jg3946	AT5G02150.1
OG0021440	jg4067	AT5G03350.1
OG0021441	jg4104	AT5G03600.2
OG0021442	jg4140, jg4139	AT5G03930.1
OG0021443	jg4168	AT5G04210.1
OG0021444	jg4185	AT5G04347.2
OG0021445	jg4596	AT5G07530.1
OG0021446	jg4637	AT5G07970.1
OG0021448	jg5247	AT5G14300.1
OG0021452	jg5610	AT3G29800.1
OG0021453	jg6071	AT5G22555.1
OG0021454	jg6196	AT2G02290.1, AT5G23470.1
OG0021455	jg6300	AT5G24370.1
OG0021457	jg6426	AT5G25425.1
OG0021458	jg6708	AT5G27940.1
OG0021461	jg7273	AT4G09630.1
OG0021462	jg7294, jg7293	AT4G09780.1, AT4G09770.4
OG0021463	jg7333	AT4G09990.1
OG0021464	jg7575	AT4G11760.1
OG0021465	jg7646	AT4G12430.1
OG0021466	jg7820	AT4G03635.1
OG0021467	jg7934	AT4G03380.1
OG0021469	jg8065	AT4G01735.1
OG0021470	jg8164	AT4G00760.1
OG0021472	jg8320	AT4G38560.2
OG0021473	jg8349	AT4G38825.1
OG0021474	jg8355	AT4G38880.1
OG0021475	jg8473	AT4G39760.1
OG0021477	jg8602	AT4G37310.1
OG0021478	jg9007	AT4G33660.1
OG0021479	jg9090	AT4G32970.1
OG0021481	jg9724	AT4G27300.1
OG0021483	jg9913	AT4G25530.1
OG0021485	jg10013	AT4G24650.1
OG0021486	jg10091	AT4G23960.2
OG0021487	jg10310	AT4G22230.1, AT4G22212.1, AT4G22210.2, AT4G22235.1
OG0021490	jg10442	AT4G21230.1
OG0021491	jg10629	AT4G19530.2
OG0021493	jg10827	AT4G17850.1
OG0021494	jg10904	AT4G17160.1
OG0021496	jg11184, jg11273	AT4G15310.1
OG0021497	jg11249, jg11250	AT4G14900.1
OG0021498	jg11318	AT4G14490.1
OG0021499	jg11387, jg11584, jg11924	AT5G35338.2
OG0021500	jg11563	AT4G13240.1
OG0021503	jg12284	AT5G37980.1
OG0021503	jg12293	AT5G37940.1, AT5G38000.1
OG0021505	jg12364	AT5G38396.1, AT5G38392.1
OG0021506	jg12483	AT5G39230.1
OG0021507	jg12609	AT5G40050.1
OG0021508	jg12703	AT5G40830.1
OG0021509	jg12784	AT5G41600.1
OG0021510	jg12858	AT5G42060.1
OG0021511	jg20380	AT5G46810.1, AT5G46820.1
OG0021512	jg20436	AT5G46320.1
OG0021513	jg20505	AT5G45770.1
OG0021514	jg20520	AT5G45640.1
OG0021517	jg20693	AT5G44575.1
OG0021520	jg21183	AT5G42190.1
OG0021521	jg21185	AT5G42170.1
OG0021522	jg21436	AT3G06895.1
OG0021525	jg21622	AT5G49750.1
OG0021526	jg21657	AT5G50060.1
OG0021527	jg21680	AT5G50250.1
OG0021528	jg21698	AT5G50345.1
OG0021529	jg21728	AT5G50580.2, AT5G50680.1
OG0021530	jg21835	AT5G51640.1
OG0021531	jg21849	AT5G51730.1
OG0021532	jg21904	AT5G52130.1
OG0021533	jg21906	AT5G52150.1
OG0021537	jg22560	AT5G56770.1
OG0021538	jg22823	AT5G58980.1
OG0021539	jg22850	AT5G59100.1
OG0021540	jg22874	AT5G59410.1
OG0021541	jg23052	AT5G61100.1
OG0021542	jg23076	AT5G61320.1
OG0021545	jg23351	AT5G63740.1
OG0021547	jg23757	AT5G66370.1
OG0021548	jg23796	AT5G66005.3
OG0021549	jg163	AT2G07741.1, AT2G07667.1
OG0021550	jg184	ATCG00430.1
OG0021551	jg244	AT2G07687.1
OG0021712	jg28497	AT1G01305.1
OG0021714	jg29288	AT1G09260.1
OG0021717	jg29728	AT1G12730.1
OG0021719	jg29904	AT1G14315.2
OG0021720	jg29923	AT1G14455.1
OG0021721	jg30284	AT1G17590.1
OG0021723	jg30470	AT1G19565.1
OG0021724	jg30515	AT1G19890.1
OG0021725	jg30686	AT1G21395.1
OG0021726	jg30750	AT1G21960.1
OG0021727	jg30829	AT1G22680.1
OG0021728	jg30857	AT1G22980.2
OG0021729	jg30901	AT1G23300.1
OG0021730	jg31039	AT1G27008.1
OG0021731	jg31339	AT1G28180.1
OG0021733	jg31720	AT1G31140.2
OG0021734	jg31738	AT3G01010.1
OG0021736	jg31833	AT1G32030.1
OG0021738	jg31956	AT1G33040.1
OG0021739	jg6347, jg32033	AT1G33750.1
OG0021740	jg32125, jg32130	AT1G34490.1, AT1G34520.1
OG0021741	jg32144, jg17425, jg12029, jg21168, jg11754	AT2G06675.1
OG0021743	jg32220	AT1G35515.1
OG0021748	jg32740	AT1G47130.1
OG0021752	jg33430	AT1G52390.1
OG0021754	jg737, jg1895	AT1G62010.1
OG0021756	jg964, jg911	AT1G60400.1
OG0021757	jg959	AT1G60450.1
OG0021758	jg1018, jg1952	AT1G59835.1
OG0021759	jg1058	AT1G59724.1, AT1G59723.1
OG0021760	jg25377, jg1071	AT1G59680.2
OG0021761	jg13966	AT3G09130.1
OG0021761	jg1118	AT3G42786.1
OG0021764	jg1303	AT1G57690.1
OG0021765	jg1310	AT1G57670.1
OG0021767	jg1542	AT1G54510.1
OG0021771	jg2363	AT1G68050.1
OG0021772	jg2648	AT1G70400.3
OG0021774	jg2928	AT1G72870.1
OG0021775	jg3349	AT1G76870.1
OG0021776	jg23952	AT3G18535.1
OG0021781	jg24299	AT3G04210.1
OG0021782	jg25177	AT3G12190.1
OG0021785	jg25381	AT3G13820.1
OG0021787	jg25766	AT3G16880.1
OG0021788	jg25831	AT3G17330.1
OG0021789	jg25882	AT2G07120.1, AT3G18340.1, AT3G44130.1
OG0021791	jg27644	AT2G10965.1
OG0021791	jg26228	AT3G24517.1, AT2G05752.1
OG0021792	jg26256	AT3G20865.1
OG0021793	jg26374	AT3G21730.1
OG0021794	jg26387	AT3G21825.1
OG0021795	jg26426	AT3G22085.1
OG0021799	jg27427	AT2G14070.1
OG0021800	jg27475, jg7311	AT1G62160.1
OG0021801	jg27624, jg4357	AT5G06000.1
OG0021805	jg28063	AT2G18870.1
OG0021806	jg28080	AT2G18980.1
OG0021807	jg28111	AT2G19240.2
OG0021810	jg8907, jg16845, jg12341	AT4G16215.1
OG0021813	jg17096	AT2G25330.1
OG0021815	jg17183	AT2G25780.1
OG0021818	jg17374	AT2G26520.1
OG0021821	jg18625	AT2G35070.1, AT2G35090.1
OG0021823	jg18700	AT2G35670.1
OG0021827	jg19211	AT2G39820.1
OG0021828	jg19274	AT2G40240.1
OG0021829	jg19507	AT2G42170.1
OG0021830	jg19536	AT2G42340.1
OG0021831	jg19612	AT2G42885.1
OG0021832	jg19657	AT2G43261.1
OG0021833	jg19727	AT2G43795.2
OG0021834	jg13061	AT2G02515.1
OG0021835	jg13548	AT3G27910.1
OG0021836	jg13809, jg13813	AT3G29580.1
OG0021837	jg14006	AT3G43220.1
OG0021838	jg14274	AT3G45130.2
OG0021839	jg4290	AT2G16520.1
OG0021841	jg14375	AT3G45950.1
OG0021843	jg14653	AT3G48390.1
OG0021844	jg14752	AT3G49155.1
OG0021845	jg15213	AT1G77650.1
OG0021846	jg15412	AT3G54780.4
OG0021848	jg15848, jg15846	AT3G58250.1
OG0021850	jg15948	AT5G48750.1
OG0021851	jg3837	AT5G01780.2
OG0021852	jg4303	AT5G05470.1
OG0021853	jg4431	AT5G06520.1
OG0021855	jg4604	AT5G07600.1
OG0021856	jg4820	AT5G09978.1
OG0021857	jg4938	AT5G11080.2
OG0021858	jg5232	AT5G14160.1
OG0021860	jg6181	AT5G23330.1
OG0021861	jg6364	AT5G24900.1
OG0021862	jg6471	AT5G25850.1
OG0021864	jg6718	AT5G28000.1
OG0021865	jg6720	AT5G28010.1
OG0021871	jg6968	AT3G44935.1
OG0021873	jg7373	AT4G10290.1
OG0021876	jg7736	AT4G04840.1
OG0021878	jg7853	AT4G02735.1
OG0021881	jg7919	AT4G03230.1
OG0021888	jg20858, jg9464	AT1G34290.1
OG0021890	jg9714	AT4G27400.1
OG0021891	jg9854	AT4G26030.1
OG0021893	jg10048	AT5G28550.1
OG0021894	jg10210	AT4G23110.1
OG0021896	jg11173, jg10544	AT4G20240.1
OG0021897	jg10581	AT4G19905.1
OG0021899	jg10982	AT2G03020.1, AT4G16540.1
OG0021901	jg11371	AT4G14150.1
OG0021904	jg11612	AT4G13075.1
OG0021905	jg11648	AT4G12940.1
OG0021906	jg11650	AT4G12920.1
OG0021907	jg11712	AT4G12710.1
OG0021918	jg12618	AT5G40155.1
OG0021919	jg12690	AT5G40710.1
OG0021922	jg20611	AT5G45090.1
OG0021923	jg20642, jg20639	AT5G44920.1
OG0021924	jg20645	AT5G44870.1
OG0021925	jg20688	AT5G44585.1
OG0021926	jg20692	AT5G44578.1
OG0021929	jg21570	AT5G49390.1
OG0021930	jg21752	AT5G50940.1
OG0021932	jg21928	AT5G52350.1
OG0021933	jg21974	AT5G52700.1
OG0021935	jg22146	AT5G53840.1
OG0021936	jg22495	AT5G56369.1
OG0021938	jg22734	AT5G58280.2
OG0021941	jg23080	AT5G61360.1
OG0021943	jg23503	AT5G64950.1
OG0021945	jg130, jg284	AT2G07776.2
OG0021946	jg287, jg133	AT2G07674.2
OG0021947	jg144	ATCG00190.1
OG0021948	jg154	AT2G07727.1
OG0021949	jg172	AT2G07771.2
OG0021950	jg179	AT2G07696.1
OG0021951	jg249	AT1G65346.1, AT2G07705.1
OG0022160	jg28476, jg15710	AT3G56730.2
OG0022162	jg28562	AT1G02550.1
OG0022164	jg28943	AT1G05930.1
OG0022165	jg11925, jg29050, jg11518, jg10605	AT2G10450.1
OG0022166	jg29132	AT1G43665.1
OG0022167	jg29305	AT1G09410.1, AT2G27229.1
OG0022168	jg29329	AT1G09625.1
OG0022171	jg29656	AT1G12130.1
OG0022173	jg29823	AT1G13607.1
OG0022177	jg30493	AT1G19680.1
OG0022178	jg30607, jg30611, jg30612	AT1G20687.1
OG0022179	jg30696	AT1G21475.1
OG0022185	jg31486	AT1G29560.1
OG0022186	jg31494	AT1G29600.2
OG0022190	jg27481	AT2G14560.3
OG0022190	jg32046	AT1G33840.1
OG0022192	jg32209	AT3G29785.1
OG0022193	jg32226	AT1G35560.1
OG0022201	jg33110	AT1G49830.1
OG0022202	jg33206	AT1G50690.2
OG0022210	jg33539	AT2G26370.1
OG0022213	jg714	AT1G62210.1
OG0022216	jg780	AT1G61688.1
OG0022217	jg14858, jg19472, jg853	AT4G07965.1
OG0022218	jg855	AT1G61160.1
OG0022219	jg1292	AT1G57730.1
OG0022233	jg2274	AT1G67450.1
OG0022234	jg2321	AT1G67775.1
OG0022237	jg2804	AT1G71370.1, AT1G71280.1
OG0022238	jg2974	AT1G73330.1
OG0022239	jg2994	AT1G03106.1, AT1G49032.1
OG0022240	jg3000	AT1G73603.1, AT1G73607.1, AT1G49715.1
OG0022241	jg3060, jg20051	AT1G74088.2
OG0022244	jg3438	AT1G77682.1
OG0022247	jg24297	AT3G04200.1
OG0022248	jg24794, jg20353	AT3G09750.1
OG0022249	jg25141	AT2G18070.1
OG0022250	jg25209	AT3G12545.1
OG0022251	jg25247	AT3G12915.1
OG0022252	jg25461	AT3G14480.1
OG0022254	jg14289, jg25586	AT3G15440.1
OG0022255	jg25753	AT3G16820.1
OG0022257	jg26160	AT3G20130.1
OG0022259	jg26471	AT1G25097.1, AT1G24822.1, AT1G24996.1
OG0022261	jg26528	AT3G22920.1
OG0022265	jg27047	AT2G05335.1
OG0022268	jg27202	AT2G06983.1
OG0022269	jg27207, jg27210, jg10492, jg27208	AT1G35150.1
OG0022273	jg27542	AT2G15050.1
OG0022277	jg27743	AT3G43833.1
OG0022281	jg28218	AT2G20070.1
OG0022283	jg28311	AT4G00416.1
OG0022285	jg16817	AT2G23560.1
OG0022286	jg17070	AT2G25215.1
OG0022290	jg17670	AT2G27535.1
OG0022291	jg17738	AT2G27990.1
OG0022293	jg17959	AT2G29440.1
OG0022296	jg18302	AT2G32310.1
OG0022299	jg23033, jg21142, jg18838, jg19475, jg22356	AT5G18937.1
OG0022300	jg18842	AT2G37000.1
OG0022302	jg19082, jg19654	AT2G43255.2
OG0022303	jg19087	AT2G39030.1
OG0022307	jg19804	AT2G44480.3
OG0022310	jg20012	AT2G46130.1
OG0022312	jg12946	AT2G01560.1
OG0022313	jg13007	AT2G01960.1
OG0022315	jg13214	AT3G25570.1
OG0022317	jg13541	AT3G27840.1
OG0022320	jg13964	AT3G42725.1
OG0022321	jg13980	AT3G42800.1
OG0022326	jg14770	AT3G49307.1
OG0022329	jg15736, jg15733	AT3G57250.1
OG0022331	jg15825	AT3G58050.2
OG0022332	jg15925	AT3G58940.1
OG0022335	jg3820	AT5G01881.1
OG0022336	jg4049	AT5G03190.2
OG0022338	jg4103	AT5G03590.3
OG0022340	jg4407	AT5G05657.1, AT5G06330.1
OG0022342	jg4649, jg4625	AT5G07840.1
OG0022343	jg4661	AT5G08141.1
OG0022345	jg5006	AT5G11740.1
OG0022347	jg5466	AT5G16410.1
OG0022352	jg6964	AT4G07400.1
OG0022353	jg7225	AT4G09080.2
OG0022354	jg7325, jg7319	AT4G09930.1
OG0022355	jg7394	AT4G10470.1
OG0022356	jg7419	AT4G10670.1
OG0022365	jg9139	AT3G26470.1
OG0022366	jg9212	AT4G31875.1
OG0022369	jg9467	AT4G29640.1
OG0022370	jg9758	AT4G26930.1
OG0022373	jg10702	AT4G18870.1
OG0022374	jg10858	AT4G17580.1
OG0022375	jg10921	AT4G16990.12
OG0022379	jg11060	AT4G16080.1
OG0022380	jg11064	AT4G16045.1
OG0022381	jg11067, jg11071	AT4G16030.1
OG0022383	jg11220, jg23216	AT5G28190.1
OG0022386	jg11956	AT5G35610.1
OG0022387	jg12040	AT5G36240.1
OG0022390	jg12289, jg12294, jg12285	AT5G37970.1
OG0022391	jg12387	AT5G38550.1, AT5G38540.1
OG0022393	jg12590, jg12591	AT5G39700.1
OG0022394	jg12602, jg12598, jg12600	AT5G39920.1
OG0022400	jg20432	AT5G46360.1
OG0022401	jg20493	AT5G45870.1
OG0022403	jg20694	AT5G44574.1
OG0022404	jg21019	AT2G10535.1, AT4G09795.1
OG0022409	jg21658	AT5G50070.1
OG0022412	jg21717	AT5G50470.1
OG0022413	jg21970, jg21969	AT5G52655.1
OG0022415	jg22091, jg22115	AT5G53592.1
OG0022416	jg22227	AT5G54340.1
OG0022417	jg22296	AT5G54740.1
OG0022418	jg22494	AT5G56368.1
OG0022419	jg22677	AT5G57750.1
OG0022420	jg23053	AT5G61110.1
OG0022421	jg23568	AT5G65550.1
OG0022423	jg23731	AT5G66610.2
OG0022425	jg228	AT2G07641.1
OG0022719	jg28418	AT1G02030.1
OG0022720	jg28487	AT1G01400.1
OG0022721	jg28626	AT1G03103.1
OG0022722	jg28834	AT1G05030.1
OG0022725	jg29988, jg26818	AT1G15015.1
OG0022732	jg30939	AT1G23700.3
OG0022733	jg27189, jg30999, jg31001	AT1G24220.1
OG0022736	jg31114	AT5G36722.1, AT5G36810.1
OG0022742	jg31610	AT1G30530.1
OG0022744	jg31642	AT1G30780.1
OG0022745	jg31646	AT1G30795.1
OG0022748	jg31851	AT1G32140.1
OG0022751	jg32009	AT1G33600.1
OG0022754	jg32272	AT1G36070.1
OG0022756	jg32482	AT1G42980.1
OG0022764	jg33238, jg33239	AT1G51000.1
OG0022766	jg33364, jg17126	AT2G25480.2
OG0022767	jg33530	AT1G53260.1
OG0022769	jg33676	AT1G55175.1
OG0022770	jg33744	AT1G55700.1
OG0022772	jg711	AT1G62070.1
OG0022782	jg21211, jg26979, jg1813, jg1816	AT4G05632.1
OG0022785	jg2054	AT1G66145.1
OG0022787	jg17258, jg4177, jg2220	AT1G47265.1
OG0022791	jg3311	AT1G76480.2
OG0022793	jg24088	AT3G02677.1
OG0022796	jg24548	AT3G06160.2
OG0022798	jg24943	AT4G04985.1
OG0022799	jg25044	AT3G10974.1
OG0022800	jg25132	AT3G11773.2
OG0022803	jg26099	AT3G19565.1
OG0022805	jg26220	AT3G20610.1
OG0022809	jg26481	AT3G22500.1
OG0022813	jg12344, jg12345, jg27116, jg11827	AT1G43415.1
OG0022819	jg27723, jg6778, jg8892	AT4G03165.1
OG0022821	jg28165	AT2G19700.1
OG0022822	jg28189	AT2G19893.1
OG0022824	jg16525	AT2G21200.1
OG0022826	jg16730	AT2G22905.1
OG0022829	jg17105	AT2G25350.2
OG0022837	jg17756	AT3G27503.1, AT2G14282.1, AT2G25685.1
OG0022842	jg18292	AT2G32220.1
OG0022845	jg18411	AT2G30615.1, AT2G42955.1
OG0022849	jg19535	AT2G42330.1
OG0022851	jg19541	AT2G42370.1
OG0022852	jg19579	AT2G42640.1
OG0022853	jg19590	AT2G42730.1
OG0022854	jg19744	AT2G43960.1
OG0022856	jg19878	AT2G45100.1, AT1G30455.1
OG0022859	jg13108	AT2G03130.1
OG0022860	jg13159, jg13157	AT2G03560.1
OG0022861	jg13327	AT3G26390.1
OG0022862	jg14323, jg13421, jg20872	AT3G45500.1
OG0022871	jg14080	AT3G43910.1
OG0022873	jg14202	AT3G44690.1
OG0022874	jg14473	AT3G46860.1
OG0022878	jg14682	AT3G48675.1
OG0022879	jg14893	AT3G50300.1
OG0022882	jg15791	AT3G52530.1
OG0022886	jg16263	AT3G61990.1
OG0022887	jg16286, jg16287	AT3G62160.1
OG0022891	jg16428	AT3G63320.1
OG0022897	jg4613	AT5G07700.1
OG0022899	jg5434	AT5G16090.1
OG0022901	jg5909	AT5G20447.1
OG0022902	jg6453	AT4G21366.1
OG0022905	jg112, jg265, jg6865	AT2G07599.2
OG0022906	jg7157, jg7084	AT4G08450.1
OG0022907	jg7188	AT4G08870.1
OG0022908	jg7245	AT4G09250.1, AT4G09200.1, AT4G09310.1
OG0022909	jg7437, jg7436	AT3G10510.1
OG0022911	jg8086	AT4G01540.1, AT4G01520.1
OG0022913	jg9466	AT4G29650.1
OG0022914	jg9476	AT4G29570.1, AT4G29580.2
OG0022916	jg9656	AT4G27845.1
OG0022917	jg9819	AT4G26350.1
OG0022919	jg10582	AT4G19910.1
OG0022920	jg10588	AT5G35830.1, AT3G54070.1
OG0022921	jg10599	AT4G19820.1
OG0022922	jg10603	AT4G19740.1, AT4G19720.1
OG0022929	jg11405	AT4G13968.1
OG0022937	jg12300	AT5G38050.1
OG0022944	jg12669	AT5G40560.1
OG0022947	jg20310, jg20309	AT5G47350.1
OG0022950	jg20659	AT5G46025.1
OG0022952	jg20706	AT5G44510.1
OG0022964	jg22361	AT5G55330.1
OG0022965	jg22373, jg22374	AT5G55430.1
OG0022968	jg23049	AT5G61050.1
OG0022970	jg23573	AT5G66658.1, AT5G65609.1, AT5G67245.1
OG0022971	jg282, jg128	AT2G07713.1
OG0022975	jg155	AT2G07728.1
OG0022976	jg160, jg220	AT2G07777.1
OG0022979	jg199, jg257	AT2G07749.1
OG0022980	jg230	AT2G07708.1
OG0023475	jg28519	AT1G02490.1
OG0023478	jg28857	AT1G05220.1
OG0023479	jg28924	AT1G05780.1
OG0023489	jg30053	AT1G15680.1
OG0023492	jg30527	AT1G20000.1
OG0023494	jg30570, jg30565	AT2G05635.1
OG0023496	jg30694	AT1G21470.1
OG0023503	jg31129	AT1G26300.1
OG0023506	jg31358	AT1G28327.1
OG0023512	jg31781	AT1G31530.1
OG0023517	jg32060, jg32049	AT1G33870.1
OG0023524	jg32540	AT5G05113.1
OG0023526	jg32566	AT4G03175.1
OG0023527	jg32654	AT1G44895.1
OG0023529	jg32667	AT1G45015.1
OG0023536	jg33024	AT1G49250.1
OG0023537	jg33044, jg8042	AT5G66052.1
OG0023540	jg33224	AT1G50880.1
OG0023543	jg33311	AT1G51530.2
OG0023545	jg33361	AT1G51900.1
OG0023548	jg33707	AT1G55500.5
OG0023550	jg431	AT1G64130.1
OG0023553	jg752	AT1G61940.2
OG0023555	jg837	AT1G61280.1
OG0023558	jg953	AT1G49930.1
OG0023569	jg1420	AT1G56380.2
OG0023572	jg27479, jg1689, jg1735	AT5G49590.1
OG0023580	jg22205, jg2111	AT5G53740.1
OG0023582	jg2213	AT1G67025.1
OG0023584	jg2340	AT1G67860.1
OG0023585	jg2341	AT1G67865.1
OG0023586	jg2406	AT5G38750.1
OG0023587	jg2579	AT1G69828.1
OG0023588	jg2653	AT1G70450.1
OG0023589	jg2682	AT1G70680.1
OG0023592	jg3034	AT1G73910.3
OG0023598	jg3566	AT1G78840.1
OG0023599	jg3626	AT1G58265.1
OG0023600	jg23901	AT3G01890.1
OG0023603	jg24087	AT3G02670.1
OG0023609	jg24906	AT3G09790.1
OG0023610	jg25128	AT3G11745.1
OG0023615	jg25826	AT3G17280.1
OG0023621	jg26218	AT3G20590.1
OG0023623	jg26413	AT3G22000.1, AT4G20680.1
OG0023628	jg26734	AT3G12840.1
OG0023636	jg27543	AT2G15080.1
OG0023637	jg27547	AT2G15170.1
OG0023638	jg27564	AT2G15340.1
OG0023642	jg27784, jg27800, jg27767	AT4G08874.2
OG0023643	jg27806	AT2G17036.1
OG0023648	jg28318	AT2G20850.1
OG0023649	jg16744, jg10470	AT2G14700.1
OG0023652	jg16823	AT2G23570.1
OG0023653	jg16902	AT2G24255.1
OG0023656	jg17263	AT2G26160.1
OG0023665	jg17543	AT2G26950.1
OG0023670	jg18175	AT2G31215.1
OG0023672	jg18248	AT2G31850.1
OG0023684	jg19399	AT2G41225.1
OG0023685	jg19449	AT2G41650.1
OG0023686	jg19467	AT2G41780.1
OG0023688	jg19617	AT2G42930.1
OG0023690	jg12107, jg19707	AT2G43660.2
OG0023691	jg19754	AT2G44070.1
OG0023704	jg13598	AT3G28320.1
OG0023708	jg14021	AT3G43440.1
OG0023710	jg14116	AT3G48640.1
OG0023711	jg14135	AT3G44230.1
OG0023712	jg14136	AT3G44235.1
OG0023714	jg14317	AT3G45490.1
OG0023715	jg14379	AT3G45990.1
OG0023717	jg14678	AT3G48600.2
OG0023719	jg14835	AT3G49770.1
OG0023723	jg16213	AT3G61571.1
OG0023724	jg3876, jg3872	AT5G01445.1
OG0023725	jg4000	AT5G02630.1
OG0023726	jg4138	AT5G03920.1
OG0023730	jg4735	AT5G09210.1
OG0023733	jg5101	AT5G12910.1
OG0023734	jg5328	AT5G15060.1
OG0023737	jg5679	AT5G18340.1
OG0023739	jg5921	AT5G20560.1
OG0023740	jg6110	AT1G49940.1
OG0023744	jg6191	AT5G23405.1
OG0023745	jg6199	AT5G23510.2
OG0023756	jg7210	AT5G05400.1
OG0023758	jg7288	AT4G20735.1
OG0023760	jg7520	AT4G11485.1
OG0023761	jg7676	AT4G05523.1
OG0023762	jg7765	AT4G03505.1
OG0023765	jg8361	AT4G38930.2
OG0023767	jg8399	AT4G39290.1
OG0023776	jg9759	AT4G26920.1
OG0023777	jg10213	AT4G23090.2
OG0023778	jg10455	AT4G21130.1
OG0023780	jg10703	AT4G18860.1
OG0023781	jg10989	AT1G47915.1
OG0023783	jg11314	AT4G14530.1
OG0023786	jg11476	AT4G07380.1, AT2G11815.1
OG0023787	jg11536	AT4G13320.1
OG0023789	jg11658	AT4G12850.1
OG0023795	jg12131	AT5G48205.1
OG0023796	jg12137	AT1G35500.1, AT1G35614.1
OG0023798	jg12212	AT1G65483.1
OG0023801	jg12400	AT1G53480.1, AT5G03090.1
OG0023803	jg12471	AT5G39090.1
OG0023811	jg20438	AT5G46310.1
OG0023814	jg20473	AT5G46010.1
OG0023816	jg20748	AT5G44345.1
OG0023817	jg20761	AT1G34315.1
OG0023827	jg21968	AT5G52650.1
OG0023828	jg21975	AT5G52710.2
OG0023832	jg22243	AT5G54410.1
OG0023834	jg22724, jg22723	AT5G58180.1
OG0023836	jg23277	AT5G63087.1
OG0023838	jg281, jg127	AT2G07714.1
OG0023841	jg193	AT2G07827.2
OG0024814	jg28581	AT1G02710.1
OG0024825	jg30002	AT1G15165.1
OG0024839	jg31002	AT1G24230.1
OG0024855	jg32050	AT1G33880.1
OG0024879	jg32642, jg17232	AT2G06555.1
OG0024889	jg33273	AT1G51300.2
OG0024936	jg2225	AT5G26970.1
OG0024944	jg2836	AT1G72080.1
OG0024945	jg3118	AT1G74675.1
OG0024983	jg26414	AT3G22010.1
OG0025025	jg28266	AT2G20463.1
OG0025027	jg16506	AT2G21040.1, AT2G21010.1
OG0025029	jg16562	AT2G21455.1
OG0025031	jg16757	AT2G23100.1
OG0025035	jg17247	AT4G06639.1
OG0025071	jg20018	AT2G46190.1
OG0025073	jg20133	AT2G47245.1
OG0025105	jg23265, jg14214	AT5G63020.1
OG0025110	jg14509	AT3G47140.1
OG0025114	jg14751	AT3G49150.1
OG0025122	jg15556	AT3G55935.1, AT3G56790.1
OG0025123	jg15635	AT3G56670.1
OG0025126	jg15842	AT3G58220.2
OG0025170	jg7346, jg23246	AT3G26616.1
OG0025177	jg7658	AT4G12555.1, AT4G12543.1
OG0025179	jg7757	AT1G11520.1
OG0025182	jg7857	AT4G14104.1
OG0025218	jg11624	AT1G35895.1
OG0025222	jg11756	AT5G35688.2
OG0025229	jg12123	AT3G43260.1
OG0025234	jg12630	AT4G08876.1
OG0025242	jg20770	AT4G08545.1
OG0025259	jg21832	AT5G51610.1
OG0025260	jg21840	AT5G51650.1
OG0025274	jg22903	AT3G45920.1
OG0025280	jg268, jg115	AT2G07721.1
OG0025281	jg121, jg275	ATMG00650.1
OG0025284	jg283, jg129	AT2G07643.1
OG0025286	jg292, jg138	AT2G07623.1
OG0025288	jg156	AT2G07820.1
OG0025289	jg157	AT2G07656.1
OG0025291	jg166	AT2G07772.1
OG0025292	jg194	AT2G07658.1
OG0025293	jg195	AT2G07806.2
OG0025295	jg263	AT2G07798.1
OG0027215	jg29509	AT1G10990.2
OG0027243	jg31540	AT1G29970.2
OG0027249	jg31847	AT5G25000.1
OG0027304	jg33235	AT1G50970.1
OG0027314	jg33693	AT1G55335.1
OG0027331	jg896	AT4G04601.1
OG0027379	jg2273	AT1G67455.1
OG0027399	jg3346	AT1G76840.1
OG0027427	jg24701	AT3G07460.2
OG0027450	jg26415	AT4G20703.1
OG0027462	jg26799	AT3G24640.1
OG0027486	jg27871	AT1G14453.1
OG0027569	jg19867	AT2G44993.1
OG0027589	jg13561	AT3G28020.1
OG0027653	jg3969	AT2G13905.1
OG0027713	jg8723	AT4G36105.2
OG0027727	jg10269	AT4G22630.1
OG0027742	jg11065	AT4G16040.2
OG0027749	jg11425	AT4G13860.1
OG0027780	jg12718	AT1G53970.1
OG0027784	jg20315	AT5G47290.1
OG0027805	jg21531	AT5G49140.1
OG0027850	jg181	AT2G07669.1
OG0027853	jg211	AT2G07692.1
OG0027859	jg250	AT2G07706.1
OG0027860	jg252	AT2G07702.1
